{"type":"FeatureCollection","name":"bairros-maringa-prefeitura-dissolvidos","features":[{"type":"Feature","properties":{"NOME":"Centro Cívico de Maringá","ZONA":38,"COD_BAIRRO_GEO":139,"LT_NOMEFANT":" "},"geometry":{"type":"Polygon","coordinates":[[[-51.908082270830384,-23.444016838827032],[-51.90854053291537,-23.444764579543182],[-51.90871254860392,-23.445034605025267],[-51.909025147579754,-23.444861627066302],[-51.909037220288305,-23.444880862976614],[-51.909190123803334,-23.445124496172625],[-51.90975889980623,-23.446030246949256],[-51.9105885524225,-23.447357460627728],[-51.91060510074646,-23.447350611632277],[-51.910649651970225,-23.44733217356052],[-51.91078644261039,-23.4472715020594],[-51.91187408341249,-23.446769252192887],[-51.91200488196301,-23.44670704938969],[-51.912549469088844,-23.446456842997357],[-51.91266036785968,-23.44640589084908],[-51.91276736502597,-23.446356731744245],[-51.91286185831717,-23.44631331699303],[-51.91259409020153,-23.445912264289216],[-51.91246084433146,-23.445698665397078],[-51.912144517685896,-23.445197709332742],[-51.91177679251129,-23.44460432967914],[-51.91153570096752,-23.444251597314338],[-51.91117244421402,-23.443649086427545],[-51.91086029077979,-23.443150970729196],[-51.910508425821156,-23.4426024228263],[-51.910299062465874,-23.44226557410576],[-51.91031150429654,-23.442213243300905],[-51.9103678915354,-23.442002002771],[-51.91038296945077,-23.441945515341725],[-51.909960106917445,-23.44126597032782],[-51.90995459642234,-23.44125736409878],[-51.90994081971067,-23.44123585033445],[-51.909463286866476,-23.44046904849791],[-51.90918110989498,-23.440033600898314],[-51.909119468117986,-23.43993554732633],[-51.909046040453276,-23.43981874657002],[-51.908977973941795,-23.439710471623044],[-51.90890850222272,-23.43959996213901],[-51.90883921965294,-23.43948975409568],[-51.90877122177981,-23.43938158883824],[-51.90870133574273,-23.439270419603464],[-51.90863285216854,-23.439161480338697],[-51.90856525050301,-23.43905394492355],[-51.908497897358586,-23.438946805443624],[-51.908429567520095,-23.43883810995364],[-51.908358758725775,-23.43872547276783],[-51.90829073096599,-23.43861725776793],[-51.90821848246589,-23.438502329297968],[-51.90815185430499,-23.43839634064268],[-51.908086528627265,-23.43829242358183],[-51.90801598267823,-23.438180202878222],[-51.90794955278234,-23.438074529999795],[-51.907880681538245,-23.437964972102648],[-51.907808786074575,-23.437850604066305],[-51.90774423682389,-23.437747921539188],[-51.90767382902273,-23.43763591933691],[-51.90765896318785,-23.437608759346723],[-51.908437278027684,-23.43719606035438],[-51.9089438882393,-23.43692218444252],[-51.90733478668797,-23.434362481607426],[-51.907255417516225,-23.434236684880627],[-51.90645674106356,-23.432970671060623],[-51.906080520158504,-23.432374492411743],[-51.905942154902014,-23.432139887985766],[-51.90586368717263,-23.431990269182833],[-51.90531343135812,-23.43225712254908],[-51.90445024104322,-23.430881165057873],[-51.90334690166049,-23.429118028988718],[-51.90332744672331,-23.42907526396614],[-51.903279604567004,-23.429073215845495],[-51.9028947596244,-23.42903718038074],[-51.90270725098546,-23.42904072667077],[-51.90264210990992,-23.42904787738074],[-51.90258752560092,-23.429052889640445],[-51.90246337257175,-23.429076097371915],[-51.902302801711656,-23.429127334575195],[-51.899995134815555,-23.43038070658526],[-51.89996241304043,-23.430400465226207],[-51.900357832903325,-23.431043424123626],[-51.90114691136681,-23.432269227725183],[-51.901335291883356,-23.432592527508586],[-51.90135530041092,-23.43262686615601],[-51.90100339163522,-23.432822046049623],[-51.906141331568435,-23.440989535399826],[-51.90689991567382,-23.442150018396738],[-51.90731183723956,-23.442796615788932],[-51.908026859564146,-23.44393135934428],[-51.908082270830384,-23.444016838827032]]]}},{"type":"Feature","properties":{"NOME":"Chácara Morangueira","ZONA":37,"COD_BAIRRO_GEO":125,"LT_NOMEFANT":" "},"geometry":{"type":"Polygon","coordinates":[[[-51.915206934793645,-23.408916342005032],[-51.9149605996831,-23.408689250536085],[-51.914778443185455,-23.408525598931757],[-51.91464960887251,-23.408476433153023],[-51.91459244460023,-23.408454617231023],[-51.91433932570384,-23.40831262774907],[-51.914226975855854,-23.408231178953532],[-51.914043621116726,-23.40808178895496],[-51.913513700144684,-23.40771188115607],[-51.91328691805055,-23.40754898356079],[-51.91316278033201,-23.40744710972218],[-51.91303282765,-23.407368069711726],[-51.91287334908855,-23.407246534019006],[-51.912753547540994,-23.40715181148217],[-51.912628138763736,-23.407102094678855],[-51.91247739975364,-23.4070648437911],[-51.91239383435841,-23.407042772044345],[-51.912283137070524,-23.407015051861055],[-51.91214383493904,-23.406944396959727],[-51.912056769901426,-23.406913172363794],[-51.911843742082915,-23.406968130055382],[-51.911480364300395,-23.407101073266965],[-51.911391156639866,-23.40717326856194],[-51.91125071771719,-23.407287457889844],[-51.91074927249022,-23.40769311600076],[-51.9104696841161,-23.407919073409488],[-51.90933534795203,-23.40882960008934],[-51.90921823569004,-23.40891349972538],[-51.908987391656574,-23.409096574194542],[-51.907818717476566,-23.410019392242095],[-51.90679299056342,-23.41083700795744],[-51.90663640715741,-23.41097115962005],[-51.90429016037767,-23.412834886384253],[-51.90423038107368,-23.41288009531426],[-51.90427827201469,-23.41294519227096],[-51.9051820125291,-23.41431522341581],[-51.91353593032137,-23.40958930622238],[-51.91384369740542,-23.40941518322536],[-51.91402214503883,-23.40930669346774],[-51.91433168264351,-23.40920471188568],[-51.915206934793645,-23.408916342005032]],[[-51.91280820149572,-23.40928459985022],[-51.9124790515521,-23.409474196819367],[-51.91215259866209,-23.408992510530627],[-51.9125979227742,-23.40874476576608],[-51.91284715291908,-23.40860230933472],[-51.91293203837847,-23.408713229954273],[-51.9128856277083,-23.40874217830818],[-51.91293856905373,-23.408815951902163],[-51.91309656547311,-23.408721598834315],[-51.913193749651754,-23.40882017449503],[-51.91335787761611,-23.408978993664366],[-51.913171181752176,-23.409084370513227],[-51.91329323265435,-23.409275105200756],[-51.913285803646495,-23.40928068445129],[-51.912938862906444,-23.409477821656534],[-51.91292160502117,-23.409452299983112],[-51.91280820149572,-23.40928459985022]]]}},{"type":"Feature","properties":{"NOME":"Chácaras Aeroporto","ZONA":39,"COD_BAIRRO_GEO":140,"LT_NOMEFANT":" "},"geometry":{"type":"Polygon","coordinates":[[[-51.9110093211243,-23.47750588481818],[-51.911024812872924,-23.47745187257268],[-51.91103307510959,-23.477400250921846],[-51.91105086751149,-23.477334347999783],[-51.91110613263675,-23.4773305476723],[-51.911237090015746,-23.47726529300196],[-51.91129859712493,-23.477253191739315],[-51.911447068559085,-23.47715739629872],[-51.911560102374025,-23.477112461823914],[-51.91155978424532,-23.477111051964698],[-51.911602156399525,-23.477102542537523],[-51.911575530986774,-23.47699814699267],[-51.91160356745133,-23.476836673128602],[-51.911709630525735,-23.47671955311301],[-51.91213292178551,-23.476582653172798],[-51.91281459635674,-23.476345663048598],[-51.91286923334707,-23.476319989021132],[-51.91292089728677,-23.476288760929094],[-51.912969025560905,-23.476252318843162],[-51.913013094057554,-23.47621105961388],[-51.91305262287537,-23.476165432549973],[-51.913087181549606,-23.476115934525435],[-51.9131163937399,-23.476063104568624],[-51.91313994132851,-23.47600751799229],[-51.91315756788466,-23.475949780128488],[-51.913169081456964,-23.475890519736563],[-51.91317435666382,-23.475830382156044],[-51.913173336058776,-23.475770022278944],[-51.913139616961196,-23.475576051939186],[-51.913058579324506,-23.47515692619917],[-51.912979320325974,-23.474180458871498],[-51.91292198921173,-23.47367990330104],[-51.91281590736597,-23.473323016099503],[-51.912594464748786,-23.473068130814436],[-51.91248472454244,-23.472959149366346],[-51.912326671643456,-23.47280219011631],[-51.91224626412739,-23.473143511873783],[-51.91211761524411,-23.47312132291616],[-51.91119414800653,-23.472947968491635],[-51.91020532346205,-23.47276352017371],[-51.90955270791316,-23.472645928559885],[-51.90951314163769,-23.471664744295428],[-51.908557857699094,-23.470332511964482],[-51.90785980572315,-23.469351698059874],[-51.90717525317911,-23.468397195813218],[-51.90629708380592,-23.467173304004294],[-51.905801970300196,-23.466461844290965],[-51.90563241437018,-23.466441531202815],[-51.905608153506776,-23.466407985828774],[-51.90533728028281,-23.46617476358893],[-51.90529585686484,-23.466305988084482],[-51.90528579091038,-23.466350938037337],[-51.905278217227554,-23.466403278067972],[-51.90527874637197,-23.46646649994889],[-51.905276663380306,-23.46650562118881],[-51.90525015069727,-23.466551748655124],[-51.9052046163496,-23.466618878757366],[-51.905174713110846,-23.466674210669908],[-51.905145141895424,-23.466731284755397],[-51.90511725843664,-23.46677742015588],[-51.905098188404025,-23.466838137366107],[-51.90509695639034,-23.466901550110034],[-51.90509322007969,-23.46697102891825],[-51.90504219125179,-23.46702587915826],[-51.905022450518565,-23.467045683773016],[-51.90499478060906,-23.467080076136696],[-51.90499174868095,-23.46715235081699],[-51.90497372288421,-23.467222635112954],[-51.90494650860156,-23.46726641824575],[-51.90493479061724,-23.46728536340436],[-51.9048886809544,-23.467343707585577],[-51.90485141856879,-23.467407239060158],[-51.90480963581286,-23.467468358076022],[-51.90477581179232,-23.467533585690305],[-51.90474179069432,-23.467598633798172],[-51.904690244812365,-23.467706957171156],[-51.9046809146929,-23.467731488383382],[-51.90467373853647,-23.46774164600429],[-51.904653881886794,-23.467783393917372],[-51.90457547349666,-23.467948239023244],[-51.90454257227054,-23.468019603088546],[-51.90451022090292,-23.468085454355315],[-51.904507694345625,-23.468137247532468],[-51.90450669855568,-23.46815764154739],[-51.90447768460483,-23.468224737949413],[-51.904472764517614,-23.46826423691669],[-51.9044768587413,-23.468275954946897],[-51.90444686383096,-23.46834278606858],[-51.90442220648103,-23.46837390929504],[-51.904421050019614,-23.468390986737713],[-51.90439571830028,-23.46845246184581],[-51.904352151756605,-23.46851052016345],[-51.90436293798136,-23.468584701764577],[-51.90429690608015,-23.468679471397053],[-51.90428785170024,-23.468701381668147],[-51.90426766830037,-23.46877122678808],[-51.904237574713605,-23.468823607026774],[-51.90422166800219,-23.4688457376693],[-51.90422734821194,-23.468917781171665],[-51.90422925825205,-23.468939447220656],[-51.90426466701613,-23.469003672637957],[-51.90427699172734,-23.469026026155678],[-51.90427317157565,-23.469075939110677],[-51.90427346391402,-23.46911884005568],[-51.90426947415009,-23.469165559327575],[-51.90425715235409,-23.46921088177201],[-51.904240560806514,-23.46924746780304],[-51.90421222145308,-23.469298663687248],[-51.90416399675575,-23.469377251910334],[-51.904152362845,-23.469434876641674],[-51.90412819419464,-23.469554579650413],[-51.90412925407669,-23.469580947338095],[-51.904149829829,-23.469669252637246],[-51.90418106014736,-23.469754786514617],[-51.904188132766095,-23.469801260996746],[-51.90420306036542,-23.469879844329377],[-51.90424340550281,-23.469966680158368],[-51.904245427579944,-23.470004784037737],[-51.90420554870216,-23.47004385345294],[-51.90414668381981,-23.470098477890346],[-51.90410050168589,-23.470103261717345],[-51.90403841711242,-23.470102086194082],[-51.90398484243953,-23.470128409323245],[-51.903958776326974,-23.470168392138593],[-51.90394388393915,-23.470238838791666],[-51.90393470524248,-23.470328762634995],[-51.90393776822221,-23.470419066218717],[-51.903953551994846,-23.470508212204564],[-51.90397862484591,-23.47059549791132],[-51.90401630155021,-23.470678826726637],[-51.904073785562105,-23.470752015026935],[-51.90413746561272,-23.470829231838273],[-51.9041654710074,-23.470915777932895],[-51.90420402726346,-23.470998830630343],[-51.904245414940966,-23.471080692719877],[-51.90426631418531,-23.471182364562623],[-51.90421737638546,-23.471255252240574],[-51.90420482495726,-23.471273944763503],[-51.904164654016995,-23.471356279779847],[-51.90413469086733,-23.471442258773646],[-51.904115701631596,-23.47151498722075],[-51.90409606091592,-23.471578326025124],[-51.90408778012281,-23.471656321338376],[-51.90409133281962,-23.47174662206132],[-51.904095723199525,-23.471787421842695],[-51.904101050774806,-23.47183643542982],[-51.904117403914555,-23.47190850734582],[-51.904148731728945,-23.471994041530905],[-51.9041776173648,-23.472080401857724],[-51.904187557364764,-23.472148617197913],[-51.9041906625118,-23.47216992495761],[-51.90419166963764,-23.47226024043149],[-51.90418072739596,-23.472349992946455],[-51.904169980962486,-23.47243974432457],[-51.90418259999139,-23.472538572986238],[-51.90421110435427,-23.4726050268854],[-51.904218617247416,-23.472622543587235],[-51.904256783659775,-23.472705779143926],[-51.90426839551369,-23.47274301450308],[-51.904268064660414,-23.472809402581955],[-51.90424555604352,-23.472897325424967],[-51.90422293176298,-23.472939546354944],[-51.904167923512695,-23.4730142900988],[-51.90415387661865,-23.47303640995109],[-51.90412763809683,-23.47310863849888],[-51.90412522642995,-23.473171425789648],[-51.904154502747986,-23.473257603194007],[-51.90416963147509,-23.473279571025042],[-51.90420691632443,-23.473333711075227],[-51.90424265186779,-23.473390677221605],[-51.90424037940846,-23.473459515230438],[-51.90422271834637,-23.47349728163292],[-51.90420469886752,-23.47352958296376],[-51.90418915187397,-23.473557450533548],[-51.90419318995296,-23.473581021749556],[-51.9043087934482,-23.47359452544111],[-51.90430521350446,-23.473612026987585],[-51.90436001112897,-23.4736543164304],[-51.90437576880044,-23.473706773059302],[-51.90439931139241,-23.473783455668503],[-51.904425230374734,-23.47385898282724],[-51.90445152068137,-23.473915148360923],[-51.90447697226207,-23.473994350683313],[-51.90448262831745,-23.474049570114758],[-51.9044626562916,-23.47410368726229],[-51.90448186307732,-23.474207911383502],[-51.90453771414347,-23.47429451349011],[-51.90458836310181,-23.474368346326127],[-51.90468024782377,-23.47448158821899],[-51.90474741436783,-23.474550397227603],[-51.90482058631916,-23.47461908554903],[-51.904811950132256,-23.47466402172792],[-51.904797232934214,-23.47470200413479],[-51.904773667549634,-23.474744939621846],[-51.904772177062874,-23.474795016966755],[-51.904766814586495,-23.47484159154097],[-51.90480519417224,-23.474931956543053],[-51.904872144710986,-23.47506164688938],[-51.90495834090341,-23.475157184314074],[-51.90501383746136,-23.475244389819217],[-51.90505071712463,-23.475302728309604],[-51.905156272986325,-23.475388410278928],[-51.90519280967275,-23.475421580897578],[-51.9052695404211,-23.47549124275826],[-51.90539413821133,-23.475557526791956],[-51.905504686573096,-23.475615994629116],[-51.90558840444079,-23.47564226605958],[-51.90570885195401,-23.475712726006922],[-51.90582845632948,-23.475778854432924],[-51.90590165986918,-23.475842809188443],[-51.90598336402602,-23.475824379473135],[-51.906018809049485,-23.475852213730256],[-51.90606124507456,-23.47589147724559],[-51.90610655500087,-23.475946655809597],[-51.90614072636444,-23.475990428299244],[-51.906181481565,-23.47605754848851],[-51.906201819931745,-23.47610012693038],[-51.90623462189002,-23.476145818553636],[-51.90631742048863,-23.476224358400078],[-51.90639553911877,-23.476295643709538],[-51.90647271196375,-23.47636019560921],[-51.906568635239395,-23.476437384570897],[-51.90668081605982,-23.4765021437552],[-51.90679520778392,-23.476550547274687],[-51.906896374001875,-23.476585645648495],[-51.9069940698753,-23.476618852043963],[-51.9071324401591,-23.47666859527255],[-51.90726465166557,-23.476694590834168],[-51.90737248235315,-23.476693326532306],[-51.90746914810459,-23.476676832149913],[-51.90760082069107,-23.476658254336943],[-51.90767066838855,-23.476662308670136],[-51.907727542336325,-23.476690016859166],[-51.90777606973202,-23.476710127032632],[-51.90781981396953,-23.476738549302915],[-51.90787626274023,-23.47680513234929],[-51.90793373011112,-23.476873890698197],[-51.9080017779293,-23.476918102229885],[-51.90807454593178,-23.476945080953357],[-51.908176261044744,-23.476959145798332],[-51.908285732542375,-23.47694079427396],[-51.90827134890563,-23.47703324322968],[-51.90845743334581,-23.47703208134594],[-51.90859525724116,-23.47703122127949],[-51.90868955567913,-23.477030631946985],[-51.90875354600051,-23.47703023186907],[-51.908831070816106,-23.47705288954066],[-51.90830539364619,-23.47872301557391],[-51.91037316824032,-23.47875071721838],[-51.910349932864705,-23.478007640897175],[-51.9104195200882,-23.47795465950393],[-51.910478722711424,-23.477892501585504],[-51.91051209454772,-23.477853749493097],[-51.910700358847734,-23.477728382411538],[-51.910777439282874,-23.477634732449708],[-51.910900513669056,-23.47757417112784],[-51.91093568728751,-23.47756355158427],[-51.91096188636024,-23.47754845938414],[-51.910967225263924,-23.477545383462278],[-51.91098767871967,-23.4775336016816],[-51.9110093211243,-23.47750588481818]]]}},{"type":"Feature","properties":{"NOME":"Chácaras Assaí","ZONA":27,"COD_BAIRRO_GEO":2,"LT_NOMEFANT":" "},"geometry":{"type":"Polygon","coordinates":[[[-51.93284096262084,-23.4405929686997],[-51.926204402556635,-23.443936910904416],[-51.92617071892641,-23.443953527586373],[-51.926688808413374,-23.444823606620858],[-51.92672043348657,-23.44480783119738],[-51.93279261030997,-23.441765677889876],[-51.93279880032743,-23.441615546997827],[-51.93282419942507,-23.440999527696924],[-51.93283698095633,-23.440689537699452],[-51.93284096262084,-23.4405929686997]]]}},{"type":"Feature","properties":{"NOME":"Chácaras Centenário","ZONA":53,"COD_BAIRRO_GEO":5014,"LT_NOMEFANT":" "},"geometry":{"type":"Polygon","coordinates":[[[-52.072458703321026,-23.344957758520746],[-52.07130287544521,-23.344658707334226],[-52.070882671784645,-23.345154384668593],[-52.06941403452273,-23.346842145993765],[-52.06786086909715,-23.348632168998478],[-52.06604350910955,-23.350720766263198],[-52.06495788006278,-23.351928240164348],[-52.06446794549567,-23.352499213580117],[-52.065289754847235,-23.353120488254397],[-52.06573402419905,-23.35260805142359],[-52.06632468985794,-23.351934088426376],[-52.06695487509184,-23.351213702444376],[-52.06748580736875,-23.350610264779625],[-52.06808601853376,-23.349932272601116],[-52.06859378191708,-23.34934571755475],[-52.06909762990926,-23.348755603808012],[-52.06968625553994,-23.348087243471348],[-52.07024548729362,-23.347459103501492],[-52.071277746751555,-23.34626827619132],[-52.07172846269217,-23.34578553044723],[-52.072458703321026,-23.344957758520746]]]}},{"type":"Feature","properties":{"NOME":"Chácaras Estilos","ZONA":43,"COD_BAIRRO_GEO":162,"LT_NOMEFANT":" "},"geometry":{"type":"Polygon","coordinates":[[[-51.97284431198694,-23.412290938689235],[-51.972407475078704,-23.412771279003163],[-51.97167440815488,-23.4135802531927],[-51.97127691490734,-23.41401118869842],[-51.971109655636226,-23.414197368037197],[-51.97049579624492,-23.41487888125449],[-51.970565488634975,-23.415067475221726],[-51.970729928836164,-23.415500305706416],[-51.97093529802981,-23.416016553829547],[-51.97111781655975,-23.416510779855223],[-51.971361414795176,-23.41720033006772],[-51.97152590572969,-23.41763935785417],[-51.97170122327583,-23.4181204237794],[-51.971722871952046,-23.418327853351645],[-51.97254582358863,-23.417826965757193],[-51.97336457556962,-23.41733724028719],[-51.973133475489185,-23.416989237477573],[-51.97298506379963,-23.416782566135016],[-51.972566759009126,-23.41617635249389],[-51.97236257087807,-23.415887674195165],[-51.972269762204476,-23.41575786755348],[-51.97193218271938,-23.415262018240476],[-51.971980888679184,-23.415191224368407],[-51.97198811795984,-23.41518071572856],[-51.972162551281436,-23.414954516668697],[-51.972325170547,-23.414741773781767],[-51.972558565082664,-23.414433956569095],[-51.97272320500962,-23.414214508844452],[-51.97300641511782,-23.413849504026974],[-51.97328548358665,-23.41348500322401],[-51.97346827707753,-23.413260226535492],[-51.97363810329649,-23.413023549411452],[-51.97382055327388,-23.412783293496307],[-51.97398523617279,-23.41257588670516],[-51.97417046493452,-23.41233958086818],[-51.97434337183143,-23.412118168786076],[-51.974529645238185,-23.41188329032279],[-51.974746240944725,-23.411616677952246],[-51.974922799817165,-23.411399065752843],[-51.97513760303263,-23.41111442970956],[-51.97515898546443,-23.41108522200628],[-51.97551188241744,-23.41157113028606],[-51.975512343248724,-23.411571780427554],[-51.9757027790783,-23.411840363896932],[-51.975787660850195,-23.41196977457941],[-51.97632943451873,-23.411640446820936],[-51.97600454833258,-23.411030475273247],[-51.97598875467323,-23.410571743737442],[-51.97591690659938,-23.410096156205938],[-51.97576556250078,-23.409796949373142],[-51.975698184204475,-23.409648250595776],[-51.97561113929783,-23.4093601136713],[-51.97557678802582,-23.40922992667048],[-51.97478230379577,-23.410111825793948],[-51.974597712747645,-23.41031652329047],[-51.97401473304306,-23.410995801368934],[-51.97343838463361,-23.411634911962434],[-51.97284431198694,-23.412290938689235]]]}},{"type":"Feature","properties":{"NOME":"Chácaras Jardim Alvorada","ZONA":46,"COD_BAIRRO_GEO":194,"LT_NOMEFANT":" "},"geometry":{"type":"Polygon","coordinates":[[[-51.90594188682022,-23.397663959942914],[-51.90613505980195,-23.397971122257747],[-51.90613555678427,-23.39802344568898],[-51.90614308629859,-23.398209555920015],[-51.90614940624424,-23.398266957823846],[-51.906164156214004,-23.398400916651582],[-51.906203464403724,-23.398511333346384],[-51.90621044871126,-23.398631692225585],[-51.90622563158404,-23.398806378379916],[-51.906216490965136,-23.399030610842456],[-51.90622381761197,-23.39906725449228],[-51.9062497201737,-23.39919679149353],[-51.90629084420944,-23.399315145963875],[-51.906313109049,-23.399437583949794],[-51.90633928912253,-23.399517005908145],[-51.90635319267144,-23.399618718286437],[-51.90638802361911,-23.39975692497624],[-51.906387955154045,-23.399808825351172],[-51.906377761762755,-23.399849619727426],[-51.90637364147696,-23.399915983391452],[-51.906417440999036,-23.400041468577815],[-51.90689112537848,-23.39988148088672],[-51.90754223874397,-23.39966162313617],[-51.90836665542077,-23.399377158055433],[-51.90836659369607,-23.39937700396343],[-51.908394376438686,-23.399367420098162],[-51.9064432566127,-23.394575028677334],[-51.906114477365456,-23.393752230198867],[-51.90599922501028,-23.393577429308507],[-51.90642182644248,-23.393401124758302],[-51.90646938447565,-23.393381284319574],[-51.90651105555641,-23.39336389954061],[-51.90650671763283,-23.39332652274513],[-51.906507631752824,-23.393288906168923],[-51.90651378007005,-23.393251784199464],[-51.90652504255105,-23.393215881568047],[-51.90654299323094,-23.393179004323727],[-51.90656578516125,-23.393144906142396],[-51.90659299613612,-23.393114218670952],[-51.90662412208973,-23.39308751037507],[-51.90665858643381,-23.39306527600877],[-51.906695750738514,-23.39304792744939],[-51.906708096777244,-23.393043265671807],[-51.90675339224557,-23.393030328773076],[-51.90680007170261,-23.39302399860007],[-51.90684717666553,-23.393024405132074],[-51.90689373991446,-23.393031540021642],[-51.906938805352695,-23.39304525676602],[-51.90698144763853,-23.39306527371531],[-51.90702079118552,-23.393091179855695],[-51.90705602814122,-23.393122443248867],[-51.90708643497499,-23.393158421954514],[-51.907188232071455,-23.393123744582752],[-51.91033953414804,-23.392050202648036],[-51.91183851132508,-23.391524886984907],[-51.91124493775867,-23.390124596821764],[-51.91227658077161,-23.38975922059689],[-51.91293815918383,-23.389541988366112],[-51.91355615593734,-23.390953359747975],[-51.91644493888538,-23.38995944239115],[-51.91795595574881,-23.389422768829654],[-51.91794301539475,-23.389310544738844],[-51.91794247372515,-23.38923193796279],[-51.918039027088675,-23.389119071902215],[-51.918172464813146,-23.38906213786449],[-51.918330619546126,-23.389061209024895],[-51.91842841021372,-23.38912801483792],[-51.91946441742142,-23.388461566344645],[-51.91914800112184,-23.388051043585744],[-51.91866846100093,-23.38744421351942],[-51.91846250362283,-23.387180541470933],[-51.918070878769484,-23.386706447732156],[-51.91802589238052,-23.386646886151627],[-51.91864007789598,-23.38623963889273],[-51.91829254734816,-23.38583564290254],[-51.91826285950524,-23.385801131773608],[-51.9180415934582,-23.38554391301988],[-51.91787955826004,-23.385374970258496],[-51.917771814932266,-23.38526263415441],[-51.91774301343329,-23.385232604915377],[-51.917569815320725,-23.38513399337157],[-51.91749857195604,-23.38522750003182],[-51.91717154783069,-23.38494473143834],[-51.91703166358644,-23.384828094298094],[-51.91686631405963,-23.384937944437706],[-51.91674941384662,-23.385019252210533],[-51.916484971126664,-23.384667731464617],[-51.916360422395115,-23.384512775895093],[-51.91632601845725,-23.384466516717133],[-51.91561887175928,-23.38479604693277],[-51.914554843912306,-23.385267725992627],[-51.91299070383984,-23.385960929054725],[-51.91220778347103,-23.38631258378634],[-51.911892528105106,-23.38645955674833],[-51.91165717871503,-23.386554856894964],[-51.91041240161616,-23.387103991823334],[-51.90978648164498,-23.38738365411445],[-51.908921827507434,-23.387765489725],[-51.90821453011853,-23.38807985461561],[-51.907700894715006,-23.388307907547727],[-51.90685809443002,-23.38868039226471],[-51.90623472389039,-23.38895644188326],[-51.90531351373203,-23.389373897248873],[-51.90479183225607,-23.389600479947973],[-51.90426745220027,-23.389836875612072],[-51.90336681334473,-23.390234890793277],[-51.90256035013004,-23.390595578037438],[-51.901811848661865,-23.3909392461746],[-51.90150735841459,-23.391068511089628],[-51.901568471928464,-23.391130896533195],[-51.90164414635274,-23.39122249852141],[-51.90168544526493,-23.391274306740392],[-51.90171796844343,-23.39131510469787],[-51.901907213630516,-23.39147325123705],[-51.90197424727503,-23.3915281995441],[-51.902095848309536,-23.39162787939044],[-51.90224534895239,-23.391725829230044],[-51.902403592773844,-23.3918143349393],[-51.90245582641472,-23.391840136561907],[-51.90247045425662,-23.391853783814195],[-51.902632199696335,-23.39200467903149],[-51.90266441368637,-23.392034727504903],[-51.90272526105286,-23.392091483311834],[-51.90286023863476,-23.392212187273838],[-51.90286463799607,-23.392217930748334],[-51.902934285379615,-23.39230885603239],[-51.90306053266791,-23.392440810187388],[-51.90321786061898,-23.392624790915278],[-51.90338711292029,-23.39279235424154],[-51.90344294376773,-23.39284664042294],[-51.90351704151035,-23.39291868764961],[-51.90363315998625,-23.393051659966897],[-51.903668426253105,-23.393092044209947],[-51.90382015514905,-23.393186276363423],[-51.903874222616054,-23.39325709160328],[-51.90395877712561,-23.393367835404813],[-51.904021304837364,-23.393526079626305],[-51.904075900777194,-23.39362584090018],[-51.90418537409625,-23.39367940107974],[-51.90422062091389,-23.39374050882429],[-51.9042418165439,-23.393777254842878],[-51.90426566663032,-23.39383094891543],[-51.90439477131657,-23.393950962839796],[-51.904427841432636,-23.393989655220654],[-51.90447082293093,-23.39403994181182],[-51.904534486607915,-23.394134773042804],[-51.904573798379054,-23.394200447349984],[-51.90459219178395,-23.394231174201074],[-51.904615593814434,-23.394288887431856],[-51.904624319579355,-23.394315378111955],[-51.904628833829946,-23.394329081864115],[-51.90466634740319,-23.394415545167906],[-51.90473630651873,-23.394515126947248],[-51.904757711231746,-23.394568925406297],[-51.90475753583224,-23.39462953260385],[-51.90469166939179,-23.39472908755937],[-51.90477255397051,-23.394881173590896],[-51.90487055432315,-23.39494545766897],[-51.90500681657924,-23.395081687588558],[-51.9051002691335,-23.395182307354567],[-51.905194272132924,-23.39534949130718],[-51.90521849008638,-23.395395155242948],[-51.90536586296258,-23.39567302510776],[-51.90544714524612,-23.39582583191523],[-51.90548370165607,-23.395934729323592],[-51.905545570219516,-23.39609631854591],[-51.905549587439594,-23.39613994435557],[-51.90556152481294,-23.396269554321208],[-51.90556464701474,-23.39644087734431],[-51.90559478093461,-23.396555050602835],[-51.90561188750488,-23.396609867358684],[-51.90562546975896,-23.396736420310468],[-51.90562480045471,-23.396853842969943],[-51.90568199732699,-23.39714067094117],[-51.90576371284472,-23.397277849285093],[-51.90586275106425,-23.397449339017925],[-51.90589844016225,-23.397595328481955],[-51.90594188682022,-23.397663959942914]]]}},{"type":"Feature","properties":{"NOME":"Chácaras Paulista","ZONA":27,"COD_BAIRRO_GEO":6,"LT_NOMEFANT":" "},"geometry":{"type":"Polygon","coordinates":[[[-51.9249660074462,-23.441843572708812],[-51.925502875303444,-23.44278246288271],[-51.92543675273742,-23.44281219763324],[-51.92510494465741,-23.44296712467972],[-51.92495115572709,-23.443038931131106],[-51.92476118673577,-23.44312763144008],[-51.92468920076273,-23.443155917546726],[-51.92542062289471,-23.444342303962948],[-51.92617071892641,-23.443953527586373],[-51.926204402556635,-23.443936910904416],[-51.93284096262084,-23.4405929686997],[-51.93284246323597,-23.440556567524606],[-51.925043840396185,-23.441830713036307],[-51.9249660074462,-23.441843572708812]]]}},{"type":"Feature","properties":{"NOME":"Cidade Industrial","ZONA":19,"COD_BAIRRO_GEO":264,"LT_NOMEFANT":"Cidade Industrial - Lt. 164A/165/166/167 e .. (Gleba Patrimônio Maringá)"},"geometry":{"type":"Polygon","coordinates":[[[-51.98969557887567,-23.416010975952748],[-51.989670890929794,-23.415955195124724],[-51.989291011049765,-23.415074736355113],[-51.98914306298593,-23.414726887299764],[-51.98895865270362,-23.414303638169034],[-51.98879315781239,-23.413916593221387],[-51.98870259139227,-23.41370152633444],[-51.98849847885608,-23.413816512472597],[-51.986054435636305,-23.415262133379752],[-51.984897185625385,-23.41596611832295],[-51.98367806317341,-23.416699713222965],[-51.98146422650777,-23.418032432375863],[-51.98275295022342,-23.419060858683252],[-51.9836477646995,-23.4197955497792],[-51.98543022223,-23.418718315259113],[-51.98550807984592,-23.41866448800958],[-51.986010603775036,-23.41921516251278],[-51.98827950458724,-23.42168210228713],[-51.98838192582908,-23.4216595406338],[-51.988457491280016,-23.421638984192125],[-51.98866405481069,-23.42153784654884],[-51.98873754570517,-23.421511565956724],[-51.98888301933075,-23.421460872109776],[-51.9889609908953,-23.42145486796662],[-51.98904160892584,-23.42143042799395],[-51.98917828203737,-23.421373368731555],[-51.98927215388771,-23.42133520090619],[-51.98938924625918,-23.421287131332978],[-51.98957956479265,-23.42126750024944],[-51.989664894125376,-23.421222782092823],[-51.98976257833347,-23.42120465810116],[-51.98983806438952,-23.4211777077285],[-51.98984497998332,-23.421094031769414],[-51.98992335379716,-23.42101297290631],[-51.99003292879391,-23.42102077751725],[-51.99022068470262,-23.421025630593856],[-51.99030333811554,-23.4209930536657],[-51.990303385870135,-23.420993026266817],[-51.990377452865246,-23.420935102951784],[-51.99047502557932,-23.42088916959536],[-51.990579840640436,-23.420914030297606],[-51.9906677936331,-23.420946214477734],[-51.990754137299106,-23.420943931736243],[-51.99083244154925,-23.420896979640084],[-51.990931658500486,-23.420860260891416],[-51.99103238715533,-23.420875243589848],[-51.991227117068156,-23.420876112339947],[-51.9914348876482,-23.420865933181332],[-51.99151715096523,-23.42085802096505],[-51.99173807057454,-23.420863808754515],[-51.99128900913439,-23.41974486919872],[-51.99061332482446,-23.418154090273124],[-51.99059723328576,-23.418118037078298],[-51.99036776150183,-23.417603917252837],[-51.99028885698917,-23.41741551964505],[-51.99013733171993,-23.41705248991992],[-51.99001344974814,-23.416760293808906],[-51.989872771714246,-23.41642561884072],[-51.98969557887567,-23.416010975952748]]]}},{"type":"Feature","properties":{"NOME":"Cj. Hab. Maurílio Correia Pinho","ZONA":19,"COD_BAIRRO_GEO":2586,"LT_NOMEFANT":"Lt. 58-2, 58-2/A, 58-2/B, 58-1, 58-1/A e 58/B-4 a 58/B-8 (Gleba Patrimônio Maringá) – Passou a se chamar Maurilio pela Lei 8944/2011"},"geometry":{"type":"Polygon","coordinates":[[[-51.97123967084571,-23.387291704075523],[-51.97140058312274,-23.387061882346487],[-51.97136342834531,-23.387021337717616],[-51.970978371925284,-23.386601153093416],[-51.970740754001994,-23.38690324055014],[-51.97055981789796,-23.38713712392308],[-51.970222450244385,-23.38757100038141],[-51.969884870706856,-23.38800765573905],[-51.969578982491086,-23.38840659991883],[-51.96927001507507,-23.388803531297306],[-51.969080028048765,-23.38905484151171],[-51.96940258211362,-23.38940550696741],[-51.969426167588374,-23.389376227662417],[-51.96954677513909,-23.389228510229973],[-51.969614516288864,-23.389298732070166],[-51.96977056008215,-23.38909476673144],[-51.97008292631545,-23.388695329482296],[-51.970232356537615,-23.38850031581728],[-51.970267917969394,-23.388532204285575],[-51.9702750808107,-23.38853813367191],[-51.97032805234027,-23.388471067595066],[-51.97035332320049,-23.388439070774442],[-51.970656609246575,-23.388043755945677],[-51.970994912843196,-23.387606230120152],[-51.97123967084571,-23.387291704075523]]]}},{"type":"Feature","properties":{"NOME":"Cj. Residencial Governador Ney Braga","ZONA":43,"COD_BAIRRO_GEO":165,"LT_NOMEFANT":" "},"geometry":{"type":"Polygon","coordinates":[[[-51.96711149995011,-23.398537166788167],[-51.968716949322875,-23.397304983885412],[-51.971409328371,-23.395229135343875],[-51.972493453737655,-23.394402206039477],[-51.97247520190349,-23.39438118989494],[-51.97243434109161,-23.39432044219716],[-51.97240552927759,-23.394254069313185],[-51.97238964228703,-23.394184086282337],[-51.97238716239917,-23.394112619877752],[-51.97239816514117,-23.394041841850466],[-51.97242231685289,-23.39397390300985],[-51.972458883987166,-23.39391086632881],[-51.97250675323908,-23.393854649013765],[-51.97256447315545,-23.393806958119157],[-51.97232693576456,-23.393598919061738],[-51.969960062684834,-23.39103820929208],[-51.96956437356091,-23.39054192792315],[-51.96953168220983,-23.39043038000404],[-51.969476881108555,-23.390455829091437],[-51.96935816131934,-23.39049414150003],[-51.96923403722501,-23.390512843392244],[-51.96910827989502,-23.39051136583924],[-51.968984711839106,-23.390489753788383],[-51.96886708662561,-23.390448664099992],[-51.96856117915059,-23.390687056269485],[-51.9673494743838,-23.391631319097762],[-51.96679090311195,-23.392058310759737],[-51.965459230254275,-23.393085366185463],[-51.964999837408854,-23.39343428607935],[-51.964534388480956,-23.393743433904366],[-51.96445203129117,-23.393794466763488],[-51.964488996240206,-23.39389758594668],[-51.964533561461984,-23.39399783839885],[-51.96459186797548,-23.39421190098287],[-51.964622274470685,-23.394383865415207],[-51.96463521885044,-23.3945092424771],[-51.96466389967014,-23.394632082853065],[-51.9647446210505,-23.394806356056524],[-51.96478620210512,-23.39492685875789],[-51.9648179178805,-23.395049861003848],[-51.96484621283083,-23.395173426280884],[-51.96486805877262,-23.39529829585127],[-51.96489948051437,-23.395421209564383],[-51.96496556285492,-23.395600811601067],[-51.964980466066685,-23.39572635625027],[-51.96504029922177,-23.39590780324131],[-51.965133505157404,-23.396076219458944],[-51.96521974374556,-23.39617440792339],[-51.96529099988093,-23.39627115339973],[-51.96528691191182,-23.396409189264173],[-51.965337275226986,-23.3965261150119],[-51.965446278503606,-23.39668675525231],[-51.96551556858155,-23.396795706096874],[-51.96554338719943,-23.39685343007164],[-51.96565488790027,-23.39698054560138],[-51.96574441900244,-23.39711429989972],[-51.96577002571283,-23.397217830274865],[-51.96584404261723,-23.397303810196032],[-51.96592138045833,-23.397442879244615],[-51.965955891202874,-23.397519258237494],[-51.96600857955121,-23.39768674914969],[-51.96610543635249,-23.397885940696526],[-51.966168794964545,-23.397932516018614],[-51.96621489796429,-23.39801505543903],[-51.966214716720316,-23.398057507453018],[-51.96634660062253,-23.39825575972764],[-51.96638695163781,-23.398422152577762],[-51.966472984195754,-23.398545541099885],[-51.96650249905229,-23.398655645100018],[-51.96657333132319,-23.398783058319673],[-51.96662300667211,-23.398913442039234],[-51.96711149995011,-23.398537166788167]]]}},{"type":"Feature","properties":{"NOME":"Condomínio Ana Rosa","ZONA":16,"COD_BAIRRO_GEO":245,"LT_NOMEFANT":"Lt. 149 (Gleba Ribeirão Maringá)"},"geometry":{"type":"Polygon","coordinates":[[[-51.93866040078391,-23.370245606968133],[-51.93878024778527,-23.369863866898502],[-51.937063637050784,-23.36941023408856],[-51.93504561394182,-23.36886370651517],[-51.93314170678151,-23.368350250479846],[-51.93123044165684,-23.367834833883368],[-51.92961591874518,-23.367403617310504],[-51.92752995735533,-23.36684211487823],[-51.92689134904361,-23.366646933201572],[-51.92688979803334,-23.366670677233415],[-51.92687262219646,-23.366778960479433],[-51.926861995193676,-23.366845957532576],[-51.926851682390584,-23.36694239682704],[-51.92684715785085,-23.367047041014732],[-51.92684178981827,-23.367139840840817],[-51.92683530822773,-23.367233460161124],[-51.92683206390586,-23.36728032584144],[-51.9267856743515,-23.367543653817535],[-51.92907022694106,-23.3681588276343],[-51.932467962330385,-23.369084224378526],[-51.935990680202735,-23.370009870403],[-51.93849576739498,-23.370668061747867],[-51.9385637300269,-23.37052058837204],[-51.93866040078391,-23.370245606968133]]]}},{"type":"Feature","properties":{"NOME":"Condomínio Campo Dourado","ZONA":33,"COD_BAIRRO_GEO":6288,"LT_NOMEFANT":null},"geometry":{"type":"Polygon","coordinates":[[[-52.064165128544026,-23.361672516453748],[-52.06309616584355,-23.3636801783391],[-52.0632124797385,-23.363724314825667],[-52.06311456207462,-23.36408434270045],[-52.06345731897834,-23.3642318157959],[-52.063457662444506,-23.364230598663557],[-52.06345835194634,-23.36422910009201],[-52.06355250174443,-23.364054622140383],[-52.063553266844046,-23.36405315737603],[-52.06355361376721,-23.364052496588467],[-52.06355506475164,-23.364050552081327],[-52.0635568602372,-23.36404886986891],[-52.06355894487361,-23.364047501809573],[-52.06356125539091,-23.364046488073942],[-52.063563720620984,-23.364045859854397],[-52.06356626734562,-23.3640456366157],[-52.0635688173545,-23.3640458252118],[-52.063571292336434,-23.364046419852624],[-52.06357284802065,-23.364047054160178],[-52.06357362455382,-23.364047391193157],[-52.0637518012141,-23.36412840241627],[-52.06375256041323,-23.364128773887593],[-52.06375466664502,-23.36413011345899],[-52.063756488767815,-23.364131771080245],[-52.06375797061018,-23.364133695651056],[-52.06375906866041,-23.36413582875956],[-52.06375974913178,-23.364138104702167],[-52.06375999094054,-23.36414045588256],[-52.06375978666255,-23.364142810095604],[-52.06375914256931,-23.364145095042964],[-52.06375844920869,-23.364146599964347],[-52.06366539662897,-23.364318909226455],[-52.0636650260834,-23.364319552110924],[-52.06366410554535,-23.364320785811167],[-52.06381987423595,-23.36438780522213],[-52.06381993423238,-23.364387109353718],[-52.06382057832555,-23.364384824406166],[-52.06382131452119,-23.364383293000653],[-52.063821633398376,-23.364382673047004],[-52.06402486510833,-23.364009088872116],[-52.06402521637435,-23.36400848224578],[-52.06402666735127,-23.364006537734518],[-52.06402846283009,-23.36400485551694],[-52.064030547460725,-23.3640034874515],[-52.06403285797337,-23.36400247370906],[-52.06403532320011,-23.364001845482196],[-52.0640378699228,-23.364001622235868],[-52.06404041993116,-23.3640018108243],[-52.06404289491404,-23.364002405457615],[-52.06404409792036,-23.36400285610039],[-52.06438719277908,-23.364148206843794],[-52.06438831621193,-23.36414873840952],[-52.064390422450074,-23.364150077972113],[-52.06439224458074,-23.364151735585647],[-52.06439372643226,-23.364153660150098],[-52.06439482449263,-23.364155793253758],[-52.06439550497487,-23.364158069193184],[-52.06439574679484,-23.364160420372198],[-52.064395542528096,-23.36416277458562],[-52.06439489844577,-23.36416505953521],[-52.06439436312684,-23.36416626262008],[-52.06420094362648,-23.364547796368647],[-52.064200415047615,-23.364548741093177],[-52.06419896406775,-23.364550685606037],[-52.06419880093024,-23.364550838452384],[-52.06444723460637,-23.36465772533538],[-52.06444718795133,-23.364657273151916],[-52.064447392217545,-23.36465491893855],[-52.06444803630096,-23.36465263398885],[-52.064448623640075,-23.364651329392064],[-52.0646436362139,-23.364274818027],[-52.06464411276994,-23.3642739748129],[-52.06464556374031,-23.364272030296195],[-52.06464735921444,-23.364270348071706],[-52.06464944384241,-23.36426897999816],[-52.06465175435448,-23.364267966246626],[-52.06465421958273,-23.364267338009938],[-52.064656766309,-23.3642671147534],[-52.064659316322896,-23.36426730333151],[-52.0646617913131,-23.364267897954765],[-52.064662932484204,-23.364268322820692],[-52.06474019763563,-23.364300655327984],[-52.064741382910654,-23.364301212662927],[-52.06474348915461,-23.364302552220533],[-52.064745311291645,-23.364304209829676],[-52.06474679314991,-23.364306134390493],[-52.06474789121719,-23.364308267491378],[-52.06474857170627,-23.364310543428978],[-52.06474881353284,-23.364312894607163],[-52.06474860927222,-23.36431524882079],[-52.0647479651954,-23.36431753377159],[-52.06474731716746,-23.364318956197792],[-52.06454909903302,-23.364692299406418],[-52.0645483783502,-23.364693689811112],[-52.06454799193447,-23.364694427641016],[-52.06454654095831,-23.36469637215694],[-52.06454474547734,-23.364698054380437],[-52.06454325061322,-23.364699035485547],[-52.064810495985036,-23.36481401647705],[-52.064810518422604,-23.364813763429716],[-52.064811162500376,-23.36481147847874],[-52.06481171418875,-23.364810242766158],[-52.06500744635407,-23.364426795864723],[-52.065007958555846,-23.364425883764135],[-52.065009409522304,-23.364423939244222],[-52.06501120499363,-23.36442225701569],[-52.06501328961997,-23.364420888937367],[-52.065015600131616,-23.364419875180474],[-52.065018065360675,-23.364419246938045],[-52.065020612088986,-23.364419023675502],[-52.06502316210605,-23.364419212247547],[-52.06502563710048,-23.364419806864866],[-52.065026897054764,-23.3644202824017],[-52.06509196044814,-23.36444815741721],[-52.065093026945,-23.36444866407578],[-52.065095133194674,-23.36445000362841],[-52.065096955338014,-23.364451661233197],[-52.065098437202934,-23.364453585790404],[-52.06509953527705,-23.36445571888854],[-52.06510021577292,-23.36445799482432],[-52.06510045760604,-23.364460346001678],[-52.065100253351545,-23.3644627002155],[-52.06509960928021,-23.364464985167515],[-52.06509909805534,-23.36446614202764],[-52.06490701465938,-23.364848782036088],[-52.06490644452644,-23.36484991310388],[-52.06490592229712,-23.364850917398318],[-52.06490447132474,-23.364852861917388],[-52.06490331091557,-23.364853949133096],[-52.065063085134476,-23.36492269039577],[-52.06506323298123,-23.364920990479312],[-52.06506387705507,-23.3649187055275],[-52.06506443026789,-23.364917538446527],[-52.0650649193506,-23.36491654882835],[-52.06525780216615,-23.364534094674738],[-52.06525834326718,-23.364533126378543],[-52.065259794231004,-23.36453118185644],[-52.06526158970043,-23.3645294996251],[-52.065263674325685,-23.364528131543487],[-52.0652659848371,-23.364527117782927],[-52.065268450066775,-23.36452648953652],[-52.065270996796514,-23.364526266269856],[-52.06527354681582,-23.364526454837723],[-52.06527602181321,-23.36452704945095],[-52.06527717182155,-23.36452747786488],[-52.06544040363375,-23.364595907091942],[-52.065441580080915,-23.364596460868718],[-52.06544368633629,-23.364597800416405],[-52.06544550848588,-23.364599458016883],[-52.06544699035743,-23.364601382570502],[-52.06544808843834,-23.364603515665888],[-52.06544876894097,-23.364605791599864],[-52.065449010780576,-23.3646081427764],[-52.065448806532146,-23.364610496990434],[-52.06544816246623,-23.364612781943634],[-52.06544767628195,-23.364613888958576],[-52.065255467168775,-23.36500089626567],[-52.065254889468974,-23.365001937066644],[-52.06525343850026,-23.365003881588787],[-52.06525292190045,-23.365004365605607],[-52.06542837117302,-23.365079849597365],[-52.06542846521833,-23.365078763316543],[-52.065429109286484,-23.36507647836345],[-52.06542957332586,-23.36507541575592],[-52.06546904240329,-23.364995175399745],[-52.06539646166353,-23.364963799472275],[-52.06539544129864,-23.36496331237214],[-52.06539333503778,-23.36496197282406],[-52.06539151288368,-23.364960315223215],[-52.0653900310087,-23.364958390669265],[-52.06538893292553,-23.364956257573635],[-52.065388252421876,-23.364953981639523],[-52.06538801058243,-23.364951630462976],[-52.065388214832204,-23.364949276249078],[-52.06538885890054,-23.36494699129611],[-52.06538925942045,-23.364946060084478],[-52.065525594039585,-23.36466087638058],[-52.06552625740147,-23.364659659775498],[-52.065527708362566,-23.364657715251024],[-52.06552950383012,-23.364656033016704],[-52.06553158845439,-23.364654664931578],[-52.06553389896575,-23.364653651167064],[-52.065536364196305,-23.364653022916418],[-52.06553891092781,-23.364652799645306],[-52.065541460949746,-23.36465298820872],[-52.06554393595051,-23.364653582817578],[-52.06554520572019,-23.36465406189602],[-52.06570221724343,-23.364721457493633],[-52.06570327393313,-23.364721960601916],[-52.065705380193016,-23.364723300145897],[-52.06570720234751,-23.364724957743103],[-52.065708684224205,-23.364726882294033],[-52.065709782310336,-23.364729015387365],[-52.06571046281811,-23.36473129131999],[-52.06571070466266,-23.364733642495896],[-52.06571050041876,-23.364735996710053],[-52.065709856356854,-23.364738281664177],[-52.065709428895836,-23.36473926905815],[-52.06552729751808,-23.365115554851215],[-52.065526819011524,-23.365116520915656],[-52.06552621301894,-23.365117693776696],[-52.06552476205311,-23.365119638301238],[-52.06552353173128,-23.365120791027564],[-52.06630666496303,-23.365457718189234],[-52.06630661507043,-23.36545722899764],[-52.06630681930432,-23.36545487478326],[-52.06630746335881,-23.365452589827147],[-52.06630796977174,-23.365451443834548],[-52.066496506836266,-23.365074974447147],[-52.06649706429343,-23.365073972617235],[-52.06649851524423,-23.365072028084224],[-52.066500310704406,-23.365070345839094],[-52.06650239532445,-23.365068977741224],[-52.06650470583485,-23.365067963962442],[-52.066507171067755,-23.3650673356964],[-52.06650971780484,-23.365067112409275],[-52.066512267835414,-23.365067300956508],[-52.066514742847616,-23.36506789554952],[-52.06651579961841,-23.3650682857522],[-52.066595788057846,-23.365101196665034],[-52.066597057759914,-23.365101788634497],[-52.06659916403442,-23.365103128165828],[-52.066600986204975,-23.365104785751964],[-52.06660246809865,-23.3651067102937],[-52.06660356620221,-23.365108843380003],[-52.066604246727294,-23.365111119308015],[-52.0666044885885,-23.36511347048183],[-52.066604284360146,-23.36511582469649],[-52.066603640312174,-23.365118109653675],[-52.066603156063614,-23.365119213045915],[-52.06641566661403,-23.365496976013155],[-52.066415124449755,-23.365498055413326],[-52.066414576235296,-23.36549911227486],[-52.06641312527884,-23.365501056807233],[-52.066411327877084,-23.36550274177427],[-52.06675210097621,-23.36564935566562],[-52.06675227562859,-23.365647340350638],[-52.06675291967614,-23.365645055393],[-52.06675349156794,-23.36564377889261],[-52.06694886233961,-23.36526427554325],[-52.06694935431232,-23.36526340421839],[-52.066950805258294,-23.365261459681385],[-52.066952600715,-23.36525977743123],[-52.066954685333016,-23.365258409327446],[-52.066956995842915,-23.365257395541988],[-52.06695946107683,-23.36525676726879],[-52.06696200781646,-23.365256543974215],[-52.06696455785099,-23.3652567325139],[-52.06696703286844,-23.365257327099542],[-52.066968220192315,-23.365257771503696],[-52.067055098073745,-23.365294458417758],[-52.06705623722913,-23.36529499617877],[-52.06705834351113,-23.365296335703594],[-52.067060165689895,-23.36529799328405],[-52.067061647592276,-23.36529991782106],[-52.067062745704774,-23.36530205090377],[-52.067063426238725,-23.36530432682939],[-52.06706366810851,-23.36530667800212],[-52.06706346388814,-23.365309032217045],[-52.06706281984732,-23.3653113171758],[-52.06706217954341,-23.365312724203818],[-52.06686243892449,-23.36569015664975],[-52.0668617279284,-23.365691532547213],[-52.06686133284146,-23.36569228579589],[-52.06685988188973,-23.365694230332178],[-52.066858788492254,-23.365695254784676],[-52.06711885948874,-23.365807142014926],[-52.06711868235009,-23.365805422637248],[-52.06711888656988,-23.3658030684224],[-52.06711953061173,-23.365800783463516],[-52.06712011888545,-23.365799476141543],[-52.06731423375875,-23.36542487986043],[-52.067314709344764,-23.365424039354888],[-52.06731616028691,-23.365422094814676],[-52.06731795574089,-23.365420412560447],[-52.0673200403574,-23.365419044451855],[-52.06732235086702,-23.365418030661026],[-52.06732481610191,-23.36541740238205],[-52.06732736284371,-23.365417179081422],[-52.06732991288157,-23.36541736761505],[-52.067332387903434,-23.365417962194712],[-52.0673335094618,-23.36541837904559],[-52.06755011169664,-23.36550866683687],[-52.06755131662391,-23.365509232144422],[-52.06755342291407,-23.365510571662256],[-52.06755524510179,-23.36551222923654],[-52.06755672701364,-23.365514153768466],[-52.06755782513581,-23.365516286847296],[-52.06755850567937,-23.36551856277035],[-52.0675587475584,-23.365520913941925],[-52.06755854334663,-23.365523268157126],[-52.067557899313506,-23.365525553117582],[-52.06755740928155,-23.36552666648715],[-52.06750696979788,-23.365628095255346],[-52.06750639597598,-23.365629129715312],[-52.06750494503458,-23.36563107425723],[-52.067503149580325,-23.365632756513563],[-52.06750106496255,-23.365634124624616],[-52.06749875445074,-23.365635138418142],[-52.067496289212805,-23.365635766699974],[-52.067493742467235,-23.36563599000347],[-52.06749119242507,-23.365635801472706],[-52.067488717398525,-23.365635206895725],[-52.067486924272,-23.365634491154402],[-52.06736801317673,-23.365578047963172],[-52.06732379476813,-23.36566628462787],[-52.067325837524415,-23.365666775579196],[-52.06732728501274,-23.3656673329115],[-52.067613295065556,-23.365794426478274],[-52.06761417406723,-23.36579485130439],[-52.06761628036262,-23.365796190821147],[-52.067618102555144,-23.365797848394458],[-52.067619584471224,-23.365799772925577],[-52.06762015489227,-23.36580087996268],[-52.06776280250822,-23.365504334352195],[-52.067760474935284,-23.365504927377255],[-52.067757928192826,-23.36550515068496],[-52.067755378152974,-23.365504962158422],[-52.0677529031279,-23.365504367585565],[-52.067751173835234,-23.36550368212026],[-52.067469914671406,-23.365371777571852],[-52.06746931747699,-23.365371480882256],[-52.06746721118988,-23.36537014136317],[-52.067465389005235,-23.36536848378771],[-52.067463907096375,-23.365366559254774],[-52.06746280897702,-23.365364426175155],[-52.06746212843596,-23.365362150251542],[-52.06746188655904,-23.365359799079705],[-52.067462070130105,-23.365357677126383],[-52.06745994270555,-23.365358219105765],[-52.06745739596517,-23.365358442408503],[-52.06745484592834,-23.365358253876927],[-52.06745237090715,-23.36535765929918],[-52.06745131021125,-23.365357268226564],[-52.06701916269597,-23.36517931493378],[-52.06701789691172,-23.36517872384429],[-52.06701579063202,-23.36517738431882],[-52.06701396845549,-23.365175726737757],[-52.06701248655522,-23.36517380220019],[-52.06701138844467,-23.365171669117007],[-52.067010707912374,-23.365169393191074],[-52.06701046604387,-23.365167042018168],[-52.06701067026508,-23.365164687803244],[-52.06701131430619,-23.365162402844653],[-52.0670118341837,-23.365161228759085],[-52.067093370493886,-23.364999367559378],[-52.06709391447449,-23.3649983938184],[-52.06709536541558,-23.364996449280174],[-52.06709716086695,-23.3649947670285],[-52.06709924547938,-23.364993398922948],[-52.067101555983584,-23.364992385135544],[-52.06710402121188,-23.36499175686026],[-52.06710656794612,-23.364991533563494],[-52.067109117975654,-23.364991722101028],[-52.0671115929887,-23.364992316684557],[-52.06711316712752,-23.36499293095983],[-52.06753559968406,-23.36518533818364],[-52.06753713914436,-23.365186019527513],[-52.06753790399765,-23.365186362039108],[-52.06754001028243,-23.36518770155735],[-52.06754183246541,-23.365189359132046],[-52.06754331437328,-23.36519128366431],[-52.06754441249236,-23.36519341674342],[-52.067545093033814,-23.3651956926667],[-52.06754533491177,-23.36519804383842],[-52.06754513070001,-23.365200398053673],[-52.067544486667984,-23.36520268301412],[-52.067543953694454,-23.36520380932136],[-52.06754344637499,-23.365204840618123],[-52.06752352112656,-23.365244708995423],[-52.067524440692175,-23.36524384649311],[-52.067526525303755,-23.36524247838192],[-52.06752883580867,-23.36524146458819],[-52.06753130103921,-23.365240836306086],[-52.06753384777718,-23.36524061300223],[-52.06753639781179,-23.365240801532607],[-52.06753887283112,-23.365241396109095],[-52.067540274163484,-23.365241932077808],[-52.06781943552665,-23.36536490919837],[-52.067820806041276,-23.36536550588884],[-52.067821744664414,-23.36536592398462],[-52.0678238509548,-23.365367263498822],[-52.06782567314371,-23.365368921069933],[-52.06782706806613,-23.36537073329361],[-52.0678681343337,-23.36528536126546],[-52.06786743430442,-23.365285539456373],[-52.06786488756639,-23.36528576276567],[-52.06786233753066,-23.365285574240705],[-52.06785986250929,-23.36528497966941],[-52.067858511240516,-23.36528446503863],[-52.067577976576146,-23.365162114234447],[-52.06757700136166,-23.365161646711073],[-52.067574895076945,-23.36516030719331],[-52.067573072893985,-23.365158649619026],[-52.067571590986084,-23.365156725087026],[-52.067570492866906,-23.36515459200811],[-52.06756981232526,-23.365152316084934],[-52.067569570446985,-23.365149964913243],[-52.067569774658274,-23.36514761069796],[-52.067570418689634,-23.36514532573741],[-52.06757098287553,-23.365144065544335],[-52.06762191394623,-23.365044800166068],[-52.067180880418945,-23.364844132961622],[-52.06718012513435,-23.36484376328707],[-52.06717801885854,-23.364842423763584],[-52.067176196684834,-23.364840766184248],[-52.06717471478623,-23.364838841648076],[-52.067173616676115,-23.364836708565946],[-52.06717293614303,-23.364834432640663],[-52.06717269427254,-23.36483208146799],[-52.06717289849062,-23.364829727252882],[-52.06717354252756,-23.36482744229368],[-52.067174055670215,-23.364826282704662],[-52.06725112818182,-23.36467281545533],[-52.06725167889222,-23.364671827216817],[-52.0672531298276,-23.36466988267728],[-52.06725492527268,-23.36466820042395],[-52.06725700987845,-23.364666832316477],[-52.06725932037579,-23.364665818526955],[-52.06726178559727,-23.364665190249404],[-52.06726433232491,-23.364664966950308],[-52.0672668823483,-23.3646651554855],[-52.06726935735581,-23.364665750066745],[-52.067270536820224,-23.3646661909096],[-52.06772237818844,-23.364856698155048],[-52.06772352519753,-23.36485723947044],[-52.06772517128655,-23.364858286781985],[-52.067726863563195,-23.36485813794867],[-52.06772941359063,-23.364858326476142],[-52.06773188860351,-23.364858921049862],[-52.06773339891752,-23.36485950594898],[-52.06800013379289,-23.3649795247052],[-52.068001610390844,-23.364980174861795],[-52.06800244003373,-23.364980544927924],[-52.068004546319564,-23.364981884439914],[-52.068006368505166,-23.364983542009107],[-52.06800785041713,-23.36498546653686],[-52.068008948541674,-23.36498759961256],[-52.06800962908975,-23.364989875533627],[-52.0680097425663,-23.364990973946842],[-52.06814964306936,-23.364700133269267],[-52.06794538140905,-23.36450222588998],[-52.06789635344379,-23.364455713604823],[-52.06789499253676,-23.364457537410733],[-52.067893197102784,-23.364459219671033],[-52.06789111250706,-23.364460587786663],[-52.067888802018416,-23.36446160158524],[-52.067886336804044,-23.364462229872444],[-52.06788379008173,-23.36446245318148],[-52.06788261973389,-23.364462417815417],[-52.06735908431034,-23.364427342210977],[-52.06735791844208,-23.36442725532833],[-52.06735653607449,-23.364427131988293],[-52.06735406107112,-23.364426537408253],[-52.0673517346047,-23.364425555247614],[-52.06734962833405,-23.36442421572619],[-52.06734780616424,-23.36442255814864],[-52.06734763819737,-23.36442235155959],[-52.0673236529321,-23.36439534526334],[-52.06721763633594,-23.36435285231525],[-52.06721623707455,-23.364352207042582],[-52.067214130806384,-23.364350867519224],[-52.06721230863923,-23.364349209939995],[-52.06721082674588,-23.364347285403845],[-52.06720972863959,-23.36434515232172],[-52.06720904810876,-23.36434287639637],[-52.06720880623892,-23.364340525223604],[-52.06720901045596,-23.36433817100837],[-52.06720965449027,-23.36433588604898],[-52.06721071834033,-23.3643337382215],[-52.06721216927285,-23.36433179368235],[-52.06721359244686,-23.36433041473245],[-52.06750341077181,-23.364086407790808],[-52.06750378303772,-23.364086104487278],[-52.06750554063577,-23.36408495085843],[-52.06743875679872,-23.364021593037567],[-52.06743856810326,-23.364021974569802],[-52.06743711717731,-23.364023919110885],[-52.06743593885295,-23.364025086851196],[-52.067123250275934,-23.36430061217817],[-52.067122015751956,-23.364301726107836],[-52.06712142032015,-23.364302260343912],[-52.06711933571845,-23.364303628449473],[-52.06711702522611,-23.364304642236796],[-52.06711456001045,-23.36430527051188],[-52.0671120132893,-23.3643054938083],[-52.06710946327291,-23.364305305270317],[-52.067106988272755,-23.36430471068623],[-52.067104661810156,-23.364303728521747],[-52.06710255554384,-23.364302388996826],[-52.06710111887749,-23.364301103613055],[-52.06710072948734,-23.36430073415232],[-52.06690337525074,-23.36410262559136],[-52.06690300431859,-23.364102239746718],[-52.06690152243249,-23.364100315207324],[-52.06690042433326,-23.364098182122703],[-52.066899743809095,-23.36409590619571],[-52.0668995019453,-23.364093555022166],[-52.06689970616765,-23.36409120080707],[-52.06690035020631,-23.36408891584875],[-52.066901414059636,-23.364086768023153],[-52.066902864994255,-23.36408482348677],[-52.06690420654441,-23.36408351373898],[-52.06721631052609,-23.36381672582228],[-52.0672167644163,-23.36381635331991],[-52.06721884900952,-23.363814985213285],[-52.0672203045172,-23.363814346662643],[-52.066924247549544,-23.363533474102002],[-52.066699373944026,-23.363306245985363],[-52.06669906324015,-23.363306662669892],[-52.06669756426573,-23.363308104452294],[-52.066383367672444,-23.36356888671529],[-52.06638178682488,-23.363570245055616],[-52.06638150317457,-23.363570497173704],[-52.06637941857597,-23.363571865269392],[-52.066377108089966,-23.36357287904563],[-52.06637464288369,-23.36357350730873],[-52.0663720961747,-23.36357373059265],[-52.066369546172886,-23.363573542042033],[-52.066367071189255,-23.363572947445583],[-52.06636474474463,-23.363571965269337],[-52.06636263849718,-23.36357062573363],[-52.06636125310508,-23.363569388765622],[-52.06636081149608,-23.363568972692594],[-52.06630028700119,-23.363508834945268],[-52.06629986577711,-23.363508398862848],[-52.066298383906435,-23.36350647431704],[-52.06629728582196,-23.363504341227497],[-52.06629660531145,-23.363502065297197],[-52.06629636345978,-23.363499714122128],[-52.066296567692355,-23.363497359907296],[-52.06629721173902,-23.363495074950983],[-52.06629827559792,-23.363492927129194],[-52.06629972653548,-23.363490982598147],[-52.06630116428343,-23.363489590912355],[-52.06661567122306,-23.36322553532491],[-52.06661602891607,-23.36322524476755],[-52.066617958766365,-23.36322397797834],[-52.066501511219485,-23.36310631132744],[-52.06650135429204,-23.36310662851527],[-52.066499903361425,-23.363108573047995],[-52.06649833247288,-23.363110074929534],[-52.06618240117475,-23.363368872554776],[-52.066182187467795,-23.363369062778666],[-52.0661801028701,-23.363370430871697],[-52.066177792385886,-23.363371444644926],[-52.06617532718222,-23.363372072904802],[-52.06617278047659,-23.363372296185375],[-52.06617023047878,-23.363372107631363],[-52.06616775549967,-23.36337151303156],[-52.066165429059964,-23.363370530852148],[-52.06616332281768,-23.363369191313524],[-52.066162001499734,-23.363368014421113],[-52.0661614948508,-23.36336753917974],[-52.06604301699879,-23.363251268806348],[-52.06604253364832,-23.363250770825957],[-52.06604105178428,-23.363248846277408],[-52.066039953706145,-23.36324671318576],[-52.06603927320148,-23.36324443725407],[-52.06603903135499,-23.363242086078337],[-52.06603923559193,-23.363239731863597],[-52.06603987964199,-23.36323744690817],[-52.06604094350323,-23.363235299087975],[-52.06604239444202,-23.363233354559213],[-52.06604388758958,-23.363231917338577],[-52.066240901855345,-23.363068181442543],[-52.066191173946955,-23.363020614805716],[-52.06619056045689,-23.36301999126517],[-52.066189078593474,-23.363018066717935],[-52.066187980515075,-23.363015933627278],[-52.06618730000927,-23.36301365769622],[-52.06618705816077,-23.36301130652073],[-52.066187262394905,-23.363008952305833],[-52.066187906441456,-23.363006667349868],[-52.0661889702986,-23.363004519528754],[-52.06619042123278,-23.36300257499873],[-52.06619189493392,-23.363001153263582],[-52.06630066057105,-23.362910439458382],[-52.06630098230697,-23.3629101789522],[-52.06630306689636,-23.362908810857785],[-52.06630515314664,-23.362907895252786],[-52.066236956453736,-23.362838983723524],[-52.06623608803548,-23.362840736420175],[-52.06623463710362,-23.362842680950564],[-52.066233408263095,-23.36284389328278],[-52.06612314216112,-23.36294014572209],[-52.0661680788653,-23.362989743798053],[-52.06616947683312,-23.362991575888017],[-52.06617057491101,-23.36299370897882],[-52.06617125541643,-23.362995984909972],[-52.0661714972646,-23.3629983360855],[-52.066171293030195,-23.363000690300392],[-52.06617064898339,-23.363002975256297],[-52.066169585125955,-23.36300512307729],[-52.06616813419141,-23.36300706760711],[-52.06616675669431,-23.36300840830222],[-52.0659820405437,-23.363165147272824],[-52.0659805989514,-23.36316642517933],[-52.06598019874812,-23.363166782861324],[-52.06597811415132,-23.363168150951655],[-52.06597580366886,-23.363169164721853],[-52.06597333846783,-23.363169792978464],[-52.065970791765565,-23.363170016255616],[-52.065968241771785,-23.36316982769815],[-52.06596576679723,-23.36316923309497],[-52.065963440362474,-23.36316825091235],[-52.06596133412538,-23.363166911370776],[-52.06595994775571,-23.363165673502376],[-52.065959507127594,-23.363165257421436],[-52.06582477798607,-23.363031352497448],[-52.06582435775053,-23.363030917310084],[-52.065822875892124,-23.363028992759222],[-52.065821777819366,-23.363026859665784],[-52.065821097319684,-23.363024583732905],[-52.06582085547759,-23.363022232556613],[-52.06582105971822,-23.36301987834198],[-52.06582170377114,-23.363017593387287],[-52.06582276763437,-23.36301544556845],[-52.065824218574164,-23.36301350104164],[-52.065825815716295,-23.363011978214356],[-52.06614274491301,-23.362753563780828],[-52.06614492864788,-23.362752115531844],[-52.06614723912184,-23.36275110175942],[-52.0661494329024,-23.36275054308916],[-52.06610661897052,-23.362707280003608],[-52.06610657083049,-23.36270737697347],[-52.06610511989806,-23.36270932150269],[-52.06610385899906,-23.36271056205136],[-52.065792252932596,-23.36298087135975],[-52.065790931892906,-23.362982054511146],[-52.06579041804975,-23.362982515027714],[-52.06578833345369,-23.362983883115508],[-52.06578602297281,-23.362984896882875],[-52.065783557774104,-23.36298552513642],[-52.065781011074904,-23.362985748410377],[-52.065778461084776,-23.362985559849665],[-52.06577598611442,-23.362984965243317],[-52.06577365968421,-23.362983983057674],[-52.0657715534519,-23.362982643513345],[-52.06576999161486,-23.362981238843908],[-52.06576972937208,-23.36298098683215],[-52.06571823956639,-23.362928011963813],[-52.06571798995448,-23.362927749027598],[-52.06571650809878,-23.362925824475603],[-52.06571541002861,-23.362923691381283],[-52.065714729531315,-23.362921415447826],[-52.065714487691366,-23.36291906427127],[-52.065714691933806,-23.362916710056666],[-52.06571533598815,-23.362914425102346],[-52.06571639985236,-23.362912277284174],[-52.0657178507927,-23.362910332758307],[-52.06571893489682,-23.362909248766254],[-52.06602696499272,-23.362632908039323],[-52.06602767632822,-23.362632309794137],[-52.06602976091635,-23.362630941703387],[-52.06603067535911,-23.362630540777477],[-52.06572252079309,-23.362319154226128],[-52.06572195842139,-23.362319907708216],[-52.06572032921312,-23.362321456945406],[-52.0653916857743,-23.362587807182067],[-52.065389507924536,-23.362589258090246],[-52.06538719744708,-23.36259027185163],[-52.06538473225345,-23.362590900098727],[-52.06538218556079,-23.362591123365938],[-52.06537963557853,-23.362590934798412],[-52.065377160617075,-23.362590340185413],[-52.065374834196554,-23.362589357993418],[-52.065372727974434,-23.36258801844329],[-52.06537132091432,-23.362586760839807],[-52.06537090197013,-23.362586364479725],[-52.06516710773993,-23.36238297665373],[-52.06516670821768,-23.36238256209694],[-52.06516522637611,-23.362380637539083],[-52.065164128319466,-23.362378504440272],[-52.06516344783466,-23.36237622850381],[-52.065163206005785,-23.362373877325844],[-52.06516341025756,-23.36237152311147],[-52.06516405431922,-23.362369238159022],[-52.0651651181885,-23.362367090344286],[-52.06516656913151,-23.362365145823322],[-52.06516836846552,-23.362363460857555],[-52.065502512100416,-23.362101063952583],[-52.06550458890349,-23.362099701341],[-52.06550511728691,-23.362099469234813],[-52.06545590986422,-23.362049745578094],[-52.065455723085954,-23.362050122579102],[-52.06545427215051,-23.362052067102532],[-52.06545268473253,-23.362053581731022],[-52.0651227632657,-23.362323060649583],[-52.065122565102534,-23.362323237218316],[-52.06512048050925,-23.362324605297214],[-52.065118170034076,-23.36232561905456],[-52.06511570484384,-23.362326247297297],[-52.06511315815558,-23.36232647055998],[-52.06511060817859,-23.36232628198787],[-52.06510813322311,-23.362325687370344],[-52.0651058068091,-23.362324705174093],[-52.065103700593816,-23.362323365620032],[-52.0651022393316,-23.362322057803905],[-52.065101875567514,-23.362321710743227],[-52.06497348459733,-23.362192217343697],[-52.064973137341525,-23.362191854816015],[-52.064971655504905,-23.362189930256093],[-52.06497055745301,-23.362187797155702],[-52.064969876972576,-23.362185521218183],[-52.06496963514758,-23.362183170039735],[-52.06496983940265,-23.362180815825432],[-52.06497048346689,-23.362178530873642],[-52.064971547337954,-23.362176383060092],[-52.0649729982819,-23.362174438540855],[-52.06497470525955,-23.36217282646147],[-52.065308788832894,-23.36190585749731],[-52.06531091715741,-23.361904453893757],[-52.06531176140213,-23.36190408325545],[-52.06506143910992,-23.361651131202212],[-52.06506054782679,-23.361651981756136],[-52.06472411018704,-23.36192674633773],[-52.064723912016696,-23.361926922002805],[-52.06472182742511,-23.361928290076392],[-52.064719516953396,-23.361929303827754],[-52.06471705176825,-23.36192993206404],[-52.064714505086584,-23.361930155319982],[-52.06471195511749,-23.361929966741084],[-52.064709480170926,-23.36192937211689],[-52.06470715376664,-23.361928389914294],[-52.06470504756156,-23.361927050354428],[-52.06470346603187,-23.361925626840325],[-52.064703224487715,-23.361925393652903],[-52.06446861927296,-23.361683067259232],[-52.06446838841105,-23.361682824063603],[-52.064466906587484,-23.361680899498303],[-52.064466518054886,-23.36168014526326],[-52.06445414015685,-23.36169062433886],[-52.06437124931917,-23.361618062724585],[-52.06435013786421,-23.36160662015683],[-52.06432741208915,-23.36159886354446],[-52.064303710159045,-23.361595010701773],[-52.06427969765046,-23.36159516982088],[-52.064256048861346,-23.36159933643354],[-52.06423342787602,-23.361607393536634],[-52.06421246991691,-23.36161911487774],[-52.06419376350682,-23.361634171308562],[-52.064177833942566,-23.361652140027775],[-52.064165128544026,-23.361672516453748]],[[-52.063622338446095,-23.36292108946875],[-52.063978154054645,-23.36307161226154],[-52.063979284346125,-23.36307214649354],[-52.063981390562915,-23.363073486062593],[-52.06398321267341,-23.363075143681854],[-52.06398469450657,-23.36307706825109],[-52.06398579255094,-23.36307920135846],[-52.06398647301997,-23.363081477300454],[-52.06398671482999,-23.363083828480747],[-52.063986510556816,-23.36308618269415],[-52.06398586647183,-23.363088467642434],[-52.06398537160563,-23.363089590969782],[-52.06383620672641,-23.363388900840143],[-52.063835637696386,-23.36338992531974],[-52.06383418672292,-23.363391869829236],[-52.063833009809024,-23.363392972503615],[-52.063937878565554,-23.36343773721212],[-52.06393896370181,-23.363438251881018],[-52.06394106992416,-23.363439591450366],[-52.06394289203938,-23.363441249069833],[-52.063944373876254,-23.363443173639237],[-52.06394547192325,-23.363445306746726],[-52.06394615239373,-23.363447582688746],[-52.063946394203995,-23.36344993386899],[-52.06394618992984,-23.363452288082282],[-52.06394554584265,-23.363454573030378],[-52.063944786924274,-23.363456198523313],[-52.0637708138116,-23.363770379228246],[-52.063769975348,-23.363771967326937],[-52.06376969393243,-23.36377250031906],[-52.06376824295407,-23.363774444828024],[-52.06376644747482,-23.363776127042673],[-52.063764362844765,-23.36377749510461],[-52.06376205233373,-23.363778508843044],[-52.06375958710961,-23.363779137065524],[-52.06375704039049,-23.36377936030717],[-52.06375449038659,-23.36377917171395],[-52.063752015408994,-23.363778577075852],[-52.063750754220194,-23.36377806811854],[-52.06374967935421,-23.36377761479591],[-52.063598795236466,-23.363712814656346],[-52.06359774346794,-23.36371231330626],[-52.063595637244404,-23.363710973732374],[-52.0635938151295,-23.3637093161089],[-52.06359233329443,-23.36370739153616],[-52.06359123525063,-23.363705258426144],[-52.06359055478462,-23.363702982482483],[-52.06359031297997,-23.363700631301548],[-52.063590517260636,-23.363698277088528],[-52.06359116135496,-23.363695992141697],[-52.063591851809406,-23.363694490853536],[-52.06376287988345,-23.36337752773995],[-52.06376325333206,-23.363376881222756],[-52.063764704306436,-23.363374936713885],[-52.063765092727,-23.363374572795117],[-52.06371937900119,-23.363356008575202],[-52.06355675761789,-23.363675444356176],[-52.06355615081545,-23.36367663979551],[-52.063555661314986,-23.36367757793003],[-52.06355421033438,-23.36367952243712],[-52.06355241485356,-23.363681204649403],[-52.06355033022263,-23.3636825727085],[-52.06354801971145,-23.363683586443784],[-52.063545554487916,-23.36368421466287],[-52.063543007770086,-23.363684437900993],[-52.06354045776816,-23.363684249304196],[-52.063537982793164,-23.363683654662605],[-52.063536736330285,-23.363683151925805],[-52.0635356457704,-23.363682693289135],[-52.06327647115927,-23.363571675285577],[-52.06327540467593,-23.363571168614058],[-52.06327329845775,-23.36356982903563],[-52.063271476348696,-23.363568171408115],[-52.06326999451979,-23.36356624683207],[-52.06326889648232,-23.36356411371952],[-52.06326821602258,-23.363561837774206],[-52.063267974223955,-23.36355948659251],[-52.0632681785102,-23.36355713237967],[-52.06326882260954,-23.363554847433956],[-52.063269481259766,-23.363553405974116],[-52.06360305864548,-23.36292742456587],[-52.06360346390069,-23.36292671822192],[-52.063604914872826,-23.362924773714525],[-52.06360671034319,-23.362923091501884],[-52.063608794961965,-23.36292172344234],[-52.0636111054597,-23.362920709706575],[-52.06361357066892,-23.362920081486916],[-52.06361611737203,-23.362919858248162],[-52.06361866735934,-23.362920046844277],[-52.06362114232035,-23.36292064148515],[-52.063622338446095,-23.36292108946875]],[[-52.06404743605776,-23.36207259067122],[-52.064421448963614,-23.362233025096835],[-52.06442250954894,-23.36223352909134],[-52.06442461575632,-23.36223486865491],[-52.06442643786019,-23.36223652626938],[-52.06442791968972,-23.362238450834727],[-52.064429017733566,-23.362240583939215],[-52.06442969820517,-23.362242859879398],[-52.06442994002084,-23.362245211058998],[-52.064429735756164,-23.36224756527293],[-52.06442909168229,-23.362249850222835],[-52.06442858527834,-23.362250998016254],[-52.06406141541939,-23.362983901285006],[-52.06406085010565,-23.362985023285226],[-52.064060323057355,-23.362986036641765],[-52.064058872091394,-23.362987981153147],[-52.06405707662613,-23.362989663370797],[-52.06405499201117,-23.362991031436167],[-52.064052681515896,-23.36299204517841],[-52.06405021630772,-23.36299267340495],[-52.06404766960425,-23.36299289665078],[-52.064045119615244,-23.362992708061757],[-52.06404264465129,-23.3629921134277],[-52.06404133831095,-23.362991584909228],[-52.0640403086014,-23.362991150248426],[-52.06367488110069,-23.362832750225138],[-52.06367387450416,-23.362832269341755],[-52.06367176829419,-23.362830929768283],[-52.06366994619088,-23.36282927214508],[-52.06366846436505,-23.36282734757254],[-52.06366737232707,-23.362825230679352],[-52.06365733580403,-23.36280043753719],[-52.06365665234262,-23.362798153485056],[-52.06365641053913,-23.362795802303946],[-52.06365661481792,-23.362793448090674],[-52.063657258907384,-23.362791163143505],[-52.06365785875535,-23.36278983227171],[-52.06402802790617,-23.36207900617108],[-52.06402849195068,-23.36207818923649],[-52.064029942907766,-23.3620762447255],[-52.064031738361585,-23.362074562508425],[-52.06403382296286,-23.362073194443727],[-52.064036133442684,-23.362072180702224],[-52.06403859863409,-23.362071552476458],[-52.06404114532005,-23.362071329231387],[-52.064043695291396,-23.362071517821146],[-52.064046170238086,-23.362072112455884],[-52.06404743605776,-23.36207259067122]],[[-52.06422079996694,-23.363177387390508],[-52.064223346673494,-23.363177164141717],[-52.06422589666618,-23.363177352727714],[-52.06422837163431,-23.36317794735869],[-52.06422959034332,-23.363178405119054],[-52.06432967612476,-23.363220964881204],[-52.064330867868605,-23.3632214761127],[-52.064331990033956,-23.36322197246312],[-52.064334096256516,-23.36322331202719],[-52.06433591837336,-23.363224969642058],[-52.06433740021321,-23.36322689420768],[-52.06433849826445,-23.363229027312283],[-52.06433917874031,-23.363231303252448],[-52.06433942055691,-23.3632336544319],[-52.06433921628988,-23.36323600864553],[-52.06433857221038,-23.36323829359502],[-52.06433786589114,-23.363239766995093],[-52.06433751911803,-23.36324044584719],[-52.06417724953059,-23.363538580624958],[-52.06426092262903,-23.363573312952383],[-52.06441887927376,-23.363274065736686],[-52.064419308614276,-23.363273313163955],[-52.06442075957776,-23.363271368649357],[-52.0644225550419,-23.36326968642764],[-52.064424639657105,-23.363268318357395],[-52.064426950154015,-23.36326730460963],[-52.064429415365176,-23.363266676377048],[-52.06443196207294,-23.363266453124837],[-52.064434512067486,-23.363266641707355],[-52.064436987038064,-23.363267236334917],[-52.064438209676005,-23.36326769587328],[-52.06465638005523,-23.363360485365558],[-52.064657483845124,-23.363361008031262],[-52.06465959007302,-23.36336234759072],[-52.06466141219571,-23.363364005201557],[-52.06466289404175,-23.36336592976382],[-52.06466399209935,-23.363368062865888],[-52.06466467258152,-23.363370338804348],[-52.064664914404204,-23.36337268998304],[-52.06466471014282,-23.363375044196843],[-52.06466406606839,-23.363377329147465],[-52.064663370808525,-23.363378839504676],[-52.064499588460606,-23.36368172491305],[-52.06449881759771,-23.363683201462457],[-52.06449847645604,-23.363683850471105],[-52.0644970254895,-23.363685794986445],[-52.06449523002095,-23.3636874772091],[-52.06449314540014,-23.363688845280436],[-52.06449083489662,-23.36368985902938],[-52.064488369678045,-23.36369048726316],[-52.064485822962354,-23.363690710516572],[-52.06448327295963,-23.3636905219352],[-52.06448079798095,-23.363689927308688],[-52.064479593723995,-23.3636894423563],[-52.0644784609663,-23.363688967755834],[-52.064270812255096,-23.36360076244212],[-52.06410417644715,-23.36391486288154],[-52.0641034586694,-23.363916249651787],[-52.06410306934729,-23.363916991113225],[-52.06410161837243,-23.36391893562514],[-52.06409982289569,-23.36392061784351],[-52.06409773826705,-23.36392198590979],[-52.064095427756314,-23.363922999653127],[-52.06409296253134,-23.36392362788089],[-52.06409041581027,-23.363923851128057],[-52.064087865803366,-23.363923662540387],[-52.064085390821774,-23.363923067907738],[-52.0640842042303,-23.36392259005776],[-52.06408305283454,-23.36392210925885],[-52.0639815468431,-23.363879154381255],[-52.063980421450346,-23.363878621922616],[-52.063978315220496,-23.363877282354153],[-52.063976493098664,-23.363875624735407],[-52.063975011256254,-23.363873700166607],[-52.06397391320498,-23.363871567059597],[-52.06397323273155,-23.363869291117933],[-52.06397299091974,-23.363866939937893],[-52.06397319519374,-23.36386458572466],[-52.06397383928213,-23.363862300776525],[-52.06397456155439,-23.363860741465928],[-52.06414498314597,-23.363548660244433],[-52.06404390497332,-23.363503010965392],[-52.06404310945193,-23.363502623484838],[-52.06404100322759,-23.363501283916957],[-52.06403918111034,-23.36349962629871],[-52.06403769927147,-23.363497701730285],[-52.06403660122256,-23.36349556862355],[-52.064035920750264,-23.363493292682016],[-52.064035678938325,-23.363490941501972],[-52.06403588321093,-23.363488587288614],[-52.06403652729669,-23.363486302340203],[-52.064037400041464,-23.363484474660265],[-52.06421050206134,-23.363184344292144],[-52.06421069321166,-23.363184024164106],[-52.06421214417733,-23.36318207965138],[-52.06421393964306,-23.363180397431968],[-52.06421602425917,-23.363179029364463],[-52.064218334756276,-23.36317801561976],[-52.06422079996694,-23.363177387390508]],[[-52.06435367028229,-23.361689898734532],[-52.064418520080814,-23.361746237940448],[-52.0644196351652,-23.36174731960963],[-52.06442111698888,-23.361749244175368],[-52.06442221502826,-23.36175137728019],[-52.064422895496904,-23.361753653220635],[-52.06442313731118,-23.36175600440044],[-52.06442293304676,-23.361758358614473],[-52.06442228897477,-23.361760643564413],[-52.06442172959792,-23.36176189558564],[-52.06431772364621,-23.361964877274435],[-52.0643171004583,-23.361966101730246],[-52.06431662638314,-23.361967009956626],[-52.06431517543149,-23.3619689544701],[-52.06431337998272,-23.36197063669028],[-52.064311295386034,-23.361972004758552],[-52.06430898491019,-23.361973018503992],[-52.06430651972204,-23.361973646733926],[-52.064303973038555,-23.36197386998324],[-52.06430142306892,-23.361973681397647],[-52.064298948123096,-23.361973086766923],[-52.06429778805485,-23.361972620479115],[-52.06429661017645,-23.36197212902296],[-52.064130933728954,-23.361902379264134],[-52.064129780868164,-23.3619018352512],[-52.06412767466899,-23.361900495683322],[-52.064125852573426,-23.361898838064995],[-52.064124370752126,-23.361896913496402],[-52.06412327271614,-23.3618947803894],[-52.06412259225172,-23.36189250444754],[-52.064122350442375,-23.361890153267122],[-52.064122554712206,-23.361887799053317],[-52.064123198789915,-23.36188551410444],[-52.06412387091695,-23.361884047260105],[-52.06421915444034,-23.361706177851648],[-52.06421954619516,-23.36170549688751],[-52.06422099714555,-23.361703552374916],[-52.064222792592055,-23.361701870155812],[-52.0642248771856,-23.361700502088812],[-52.06422645415219,-23.361699760679013],[-52.064278263983425,-23.361678952750903],[-52.06427899748851,-23.36167868041638],[-52.06428146267143,-23.361678052187067],[-52.06428365427623,-23.361677834965977],[-52.064309325622965,-23.36167708684181],[-52.064309680696056,-23.361677080814093],[-52.06431223066002,-23.36167726939976],[-52.06431390932193,-23.361677625583365],[-52.06434773439643,-23.361686762568386],[-52.06434853067495,-23.361687001015333],[-52.06435085707254,-23.361687983223526],[-52.06435296327039,-23.36168932278847],[-52.06435367028229,-23.361689898734532]],[[-52.064634128240435,-23.36268453987224],[-52.064631581544226,-23.36268476312734],[-52.0646290315607,-23.362684574547625],[-52.06462655660032,-23.362683979922686],[-52.064624230183185,-23.3626829977194],[-52.06462285867671,-23.362682149014695],[-52.06462211621995,-23.362681668146813],[-52.06455644898722,-23.362637586456053],[-52.064316753032244,-23.363101966453332],[-52.06431626780341,-23.363102825983],[-52.06431481684011,-23.363104770496655],[-52.064313021376684,-23.36310645271714],[-52.06431093676272,-23.36310782078588],[-52.064308626267575,-23.363108834531886],[-52.064306161058646,-23.36310946276248],[-52.06430361435357,-23.363109686012553],[-52.064301064362134,-23.363109497427793],[-52.064298589395015,-23.36310890279792],[-52.06429736185331,-23.363108441485362],[-52.06421580719029,-23.363073723661905],[-52.064214708310104,-23.363073202765953],[-52.06421260209111,-23.363071863200133],[-52.06421077997791,-23.36307020558366],[-52.064209298141684,-23.363068281016673],[-52.06420820009391,-23.363066147910992],[-52.06420751962123,-23.363063871970095],[-52.06420727780737,-23.363061520790293],[-52.06420748207661,-23.363059166576708],[-52.06420812615763,-23.363056881627656],[-52.06420871541326,-23.363055572502656],[-52.064708559765144,-23.362091413466892],[-52.06470903439311,-23.362090574781693],[-52.06471048534012,-23.362088630264754],[-52.06471228078519,-23.36208694804018],[-52.06471436537928,-23.362085579966678],[-52.064716675853695,-23.362084566215298],[-52.06471914104167,-23.362083937978916],[-52.064721687726255,-23.3620837147228],[-52.064724237698314,-23.362083903301425],[-52.06472671264781,-23.362084497925267],[-52.06472903905501,-23.36208548012744],[-52.06473114526288,-23.362086819686866],[-52.0647326053172,-23.36208809951584],[-52.06486620503182,-23.3622224484833],[-52.06486656708369,-23.362222826264883],[-52.06486804891923,-23.362224750825845],[-52.06486914696986,-23.36222688392698],[-52.06486982744883,-23.362229159864963],[-52.064870069272175,-23.362231511043635],[-52.064869865015304,-23.362233865257846],[-52.064869220949106,-23.362236150209284],[-52.06486867506106,-23.362237375947526],[-52.064645331214315,-23.362675769492185],[-52.064644721520075,-23.362676968567936],[-52.06464423493669,-23.362677903073003],[-52.064642783982634,-23.362679847589444],[-52.06464098852899,-23.36268152981344],[-52.06463890392505,-23.362682897886234],[-52.06463659343983,-23.362683911636797],[-52.064634128240435,-23.36268453987224]],[[-52.064494859503135,-23.361834751172363],[-52.064497406183506,-23.361834527920045],[-52.06449995615063,-23.36183471650252],[-52.06450243109462,-23.36183531113014],[-52.06450475749587,-23.3618362933359],[-52.06450686369758,-23.36183763289861],[-52.06450868579681,-23.361839290512375],[-52.06450955401219,-23.361840329603602],[-52.06458097258286,-23.36193495476972],[-52.0645815861944,-23.36193584024294],[-52.06458268423796,-23.36193797334644],[-52.0645833647104,-23.361940249285976],[-52.06458360652798,-23.361942600465383],[-52.064583402266265,-23.36194495467948],[-52.064582758196295,-23.361947239629956],[-52.06458234901873,-23.36194818896257],[-52.06453007384295,-23.36205705450188],[-52.06452961558668,-23.36205798339475],[-52.064528990335724,-23.36205919431745],[-52.06452753938631,-23.362061138832786],[-52.06452574393916,-23.362062821055343],[-52.064523659343365,-23.362064189126393],[-52.064521348867714,-23.36206520287497],[-52.064518883679,-23.36206583110825],[-52.06451633699428,-23.36206605436108],[-52.06451378702272,-23.362065865779016],[-52.064511312074366,-23.362065271151764],[-52.06450990856376,-23.36206470175093],[-52.06450897796558,-23.362064304352998],[-52.064405993603366,-23.36201883532795],[-52.06440508321741,-23.3620183962449],[-52.06440297701372,-23.36201705668092],[-52.064401154913234,-23.362015399066003],[-52.06439967308671,-23.362013474500248],[-52.06439857504535,-23.362011341395405],[-52.06439789457562,-23.362009065454966],[-52.06439765276113,-23.36200671427519],[-52.06439785702617,-23.36200436006123],[-52.064398501099596,-23.362002075111402],[-52.06439918093472,-23.362000593762414],[-52.06448436881796,-23.36184205442176],[-52.06448475286115,-23.36184138796057],[-52.06448620380895,-23.36183944344564],[-52.064487999253735,-23.361837761223608],[-52.06449008384648,-23.36183639315311],[-52.064492394318506,-23.3618353794051],[-52.064494859503135,-23.361834751172363]],[[-52.06458137472276,-23.36372113400015],[-52.0647511643839,-23.36341146708821],[-52.064751495404586,-23.363410898532273],[-52.06475294636448,-23.363408954014762],[-52.06475474182605,-23.363407271789338],[-52.06475682643975,-23.36340590371475],[-52.06475913693625,-23.3634048899621],[-52.06476160214815,-23.36340426172426],[-52.06476414885775,-23.363404038466566],[-52.064766698855166,-23.36340422704354],[-52.06476917382958,-23.36340482166572],[-52.06477039155693,-23.363405278525224],[-52.064877787640945,-23.363450907818216],[-52.064878896345306,-23.363451433158435],[-52.06488100257676,-23.363452772714766],[-52.06488282470339,-23.363454430322854],[-52.064884306553594,-23.363456354882853],[-52.064885404615474,-23.363458487983166],[-52.064886085101904,-23.36346076392051],[-52.06488632692871,-23.363463115098682],[-52.064886122671176,-23.363465469312622],[-52.06488547860022,-23.363467754263983],[-52.06488485369508,-23.363469131373595],[-52.06472394758247,-23.363775029454686],[-52.06481087529298,-23.363811903388584],[-52.06497220032515,-23.36350776631344],[-52.06497261713336,-23.363507037307652],[-52.06497406809093,-23.3635050927882],[-52.06497586355084,-23.36350341056031],[-52.06497794816361,-23.363502042482807],[-52.06498025865993,-23.36350102872691],[-52.06498272387238,-23.363500400485567],[-52.064985270583286,-23.363500177224225],[-52.06498782058271,-23.363500365797517],[-52.064990295559774,-23.363500960416083],[-52.06499150641926,-23.36350141461097],[-52.06532577188141,-23.363643238623176],[-52.06532688745849,-23.363643766622904],[-52.0653289936973,-23.3636451061729],[-52.06533081583199,-23.363646763775435],[-52.06533229769075,-23.363648688330827],[-52.06533339576137,-23.363650821427637],[-52.065334076256484,-23.36365309736264],[-52.06533431809165,-23.363655448539756],[-52.065334113841914,-23.36365780275395],[-52.06533346977793,-23.36366008770685],[-52.06533287090724,-23.363661416771517],[-52.06517176485495,-23.36397084000816],[-52.06517109823628,-23.36397213882479],[-52.0651706636632,-23.363972970916265],[-52.06516921270377,-23.363974915437513],[-52.065167417240296,-23.363976597667662],[-52.06516533262238,-23.3639779657478],[-52.06516302211948,-23.363978979506644],[-52.065160556899244,-23.36397960775107],[-52.06515801017964,-23.363979831015588],[-52.06515546017089,-23.363979642445422],[-52.065152985184234,-23.36397904782987],[-52.065151829015775,-23.36397858242576],[-52.065150647196205,-23.3639780901004],[-52.06482026586747,-23.363839077147528],[-52.06465963246486,-23.364149182200627],[-52.06465897934848,-23.36415045744027],[-52.06465853224889,-23.364151314001912],[-52.06465708127997,-23.364153258518712],[-52.064655285807476,-23.364154940743273],[-52.064653201181294,-23.36415630881686],[-52.064650890671146,-23.36415732256836],[-52.06464842544489,-23.364157950804927],[-52.06464587872067,-23.36415817406125],[-52.064643328708875,-23.364157985482837],[-52.0646408537208,-23.36415739085923],[-52.064639733870585,-23.364156940558576],[-52.0646385147691,-23.36415643493506],[-52.06453843235364,-23.36411464309252],[-52.06453724021165,-23.364114083093085],[-52.06453513397271,-23.364112743532488],[-52.0645333118409,-23.36411108592064],[-52.064531829987914,-23.364109161357586],[-52.0645307319258,-23.36410702825492],[-52.06453005144158,-23.364104752316134],[-52.0645298096194,-23.36410240113742],[-52.064530013883726,-23.364100046923873],[-52.06453065796343,-23.364097761973817],[-52.06453128672311,-23.36409637671054],[-52.06469534841321,-23.363784928885163],[-52.06458834065058,-23.36373956327565],[-52.064587224089934,-23.3637390343741],[-52.06458511785661,-23.363737694813913],[-52.06458329572953,-23.363736037202415],[-52.06458181388026,-23.363734112639587],[-52.06458071582068,-23.363731979537125],[-52.064580035337826,-23.363729703598395],[-52.064579793515726,-23.363727352419648],[-52.06457999777887,-23.363724998205985],[-52.064580641856175,-23.363722713255715],[-52.06458137472276,-23.36372113400015]],[[-52.06466646637208,-23.36326121156198],[-52.06466391966498,-23.363261434818],[-52.06466136967037,-23.36326124623923],[-52.06465889469904,-23.36326065161524],[-52.064657563818166,-23.363260113333894],[-52.064656559611365,-23.363259687535717],[-52.064576510370685,-23.363224845861335],[-52.064575527325516,-23.36322437475888],[-52.06457342110066,-23.363223035198146],[-52.06457159898101,-23.36322137758616],[-52.06457011713794,-23.363219453022886],[-52.06456901908316,-23.363217319920025],[-52.0645683386035,-23.363215043981004],[-52.06456809678292,-23.363212692802037],[-52.06456830104588,-23.36321033858827],[-52.06456894512128,-23.363208053637955],[-52.064569501610706,-23.3632068070551],[-52.06478433513443,-23.362786898515854],[-52.064713050193554,-23.362739484394783],[-52.064712279797256,-23.362738935074574],[-52.064710457682835,-23.36273727746392],[-52.06470897584351,-23.362735352901723],[-52.06470787779084,-23.36273321979964],[-52.06470719731168,-23.36273094386108],[-52.0647069554899,-23.362728592682238],[-52.06470715975002,-23.36272623846826],[-52.06470780382104,-23.36272395351743],[-52.06470832949357,-23.36272276856107],[-52.06492046201489,-23.36230264790867],[-52.0649210002186,-23.362301685052444],[-52.06492245116459,-23.362299740533622],[-52.0649242466096,-23.362298058306653],[-52.064926331204624,-23.36229669023031],[-52.06492864168087,-23.362295676475764],[-52.064931106871555,-23.362295048235953],[-52.064933653559656,-23.362294824976242],[-52.064936203535915,-23.362295013551265],[-52.06493867849017,-23.362295608171564],[-52.06494100490254,-23.362296590370377],[-52.06494311111585,-23.362297929926687],[-52.064944547509114,-23.362299186431475],[-52.06508505670644,-23.36243982047651],[-52.06508544242498,-23.362440221579522],[-52.06508692426614,-23.362442146138143],[-52.065088022322136,-23.3624442792375],[-52.06508870280607,-23.3624465551743],[-52.06508894463382,-23.36244890635241],[-52.065088740380666,-23.3624512605667],[-52.065088096317375,-23.362453545518896],[-52.065087528269835,-23.362454813858847],[-52.064891233442914,-23.362836657001626],[-52.06489080095053,-23.362837504432548],[-52.06489086426765,-23.36283771534939],[-52.06489110609292,-23.362840066527777],[-52.06489090183598,-23.362842420741856],[-52.06489025776765,-23.362844705693323],[-52.06488965406943,-23.362846042918047],[-52.06467767528171,-23.363252443848058],[-52.06467700384225,-23.363253751727466],[-52.064676573109104,-23.363254574759598],[-52.06467512214963,-23.36325651927641],[-52.06467332668897,-23.363258201500923],[-52.064671242076614,-23.363259569574378],[-52.06466893158185,-23.363260583325676],[-52.06466646637208,-23.36326121156198]],[[-52.06559968512004,-23.363344749778022],[-52.06559713841355,-23.363344973049237],[-52.06559458841668,-23.363344784485786],[-52.06559211344027,-23.363344189876766],[-52.06558978700491,-23.36334320768862],[-52.0655881460298,-23.363342183801585],[-52.065587677862624,-23.36334187177458],[-52.06547572397099,-23.363263087904386],[-52.06534313027338,-23.363540634878948],[-52.06534268358414,-23.363541542018563],[-52.06534204774668,-23.363542774693048],[-52.06534059679422,-23.36354471921572],[-52.065338801338555,-23.36354640144764],[-52.06533671672903,-23.363547769529827],[-52.06533440623485,-23.36354878329092],[-52.0653319410234,-23.36354941153777],[-52.065329394312386,-23.363549634804773],[-52.06532684431178,-23.363549446237105],[-52.06532436933254,-23.36354885162396],[-52.06532314053115,-23.36354835600686],[-52.06532203230767,-23.363547891180676],[-52.065073708003645,-23.36344189995393],[-52.06507262384158,-23.363441385286404],[-52.06507051760849,-23.36344004573272],[-52.06506869547983,-23.363438388126887],[-52.06506721362725,-23.363436463568732],[-52.065066115562715,-23.363434330469783],[-52.06506543507341,-23.363432054533323],[-52.06506519324354,-23.36342970335553],[-52.06506539749787,-23.36342734914147],[-52.06506604156555,-23.363425064189485],[-52.06506677733073,-23.36342348129929],[-52.06524459604113,-23.36309943726799],[-52.065145466465815,-23.363027427419635],[-52.06505016879682,-23.36296555869404],[-52.065049260714254,-23.362964919089986],[-52.0650474385926,-23.362963261483575],[-52.06504595674589,-23.36296133692488],[-52.06504485868593,-23.3629592038255],[-52.06504417819975,-23.362956927888728],[-52.06504393637148,-23.362954576710706],[-52.065044140625815,-23.362952222496556],[-52.06504478469191,-23.362949937544567],[-52.06504535177074,-23.36294867011457],[-52.06522217604453,-23.362604543100662],[-52.06522267283881,-23.36260366271613],[-52.06522412378338,-23.362601718194625],[-52.06522591922834,-23.362600035964235],[-52.06522800382467,-23.36259866788388],[-52.06523031430358,-23.362597654124794],[-52.06523277949817,-23.362597025880113],[-52.065235326191285,-23.362596802615304],[-52.065237876173555,-23.36259699118519],[-52.06524035113462,-23.362597585800426],[-52.06524267755438,-23.362598567994432],[-52.065244783775434,-23.36259990754636],[-52.065246232993005,-23.362601176605573],[-52.06542660328492,-23.362782163783624],[-52.06542697618724,-23.362782552328245],[-52.065428458037196,-23.362784476883224],[-52.065429556101606,-23.362786609979807],[-52.06543023659331,-23.362788885914735],[-52.06543047842794,-23.362791237091958],[-52.06543027418058,-23.362793591306414],[-52.065429630121784,-23.362795876259757],[-52.06542899655803,-23.362797270591066],[-52.065272489896174,-23.363093731563275],[-52.06546583119,-23.363228045355275],[-52.06559017819878,-23.36297474110667],[-52.06559078187487,-23.36297364683912],[-52.06559223281773,-23.36297170231435],[-52.065594028262645,-23.362970020079786],[-52.0655961128606,-23.36296865199451],[-52.06559842334276,-23.36296763822991],[-52.065600888542136,-23.362967009979272],[-52.06560343524143,-23.362966786708242],[-52.065605985231045,-23.362966975271835],[-52.065608460200444,-23.36296756988091],[-52.06561078662926,-23.362968552069066],[-52.065612892859804,-23.362969891615634],[-52.06561432335381,-23.362971142734743],[-52.06572508734046,-23.363081867987777],[-52.06572547897561,-23.363082274467946],[-52.06572696083328,-23.363084199019752],[-52.06572805890505,-23.36308633211388],[-52.06572873940354,-23.363088608047182],[-52.06572898124418,-23.36309095922366],[-52.06572877700187,-23.363093313438227],[-52.065728132947015,-23.36309559839258],[-52.06572768719995,-23.363096622942194],[-52.065610878262426,-23.363335974880734],[-52.06561037950761,-23.363336977211134],[-52.065609791814175,-23.363338112916892],[-52.065608340867826,-23.363340057441878],[-52.065606545418305,-23.363341739676677],[-52.0656044608148,-23.363343107762255],[-52.0656021503263,-23.363344121527135],[-52.06559968512004,-23.363344749778022]],[[-52.065267032403085,-23.36400960871322],[-52.065269579123,-23.364009385446916],[-52.065272129132396,-23.364009574015185],[-52.06527460412006,-23.36401016862883],[-52.065275934751135,-23.36401067439125],[-52.065372018798875,-23.364052448724458],[-52.06552433417507,-23.36374251343311],[-52.065524935934484,-23.363741423694822],[-52.06552638688619,-23.3637394791705],[-52.0655281823419,-23.363737796936462],[-52.06553026695223,-23.36373642885173],[-52.06553257744799,-23.363735415087696],[-52.06553504266176,-23.36373478683762],[-52.0655375893758,-23.36373456356716],[-52.06554013938011,-23.363734752131247],[-52.06554261436366,-23.363735346740803],[-52.06554397346332,-23.36373586495189],[-52.06566145888171,-23.363787186466276],[-52.065662426224804,-23.363787650442998],[-52.06566453246915,-23.363788989988244],[-52.06566635460989,-23.3637906475866],[-52.06566783647502,-23.363792572138546],[-52.06566893455219,-23.36379470523272],[-52.065669615053814,-23.363796981165994],[-52.06566985689524,-23.363799332342328],[-52.06566965265133,-23.36380168655669],[-52.065669008592565,-23.36380397151076],[-52.06566835959861,-23.36380539394706],[-52.0655047124507,-23.36411358388389],[-52.06550399178812,-23.364114975195733],[-52.06550360537211,-23.36411571212467],[-52.06550215441619,-23.364117656648848],[-52.06550035895524,-23.3641193388827],[-52.06549827433876,-23.364120706967206],[-52.06549596383617,-23.36412172073094],[-52.06549349861512,-23.364122348980644],[-52.06549095189359,-23.364122572250647],[-52.06548840188187,-23.36412238368603],[-52.065485926891284,-23.36412178907589],[-52.06548489243598,-23.36412137432768],[-52.06548358600705,-23.36412083679048],[-52.06538179829259,-23.364079059815975],[-52.065229082210756,-23.36439586831063],[-52.06522843810237,-23.364397045946074],[-52.065226987139454,-23.3643989904679],[-52.06522519167126,-23.364400672698807],[-52.06522310704752,-23.36440204077987],[-52.06522079653788,-23.36440305453974],[-52.065218331310206,-23.36440368278534],[-52.06521578458266,-23.364403906051063],[-52.065213234565746,-23.364403717482162],[-52.06521075957091,-23.36440312286783],[-52.06520947213111,-23.364402635778067],[-52.06509258895006,-23.364352292516102],[-52.065091549939076,-23.364351797411967],[-52.06508944369102,-23.364350457859214],[-52.065087621549225,-23.364348800254252],[-52.06508613968569,-23.364346875696874],[-52.06508504161274,-23.364344742598572],[-52.06508436111779,-23.364342466662645],[-52.06508411928525,-23.364340115485234],[-52.06508432353995,-23.364337761271393],[-52.06508496761102,-23.364335476319415],[-52.065085655159876,-23.364333980464117],[-52.0652565493071,-23.36401689751352],[-52.06525692564149,-23.364016245554136],[-52.06525837660003,-23.364014301032118],[-52.06526017206281,-23.364012618800956],[-52.065262256680214,-23.364011250719585],[-52.06526456718286,-23.364010236959288],[-52.065267032403085,-23.36400960871322]],[[-52.065829256530726,-23.364264712629794],[-52.06582670980728,-23.364264935905336],[-52.065824159792584,-23.364264747346315],[-52.06582168479806,-23.36426415274166],[-52.0658205276467,-23.364263687349364],[-52.06581934680057,-23.364263195022595],[-52.06570597829885,-23.364215506254734],[-52.06570482246973,-23.36421496137137],[-52.06570271621811,-23.36421362182701],[-52.06570089407092,-23.364211964229376],[-52.06569941220039,-23.364210039678035],[-52.06569831411904,-23.364207906584344],[-52.06569763361453,-23.364205630651416],[-52.06569739177157,-23.364203279475273],[-52.0656975960153,-23.364200925260995],[-52.0656982400752,-23.36419864030687],[-52.06569878018701,-23.364197426346905],[-52.06585754434078,-23.36388496666028],[-52.06585806810055,-23.363884032801664],[-52.065859519048736,-23.3638820882744],[-52.065861314501916,-23.363880406036653],[-52.0658633991108,-23.363879037947548],[-52.06586570960625,-23.36387802417862],[-52.06586817482082,-23.363877395923254],[-52.06587072153679,-23.3638771726473],[-52.065873271544085,-23.36387736120584],[-52.065875746531546,-23.363877955809965],[-52.06587694169459,-23.363878403782337],[-52.065995375313435,-23.363928497458748],[-52.06599650659803,-23.3639290316689],[-52.065998612847835,-23.363930371209413],[-52.06600043499456,-23.36393202880364],[-52.06600191686605,-23.36393395335216],[-52.06600301494972,-23.363936086443694],[-52.06600369545781,-23.363938362375244],[-52.066003937305474,-23.3639407135508],[-52.06600373306737,-23.363943067765344],[-52.066003089013805,-23.363945352720563],[-52.06600247472762,-23.363946710794853],[-52.06584046642729,-23.36425594572985],[-52.06583978341449,-23.364257273563034],[-52.065839363280546,-23.364258075752453],[-52.0658379123282,-23.36426002027958],[-52.06583611686982,-23.36426170251718],[-52.06583403225481,-23.3642630706061],[-52.06583172175256,-23.364264084374767],[-52.065829256530726,-23.364264712629794]],[[-52.06581342021787,-23.363740958307186],[-52.06590185486835,-23.3635628889224],[-52.06574190180734,-23.36344957158626],[-52.06574027195541,-23.363448470853577],[-52.065739838199626,-23.36344818026935],[-52.06573801606288,-23.36344652267163],[-52.06573653420081,-23.363444598120168],[-52.0657354361257,-23.363442465026306],[-52.06573475562504,-23.36344018909319],[-52.0657345137834,-23.363437837916866],[-52.06573471802587,-23.363435483702375],[-52.065735362082,-23.363433198748044],[-52.065735948980894,-23.363431963695774],[-52.06573640729788,-23.36343104292801],[-52.06584207887211,-23.363224477783938],[-52.06584258528808,-23.36322357746172],[-52.065844036229734,-23.363221632934717],[-52.06584583167457,-23.363219950697317],[-52.06584791627361,-23.363218582608678],[-52.065850226757945,-23.36321756884031],[-52.06585269196053,-23.36321694058559],[-52.06585523866397,-23.36321671731032],[-52.065857788658576,-23.363216905869603],[-52.06586026363361,-23.36321750047446],[-52.065862590068534,-23.363218482658624],[-52.06586469630554,-23.3632198222015],[-52.06586610806622,-23.363221054478636],[-52.066011962510544,-23.36336631169422],[-52.06601237288584,-23.36336673701304],[-52.06601385475087,-23.363368661561783],[-52.066014952829676,-23.36337079465358],[-52.066015633334665,-23.36337307058532],[-52.06601587518109,-23.363375421761056],[-52.06601567094363,-23.363377775975753],[-52.066015026892586,-23.36338006093107],[-52.066014605213454,-23.36338103654493],[-52.06593002308203,-23.36355625003563],[-52.066153717969236,-23.363719472456033],[-52.066153967948104,-23.363719658617374],[-52.06615579009369,-23.36372131620988],[-52.06615727196488,-23.363723240756975],[-52.066158370049116,-23.36372537384745],[-52.06615905055859,-23.36372764977833],[-52.06615929240844,-23.363730000953616],[-52.066159088173244,-23.36373235516832],[-52.066158444123246,-23.363734640124104],[-52.06615784429681,-23.363735971004566],[-52.06609385725796,-23.363858764610562],[-52.06609318870689,-23.363860065250407],[-52.06609275510383,-23.36386089553127],[-52.06609130415937,-23.363862840060555],[-52.06608950870943,-23.363864522300812],[-52.066087424103195,-23.363865890392873],[-52.0660851136098,-23.363866904164997],[-52.06608264839658,-23.363867532423736],[-52.0660801016813,-23.36386775570313],[-52.06607755167406,-23.363867567147953],[-52.06607507668601,-23.36386697254704],[-52.066073872414954,-23.363866486704076],[-52.066072739657784,-23.363866013018576],[-52.06582062414786,-23.3637589108209],[-52.06581951642295,-23.363758386384088],[-52.06581741017764,-23.36375704684096],[-52.06581558803558,-23.363755389244396],[-52.06581410616879,-23.36375346469391],[-52.06581300808972,-23.363751331600817],[-52.06581232758593,-23.36374905566825],[-52.06581208574214,-23.363746704492197],[-52.065812289983484,-23.363744350277724],[-52.065812934039535,-23.363742065323162],[-52.06581342021787,-23.363740958307186]],[[-52.06601391542052,-23.364327401821782],[-52.06601646214471,-23.36432717854316],[-52.06601901216073,-23.364327367099],[-52.0660214871572,-23.364327961700454],[-52.066023294990366,-23.364328684584834],[-52.066042815217436,-23.364337976436452],[-52.06619966928938,-23.36403142188445],[-52.06620017570573,-23.364030521561148],[-52.066201626650276,-23.364028577030883],[-52.06620342210088,-23.364026894789333],[-52.066205506708286,-23.364025526695734],[-52.06620781720339,-23.364024512921763],[-52.066210282418815,-23.364023884660973],[-52.06621282913675,-23.364023661379374],[-52.06621537914709,-23.364023849932227],[-52.06621785413861,-23.364024444530763],[-52.06621911703491,-23.36402492094116],[-52.06641586758344,-23.36410925182063],[-52.06641693114017,-23.36410975758696],[-52.06641903739688,-23.36411109712152],[-52.06642085955119,-23.364112754710526],[-52.066422341430695,-23.364114679254723],[-52.06642343952258,-23.364116812342974],[-52.06642412003882,-23.36411908827234],[-52.06642436189432,-23.364121439446905],[-52.06642415766354,-23.364123793661697],[-52.0664235136165,-23.364126078618344],[-52.06642309674293,-23.364127043362107],[-52.06627463326563,-23.364435329271807],[-52.06638715241843,-23.364485885627687],[-52.06638797446628,-23.36448628555983],[-52.06639008072883,-23.36448762509451],[-52.06639190288814,-23.364489282683603],[-52.066393384771665,-23.36449120722783],[-52.06639448286645,-23.36449334031608],[-52.06639516338439,-23.36449561624542],[-52.06639540524037,-23.364497967419904],[-52.066395201008774,-23.364500321634587],[-52.0663945569597,-23.364502606591106],[-52.06639406789952,-23.364503719950715],[-52.066234090331584,-23.364825366677927],[-52.06623354334918,-23.364826455142303],[-52.0662329999549,-23.364827502938454],[-52.06623154900262,-23.364829447469113],[-52.06622975354203,-23.36483112971121],[-52.06622766892264,-23.364832497805445],[-52.066225358413966,-23.364833511580112],[-52.06622289318383,-23.364834139841598],[-52.066220346450486,-23.364834363123922],[-52.0662177964246,-23.36483417457174],[-52.06621532141789,-23.364833579973816],[-52.06621412695623,-23.36483309858138],[-52.066212983393235,-23.36483262045487],[-52.065849584461915,-23.36467853464492],[-52.06584846691035,-23.36467800575957],[-52.06584636064986,-23.364676666217523],[-52.06584453849438,-23.364675008621965],[-52.06584305661641,-23.364673084072365],[-52.06584195852867,-23.36467095098002],[-52.065841278019036,-23.364668675048005],[-52.06584103617236,-23.364666323872363],[-52.0658412404139,-23.364663969658096],[-52.06584188447321,-23.364661684703538],[-52.06584236007387,-23.364660600339437],[-52.0660032204032,-23.364335102165676],[-52.06600380867477,-23.36433403871021],[-52.06600525962538,-23.36433209418162],[-52.06600705508247,-23.36433041194214],[-52.06600913969662,-23.36432904385097],[-52.066011450198516,-23.364328030079676],[-52.06601391542052,-23.364327401821782]],[[-52.06649278502885,-23.364532616840883],[-52.06649533175579,-23.364532393554352],[-52.066497881776094,-23.36453258210221],[-52.06650035677822,-23.36453317669585],[-52.06650166974506,-23.364533674439166],[-52.066593572949635,-23.36457345875528],[-52.06674941461114,-23.364265950495263],[-52.06674994414158,-23.364265004852975],[-52.06675139508029,-23.364263060317878],[-52.066753190526704,-23.364261378070193],[-52.06675527513172,-23.364260009969374],[-52.06675758562629,-23.36425899618733],[-52.066760050843016,-23.364258367917834],[-52.06676259756413,-23.364258144627158],[-52.06676514757935,-23.36425833317084],[-52.06676762257734,-23.364258927760428],[-52.06676891296289,-23.36425941572035],[-52.06698666744459,-23.364353263233507],[-52.06698839198416,-23.364353112381934],[-52.06699094200138,-23.364353300921863],[-52.066993417002,-23.36435389550776],[-52.06699465143327,-23.36435435946108],[-52.06725126682654,-23.36446373034462],[-52.067252358859854,-23.364464248555574],[-52.067254465130226,-23.364465588078303],[-52.067256287299536,-23.364467245656964],[-52.06725776919493,-23.364469170192557],[-52.06725886730308,-23.364471303274247],[-52.0672595478355,-23.364473579199284],[-52.06725978970659,-23.364475930371885],[-52.06725958549032,-23.364478284587122],[-52.0672589414563,-23.36448056954668],[-52.067258543827876,-23.364481493517435],[-52.067227357487575,-23.36454682656973],[-52.06722669126508,-23.364548050426638],[-52.06722524033056,-23.364549994965948],[-52.06722344488659,-23.36455167721889],[-52.06722136028222,-23.36455304532589],[-52.06721904978647,-23.364554059114806],[-52.06721658456681,-23.364554687391628],[-52.06721403784115,-23.36455491068987],[-52.06721148781991,-23.364554722153738],[-52.06720901281469,-23.364554127571477],[-52.06720812192182,-23.364553804884842],[-52.06709583269844,-23.364507574769227],[-52.06706196402272,-23.36457734631888],[-52.06717051032567,-23.364620161715646],[-52.06717194590106,-23.36462082119205],[-52.0671740521732,-23.36462216071579],[-52.06717587434379,-23.364623818295303],[-52.06717735623988,-23.364625742831603],[-52.06717845434817,-23.36462787591382],[-52.067179134880135,-23.36463015183918],[-52.067179376750225,-23.36463250301191],[-52.06717917253242,-23.364634857227056],[-52.06717852849637,-23.3646371421863],[-52.06717811162691,-23.36463810693186],[-52.06713870006522,-23.364719890856573],[-52.06713823411584,-23.364720835163276],[-52.06713761658086,-23.36472203068876],[-52.067136165643205,-23.36472397522731],[-52.067134370195845,-23.364725657479326],[-52.06713228558786,-23.364727025585243],[-52.06712997508843,-23.364728039372956],[-52.0671275098651,-23.364728667648485],[-52.0671249631359,-23.364728890945404],[-52.0671224131114,-23.36472870240795],[-52.06711993810326,-23.364728107824394],[-52.06711857480012,-23.364727555334817],[-52.06711760295876,-23.3647271419771],[-52.06686903943674,-23.364618230811185],[-52.066838976342325,-23.36467773865516],[-52.06708831330459,-23.364783408444023],[-52.06708949131883,-23.36478391252175],[-52.06709062725328,-23.36478441508004],[-52.06709273352731,-23.36478575460478],[-52.06709455569924,-23.364787412185162],[-52.067096037596116,-23.364789336722172],[-52.06709713570459,-23.36479146980491],[-52.06709781623614,-23.364793745730612],[-52.06709805810522,-23.364796096903444],[-52.06709785388584,-23.36479845111851],[-52.06709720984772,-23.364800736077456],[-52.067096673987585,-23.364801868725337],[-52.06709616955023,-23.364802893678736],[-52.066985548340064,-23.365023866802595],[-52.06698498990856,-23.3650248686408],[-52.06698353896552,-23.36502681317807],[-52.066981743512244,-23.365028495428508],[-52.06697965889801,-23.36502986353257],[-52.066977348392165,-23.36503087731822],[-52.06697488316249,-23.365031505591563],[-52.06697233642717,-23.365031728886198],[-52.06696978639695,-23.365031540346457],[-52.06696731138371,-23.365030945760697],[-52.066965708774156,-23.36503031903336],[-52.06671873057448,-23.364917240333046],[-52.06666936784392,-23.36501586341275],[-52.066668808453436,-23.365016867966002],[-52.06666735750575,-23.36501881250049],[-52.06666556204843,-23.365020494747444],[-52.066663477430886,-23.365021862847406],[-52.06666116692258,-23.365022876628473],[-52.066658701691324,-23.365023504896886],[-52.06665615495542,-23.3650237281864],[-52.066653604925584,-23.365023539641484],[-52.06665112991368,-23.365022945050665],[-52.06664994554214,-23.365022502430254],[-52.06632214141927,-23.364884162554585],[-52.06632099932095,-23.364883623001663],[-52.06631889305264,-23.364882283466333],[-52.06631707088862,-23.364880625876634],[-52.06631558900158,-23.364878701331893],[-52.0663144909046,-23.364876568243254],[-52.06631381038579,-23.3648742923137],[-52.06631356853029,-23.36487194113917],[-52.066313772763614,-23.364869586924645],[-52.066314416815594,-23.364867301968438],[-52.06631498003422,-23.36486604178613],[-52.06648217764542,-23.36454014139989],[-52.06648267829314,-23.36453925375978],[-52.06648412923868,-23.364537309226968],[-52.066485924692145,-23.36453562698215],[-52.06648800930422,-23.364534258884696],[-52.06649031980566,-23.36453324510636],[-52.06649278502885,-23.364532616840883]]]}},{"type":"Feature","properties":{"NOME":"Condomínio Fechado Industrial Melvin Jones","ZONA":42,"COD_BAIRRO_GEO":null,"LT_NOMEFANT":" "},"geometry":{"type":"Polygon","coordinates":[[[-51.98057183351602,-23.427722961307733],[-51.981456935543726,-23.428514884983873],[-51.98298723276205,-23.42705891311501],[-51.984120113401865,-23.425996710715513],[-51.984610549866034,-23.42553902312484],[-51.98473078093212,-23.42542594708912],[-51.984457713718875,-23.42518331862197],[-51.98412269502184,-23.424880141774683],[-51.983840496289275,-23.42462801108315],[-51.98355374424581,-23.424898064482594],[-51.98326252576846,-23.42517710799653],[-51.9829629110148,-23.425459189834488],[-51.98267682540203,-23.42573222529841],[-51.98239907437267,-23.425994453374436],[-51.98211491062645,-23.426265085884392],[-51.98181077802941,-23.4265495838993],[-51.98147258259546,-23.426868349862037],[-51.98111896251075,-23.427202745347802],[-51.980786577042956,-23.427519680523936],[-51.98057183351602,-23.427722961307733]]]}},{"type":"Feature","properties":{"NOME":"Condomínio Greenfilds","ZONA":38,"COD_BAIRRO_GEO":2715,"LT_NOMEFANT":" "},"geometry":{"type":"Polygon","coordinates":[[[-51.90748051955614,-23.445215929094143],[-51.90715646064961,-23.444752572083395],[-51.90703343603116,-23.444822474353185],[-51.90705140788946,-23.4448480709073],[-51.90696261804354,-23.444893514678643],[-51.906535401141426,-23.445143576383],[-51.90639130346553,-23.44523203790984],[-51.90595040247169,-23.444592432187083],[-51.90499305494416,-23.445148772155353],[-51.904846098456495,-23.445235191332408],[-51.90481148951829,-23.445255543639973],[-51.905546744794066,-23.44634579076133],[-51.905603667733445,-23.446311745212526],[-51.90617617240742,-23.44596933400541],[-51.90748051955614,-23.445215929094143]]]}},{"type":"Feature","properties":{"NOME":"Condomínio Habitacional Guararapes (jardim Guararapes)","ZONA":18,"COD_BAIRRO_GEO":1284,"LT_NOMEFANT":"JARDIM GUARARAPES"},"geometry":{"type":"Polygon","coordinates":[[[-51.896635247655816,-23.431960485845185],[-51.89711197826731,-23.43169046503007],[-51.89596013402722,-23.428546184036634],[-51.89543221784067,-23.428714496873642],[-51.89580716416072,-23.429701479972074],[-51.89609844226237,-23.43049703692893],[-51.896498584803886,-23.43153572438467],[-51.896635247655816,-23.431960485845185]]]}},{"type":"Feature","properties":{"NOME":"Condomínio Horizontal Hayashi","ZONA":47,"COD_BAIRRO_GEO":14309,"LT_NOMEFANT":"Lt. 36-B/36/35-C-A Rem (Gleba Ribeirão Pinguim) "},"geometry":{"type":"Polygon","coordinates":[[[-51.97287037271734,-23.44677000356847],[-51.972673920445075,-23.446826357003726],[-51.97262021206317,-23.44684176351431],[-51.97179617294266,-23.447094154693843],[-51.970897787122134,-23.447359749282658],[-51.9707978711653,-23.447058359293173],[-51.97067356015273,-23.44709520744692],[-51.9712018963889,-23.448711018167145],[-51.971531455335935,-23.448945468819808],[-51.97154755778947,-23.448956924155],[-51.97306003155601,-23.44850773203798],[-51.97342843227027,-23.447767406880413],[-51.973635908898196,-23.44734981877035],[-51.97351182875682,-23.44696738524429],[-51.97328220469541,-23.446321940299065],[-51.97279614859707,-23.4464660233547],[-51.97276856815175,-23.44647419946971],[-51.97286099014748,-23.446739604221275],[-51.97286618631054,-23.44675644006243],[-51.97287037271734,-23.44677000356847]]]}},{"type":"Feature","properties":{"NOME":"Condomínio Horizontal Jk","ZONA":4,"COD_BAIRRO_GEO":null,"LT_NOMEFANT":"LOTE 268-D – GLEBA PATRIMÔNIO MARINGÁ"},"geometry":{"type":"Polygon","coordinates":[[[-51.94705504646433,-23.437336970830174],[-51.946912349375864,-23.437172171581295],[-51.94668733621924,-23.43685235405528],[-51.94663017568239,-23.436826891468936],[-51.94655765421599,-23.436826374721132],[-51.94604066308225,-23.43682090557107],[-51.9456354181583,-23.436814215004564],[-51.94585434947701,-23.437331617399664],[-51.94620017057899,-23.437327200402763],[-51.94705504646433,-23.437336970830174]]]}},{"type":"Feature","properties":{"NOME":"Condomínio Horizontal Mont Blanc","ZONA":8,"COD_BAIRRO_GEO":9164,"LT_NOMEFANT":"Lt. 448/449 Rem (Gleba Patrimônio Maringá)"},"geometry":{"type":"Polygon","coordinates":[[[-51.92004898739893,-23.437299013699384],[-51.91993596157707,-23.43720562719018],[-51.91981611677006,-23.43710357378631],[-51.91973015526045,-23.437032387622708],[-51.91965419835588,-23.436909762213162],[-51.91950763759379,-23.43668957284185],[-51.919431326934095,-23.436626547099266],[-51.919409956377855,-23.436608896798223],[-51.91883187866003,-23.436700556144775],[-51.91875204012643,-23.436710413151225],[-51.91783625028039,-23.436825828013433],[-51.91667300961249,-23.4369778186188],[-51.915509465119825,-23.437125346839803],[-51.91433322666922,-23.437278720474065],[-51.913900654190094,-23.437331995247337],[-51.91403380454719,-23.437899456454723],[-51.914132290644716,-23.438261270498934],[-51.91441206338901,-23.438196883722533],[-51.91445881089129,-23.43822620714659],[-51.91450882184614,-23.438249533024127],[-51.914561330605636,-23.438266504245185],[-51.91461553328145,-23.43827686098709],[-51.91467060005206,-23.438280444692225],[-51.91473747292876,-23.438532893463716],[-51.91543772335576,-23.438368465981146],[-51.916419424993975,-23.438140184353063],[-51.91737203664013,-23.43791759887224],[-51.91841260067584,-23.437680151690234],[-51.91946243890654,-23.437435951117013],[-51.92004898739893,-23.437299013699384]]]}},{"type":"Feature","properties":{"NOME":"Condomínio Horizontal Parresh","ZONA":40,"COD_BAIRRO_GEO":2828,"LT_NOMEFANT":"Lt. 392 e 398 (Gleba Patrimônio Maringá)"},"geometry":{"type":"Polygon","coordinates":[[[-51.95926381094701,-23.441018956026795],[-51.95943709076446,-23.44015311729745],[-51.95968375471155,-23.4401957126598],[-51.96048965525426,-23.440321031515538],[-51.960582393081616,-23.439888264630003],[-51.96060518041668,-23.43978192172341],[-51.9606887350074,-23.439391998898323],[-51.9604361191343,-23.439350412658502],[-51.960146683772834,-23.439302764361916],[-51.95985725056308,-23.43925511641259],[-51.959567816561986,-23.4392074679254],[-51.95927838372073,-23.439159817985175],[-51.95898895008816,-23.439112167507105],[-51.95866770127596,-23.43905927909217],[-51.958584789806444,-23.439492479648855],[-51.95858032403236,-23.43951580982026],[-51.958485431538705,-23.440011597571687],[-51.95832306614782,-23.440859913931426],[-51.95905962914383,-23.440986435319733],[-51.95926381094701,-23.441018956026795]]]}},{"type":"Feature","properties":{"NOME":"Condomínio Horizontal Portal de Sevilha","ZONA":20,"COD_BAIRRO_GEO":8965,"LT_NOMEFANT":"Lt. 245 M (Gleba Patrimônio Maringá)"},"geometry":{"type":"Polygon","coordinates":[[[-51.94824045064049,-23.443174918092254],[-51.94793066488026,-23.444809571735505],[-51.94956426935177,-23.44498767888535],[-51.94988623971328,-23.44336141778318],[-51.94824045064049,-23.443174918092254]]]}},{"type":"Feature","properties":{"NOME":"Condomínio Horizontal Recanto da Serra","ZONA":17,"COD_BAIRRO_GEO":1236,"LT_NOMEFANT":"Lt. 65-A/2-A-Rem (Gleba Ribeirão Pinguim) "},"geometry":{"type":"Polygon","coordinates":[[[-51.93709911247315,-23.450822194396114],[-51.93646957902938,-23.450662770166975],[-51.93533319374142,-23.450361728755738],[-51.93503146710489,-23.45027704476862],[-51.934923611441235,-23.450472841350493],[-51.934855257693734,-23.450605288482613],[-51.934758588319816,-23.450792603629154],[-51.93470808820807,-23.45089045917722],[-51.93465318100926,-23.45099685025181],[-51.93460644252052,-23.451085877839763],[-51.93455523317311,-23.45118342146514],[-51.934504023746186,-23.451280964171744],[-51.93445281327351,-23.45137850777177],[-51.934401603700245,-23.45147605044717],[-51.93435039406016,-23.45157359401014],[-51.934280433507915,-23.4517068525743],[-51.93420120557089,-23.451857762033356],[-51.93414999564447,-23.45195530553524],[-51.93408698829643,-23.45207531926098],[-51.93401543711763,-23.452211606665884],[-51.93384108160407,-23.452543710251327],[-51.93383269240843,-23.452559689476384],[-51.93380428112316,-23.452612180677338],[-51.9353025205324,-23.452996355017778],[-51.935348344630455,-23.452901327276145],[-51.935390257969246,-23.452819696795952],[-51.93541659563683,-23.45275768347076],[-51.93544719800261,-23.452647474582108],[-51.93547831350227,-23.4525617540507],[-51.93553034672882,-23.452485301476816],[-51.935559362178985,-23.452446688692753],[-51.93558611580437,-23.452411084510103],[-51.93579299966053,-23.452219897902676],[-51.93594235341239,-23.45210312024847],[-51.936077511429986,-23.451972427868856],[-51.936139085040736,-23.45190233065536],[-51.93620134639393,-23.45183259057607],[-51.936277107700555,-23.45177532408334],[-51.93652474848217,-23.45163049850417],[-51.93652998653797,-23.45154032672322],[-51.93659785996125,-23.451475159177985],[-51.9366768794205,-23.451421847064296],[-51.93674603425065,-23.451357936258493],[-51.93679777133002,-23.45128130441757],[-51.936842139259404,-23.45120074268218],[-51.93687806244467,-23.45111670912134],[-51.93690358655238,-23.451029576759044],[-51.937042192392894,-23.45090220475331],[-51.93709658308931,-23.45082709233895],[-51.93709911247315,-23.450822194396114]]]}},{"type":"Feature","properties":{"NOME":"Condomínio Horizontal Saint Etienne","ZONA":38,"COD_BAIRRO_GEO":2719,"LT_NOMEFANT":"Lt. 64/1 Rem (Gleba Ribeirão Pinguim) "},"geometry":{"type":"Polygon","coordinates":[[[-51.91366962074944,-23.452584807812862],[-51.91441029653682,-23.452181539219904],[-51.914916560935055,-23.45190890078124],[-51.91536813200541,-23.451665083417765],[-51.91577524070319,-23.451444400526],[-51.91568981948023,-23.45131492671284],[-51.91567169410766,-23.45128163405104],[-51.91590974783775,-23.451156553532623],[-51.91577371696591,-23.450932058891464],[-51.91571039588745,-23.450836136200717],[-51.91570194813991,-23.4508233393699],[-51.91548002670902,-23.45093581540899],[-51.915456492540535,-23.450950242323465],[-51.91516652942651,-23.450484737913015],[-51.91516104621422,-23.450475935738694],[-51.91499993697058,-23.45055144084775],[-51.91439885319007,-23.450830264882356],[-51.913705529332844,-23.45115738605768],[-51.91267349739102,-23.451639978858235],[-51.91267656342278,-23.45164437222145],[-51.91268657722041,-23.45165872171758],[-51.91324349824328,-23.45244294817948],[-51.91343497202427,-23.45271357276746],[-51.91366962074944,-23.452584807812862]]]}},{"type":"Feature","properties":{"NOME":"Condomínio Horizontal Vale Verde","ZONA":20,"COD_BAIRRO_GEO":9000,"LT_NOMEFANT":"Lt. 262 Rem (Gleba Patrimônio Maringá)"},"geometry":{"type":"Polygon","coordinates":[[[-51.95265715245485,-23.43733079985182],[-51.95121073099286,-23.43764006177614],[-51.9514190098018,-23.43846008558086],[-51.95153203227126,-23.438926233585228],[-51.95156649626467,-23.43908595553925],[-51.951763645296985,-23.439050015281918],[-51.952303384699334,-23.438866616405967],[-51.95235278632087,-23.43884382963835],[-51.952415489582194,-23.43853100649592],[-51.9524980273565,-23.43813769751654],[-51.95265715245485,-23.43733079985182]]]}},{"type":"Feature","properties":{"NOME":"Condomínio Horizontal Villagio Bourbon","ZONA":27,"COD_BAIRRO_GEO":2094,"LT_NOMEFANT":"Lt. 64/65 Rem (Gleba Ribeirão Pinguim) "},"geometry":{"type":"Polygon","coordinates":[[[-51.92876030491566,-23.45022779176258],[-51.928448240044204,-23.450383787330676],[-51.92782656547369,-23.450696924475864],[-51.9272811797635,-23.450965455976966],[-51.92675919718192,-23.45122232344559],[-51.92697996608985,-23.451598885946257],[-51.926876696476974,-23.45170066905648],[-51.92693334103027,-23.45174449779757],[-51.92699325447481,-23.451789030568676],[-51.927034021862134,-23.451818828272827],[-51.9270951946892,-23.45186186683412],[-51.927136770628124,-23.451890242567025],[-51.927199278002064,-23.451931615762543],[-51.92724149409752,-23.451958708714674],[-51.92730528097437,-23.45199838525664],[-51.927348102954866,-23.452024194727194],[-51.927413112338755,-23.452062144242788],[-51.92745650692414,-23.452086671331532],[-51.92752268183773,-23.45212286615758],[-51.92756661671406,-23.452146110152217],[-51.927633899207095,-23.45218052353464],[-51.92767834306446,-23.452202487329817],[-51.92774667518634,-23.452235092514695],[-51.92780712946167,-23.452263080330255],[-51.927859725223016,-23.452288659022617],[-51.92791189810951,-23.4523134011282],[-51.92797301955275,-23.452341587229007],[-51.92802619673408,-23.452364480771188],[-51.92808842824919,-23.452390543998952],[-51.92814231530888,-23.45241190685092],[-51.928205345804656,-23.452436300659684],[-51.928259876978764,-23.452456248822262],[-51.92832381108042,-23.452478535433663],[-51.92837901512197,-23.452496841125132],[-51.92844369746795,-23.452517203910446],[-51.928499515503354,-23.45253384851232],[-51.928564945672306,-23.4525520878628],[-51.92862125447574,-23.452567230169095],[-51.92868723117744,-23.452583681469445],[-51.928744101589416,-23.452596952547346],[-51.92881062247569,-23.45261142071674],[-51.92886792934366,-23.452622983888155],[-51.92893492382363,-23.45263545489438],[-51.9289926073322,-23.452645296966395],[-51.92906000481481,-23.45265575677742],[-51.92911800418842,-23.452663867272665],[-51.9291857331288,-23.45267230547525],[-51.929243986631754,-23.452678676631862],[-51.92931197744915,-23.45268508370448],[-51.92936383920523,-23.45268922853581],[-51.929432011335805,-23.45269370431399],[-51.92948261413776,-23.452696313920747],[-51.92955090569999,-23.452698829870755],[-51.929607833741905,-23.452700036098303],[-51.929672575302774,-23.452700428923045],[-51.92968703360531,-23.452699807169868],[-51.929695726066264,-23.452699245964645],[-51.929704406784985,-23.452698545734435],[-51.92971307281825,-23.45269770559355],[-51.92972172221447,-23.45269672645685],[-51.92973035105148,-23.452695607444504],[-51.92973895836296,-23.45269435036866],[-51.92974119296566,-23.452694008284254],[-51.92975368707039,-23.452692219539017],[-51.929766213917546,-23.452690632916926],[-51.929778767627155,-23.452689247549795],[-51.92979134625403,-23.452688065255625],[-51.92980394489713,-23.452687085160402],[-51.92994368583872,-23.452689821836593],[-51.930001404061,-23.45269831754183],[-51.93012256022275,-23.452731164979078],[-51.93014445701884,-23.45274118201797],[-51.93022195963708,-23.452776638859323],[-51.930235692903885,-23.45278292190836],[-51.93033736466921,-23.45285201828796],[-51.930342834649444,-23.452856399663123],[-51.930349505517924,-23.45286157141259],[-51.93035627353557,-23.452866636003602],[-51.93036313574024,-23.452871589840953],[-51.93037009115929,-23.45287643383367],[-51.9303771368242,-23.45288116348336],[-51.93038427078973,-23.45288578060804],[-51.93060712903754,-23.45300706872292],[-51.93083296589886,-23.453089263133602],[-51.93090729187665,-23.453116314328668],[-51.93091198573776,-23.453113041990463],[-51.93123543094018,-23.45321187130567],[-51.93144544880849,-23.453229982501817],[-51.93152930176581,-23.452710635289968],[-51.9315959752005,-23.452283869423525],[-51.93164172302837,-23.451744003778657],[-51.931690025768184,-23.451202611766647],[-51.931737063471225,-23.450756969416293],[-51.93199092729175,-23.45076983695326],[-51.93196161316101,-23.45075775276134],[-51.93192213335235,-23.45073311413359],[-51.93188789143614,-23.450702525473552],[-51.93185992577061,-23.45066691540663],[-51.93183908880482,-23.450627366311245],[-51.93182601159016,-23.45058507930495],[-51.931825548756024,-23.45058343641886],[-51.931820827458836,-23.45057161900402],[-51.931813953107124,-23.45056073752788],[-51.93180513556093,-23.450551122215256],[-51.931794642177394,-23.450543065916044],[-51.93178279186115,-23.45053681330207],[-51.93176994424534,-23.450532553706214],[-51.93175649085589,-23.450530417562305],[-51.93171982800495,-23.450527598083294],[-51.9317439759438,-23.450330063491336],[-51.93185386051953,-23.450338515285033],[-51.93185404563937,-23.450338528630883],[-51.93185540901191,-23.450338619842107],[-51.93185677418391,-23.45033868846228],[-51.93185813920385,-23.45033873540631],[-51.931859506029575,-23.450338760662486],[-51.93186087269687,-23.450338763339317],[-51.931863617316125,-23.450338702691166],[-51.93187715595064,-23.450337084573196],[-51.931890184181945,-23.45033332257019],[-51.93190230632083,-23.450327530140402],[-51.931913154538336,-23.450319884703717],[-51.93194167629544,-23.450298721935297],[-51.9319859049199,-23.450274939068645],[-51.93201828357583,-23.450263927016515],[-51.9318176129965,-23.45025241550397],[-51.931825768830315,-23.45011859405108],[-51.93183175620874,-23.45002035308517],[-51.93185957382392,-23.449695521499425],[-51.93191343404191,-23.449154022974298],[-51.9319349522968,-23.44890336542789],[-51.931955181307245,-23.44873044319882],[-51.93181217094085,-23.44848837772665],[-51.9314871653247,-23.4486559895845],[-51.93098893134959,-23.448900294564353],[-51.93109206188985,-23.449089756402977],[-51.93076446204603,-23.44925589921086],[-51.930739780352866,-23.449268615514626],[-51.93064782021569,-23.44931599639155],[-51.930620276542534,-23.44933018752848],[-51.93050162126119,-23.44939132265841],[-51.930469545279124,-23.44940891699914],[-51.93039083209786,-23.449278623938888],[-51.93031806611154,-23.449315475253034],[-51.930299631954504,-23.449324811456602],[-51.93021379801245,-23.449368280783204],[-51.930175504443646,-23.44938767429379],[-51.93010952982863,-23.449421086245973],[-51.930050294976446,-23.449451085410146],[-51.930005261560055,-23.44947389164136],[-51.92993115696397,-23.449511421843617],[-51.929900993213074,-23.449526697872532],[-51.92981817041071,-23.449568642486536],[-51.92979672477503,-23.449579503133126],[-51.92968511454888,-23.449636026330978],[-51.929663090651545,-23.44964959190979],[-51.9296027016576,-23.449550100770498],[-51.929532211169715,-23.44958580012411],[-51.92950418762736,-23.449599992120145],[-51.9294292370379,-23.449637949831093],[-51.929385607214925,-23.44966004573193],[-51.929326260865594,-23.44969009948399],[-51.92926538976725,-23.44972092641106],[-51.92924561999719,-23.44973093882321],[-51.92885445096617,-23.44982448580909],[-51.92876405181035,-23.450211742878384],[-51.92876030491566,-23.45022779176258]]]}},{"type":"Feature","properties":{"NOME":"Condomínio Industrial Crevelin","ZONA":42,"COD_BAIRRO_GEO":13288,"LT_NOMEFANT":"Lt. 203 Rem (Gleba Patrimônio Maringá)"},"geometry":{"type":"Polygon","coordinates":[[[-51.983521711834754,-23.427271615785454],[-51.983363569376046,-23.4274195016263],[-51.98260050603058,-23.42814808861096],[-51.9818423429594,-23.42886181511966],[-51.98244609044131,-23.429405852403697],[-51.983558180060115,-23.428356020238198],[-51.98482809412001,-23.427153627619287],[-51.98523306720576,-23.426773353238744],[-51.98463506105131,-23.42623888688274],[-51.983521711834754,-23.427271615785454]]]}},{"type":"Feature","properties":{"NOME":"Condomínio Mont Hermon","ZONA":25,"COD_BAIRRO_GEO":1892,"LT_NOMEFANT":"Lt. 7/66 (Gleba Ribeirão Pinguim) "},"geometry":{"type":"Polygon","coordinates":[[[-51.93125745834793,-23.461786558201666],[-51.93043450023832,-23.462202387343602],[-51.928977413025585,-23.46294996391651],[-51.929663033877574,-23.46410031998776],[-51.92970514616734,-23.464074216400128],[-51.93050410649763,-23.463671543845063],[-51.93151307413953,-23.46315708387597],[-51.93219048647161,-23.46281248527744],[-51.933122588249425,-23.462345924636352],[-51.932681259850035,-23.461655158662158],[-51.93248292999271,-23.461303759472802],[-51.93242301714567,-23.461197606649115],[-51.93125745834793,-23.461786558201666]]]}},{"type":"Feature","properties":{"NOME":"Condomínio Monte Alto","ZONA":55,"COD_BAIRRO_GEO":5012,"LT_NOMEFANT":"Lote 18 / REURB - PROJUDI - Processo: 0000968-65.2016.8.16.0190"},"geometry":{"type":"Polygon","coordinates":[[[-51.899865349814064,-23.371077142115997],[-51.89734295545099,-23.373138723603375],[-51.896997336408205,-23.37342090168657],[-51.897056400869346,-23.373475061814716],[-51.897107503246424,-23.37354117660806],[-51.897177959518764,-23.373624414829113],[-51.89746118184981,-23.373780515949324],[-51.89783010480367,-23.373976751755432],[-51.897931817558245,-23.374088487617072],[-51.89804849985291,-23.374116496100815],[-51.898178527729705,-23.37420417170159],[-51.89829763793361,-23.374208266715986],[-51.898726174101505,-23.374341005395816],[-51.898987076558534,-23.374127795674838],[-51.89910760824513,-23.374020318253006],[-51.899688331814595,-23.373554725057787],[-51.90167036504173,-23.371934948964046],[-51.90352736190609,-23.37041729933048],[-51.9044020500981,-23.369702431812197],[-51.903882262588006,-23.369035187808358],[-51.90329162947782,-23.36827698971451],[-51.899865349814064,-23.371077142115997]]]}},{"type":"Feature","properties":{"NOME":"Condomínio Morada do Lago","ZONA":8,"COD_BAIRRO_GEO":14305,"LT_NOMEFANT":"Lt. 445-A Rem (Gleba Patrimônio Maringá)"},"geometry":{"type":"Polygon","coordinates":[[[-51.91822301825721,-23.43588553339089],[-51.91817022682896,-23.435857766553767],[-51.91793075279689,-23.435721523972372],[-51.91776918664276,-23.435615651553444],[-51.917667669457764,-23.435541687928517],[-51.91748950557793,-23.435395047710298],[-51.917294873640884,-23.43522627952892],[-51.91715152537745,-23.435073749492418],[-51.917142881649,-23.43506646345584],[-51.91711720744448,-23.435044821508242],[-51.91680088670594,-23.435025573998395],[-51.91627155052359,-23.43499426913246],[-51.91571186463333,-23.43495597076094],[-51.91527734984331,-23.434929124568768],[-51.91475734836764,-23.434899194126736],[-51.91417128111316,-23.434866063050986],[-51.91360615677136,-23.434827789846693],[-51.91318898944873,-23.434807834415878],[-51.91340956066972,-23.435609073821325],[-51.917865166541446,-23.43586383356016],[-51.91822301825721,-23.43588553339089]]]}},{"type":"Feature","properties":{"NOME":"Condomínio Nashiville Residence","ZONA":8,"COD_BAIRRO_GEO":9155,"LT_NOMEFANT":"Lt. 446/447 (Gleba Patrimônio Maringá)"},"geometry":{"type":"Polygon","coordinates":[[[-51.917794399192516,-23.43590906894941],[-51.91670898853563,-23.435843738303113],[-51.91344085869714,-23.435654887858167],[-51.91369001672324,-23.436562286872483],[-51.913893576489166,-23.437303610687376],[-51.91530787730379,-23.437126605722725],[-51.91654552462864,-23.43696082892785],[-51.91769698363701,-23.43681523013296],[-51.91819287606114,-23.43674862129881],[-51.91908298081364,-23.436627480174902],[-51.91934349422889,-23.436581667914215],[-51.91922803615456,-23.436505849154543],[-51.91916612432912,-23.436455610200074],[-51.9191166845393,-23.436396050678393],[-51.9190700530925,-23.436285233434024],[-51.91886795186768,-23.43616954263793],[-51.91870126905032,-23.436133516223542],[-51.918567703820365,-23.43608053652089],[-51.91842815553859,-23.435992382781965],[-51.91832444936573,-23.435927546823013],[-51.917794399192516,-23.43590906894941]]]}},{"type":"Feature","properties":{"NOME":"Condomínio Parthenon","ZONA":38,"COD_BAIRRO_GEO":2718,"LT_NOMEFANT":"Lt. 63/3A (Gleba Ribeirão Pinguim) "},"geometry":{"type":"Polygon","coordinates":[[[-51.914898859894485,-23.449531057808287],[-51.91457559315299,-23.449686111702597],[-51.91372979824751,-23.45008681078601],[-51.91300260289188,-23.450428041163622],[-51.912101814570605,-23.45086078240202],[-51.91184794205108,-23.450984425911845],[-51.91238543541489,-23.451757164740506],[-51.91278778424932,-23.45156345931814],[-51.913505282429696,-23.451225762157737],[-51.9144067953634,-23.450796093116228],[-51.914859310146674,-23.45058450562634],[-51.915406521874914,-23.4503239003162],[-51.91532086897559,-23.450196587198466],[-51.91492693361568,-23.44957536384384],[-51.914898859894485,-23.449531057808287]]]}},{"type":"Feature","properties":{"NOME":"Condomínio Petit Village","ZONA":8,"COD_BAIRRO_GEO":9153,"LT_NOMEFANT":"Lt. 475/489A (Gleba Patrimônio Maringá)"},"geometry":{"type":"Polygon","coordinates":[[[-51.914026251108766,-23.44298853029517],[-51.913960169049204,-23.442752601968774],[-51.91329782807317,-23.44290294893357],[-51.91315975626973,-23.442935630360193],[-51.91311106550339,-23.442947155736842],[-51.91308722343851,-23.442952798508692],[-51.91287470892959,-23.44300310064601],[-51.912909171647954,-23.443128720526424],[-51.91294252594888,-23.44325030137959],[-51.91297223853044,-23.443358607298464],[-51.91300663817363,-23.443483994486613],[-51.91303968140059,-23.443604440884553],[-51.913074861377936,-23.443732675837975],[-51.9131078615516,-23.443852963500646],[-51.913138439943914,-23.443964424655928],[-51.91422574809534,-23.443704595599502],[-51.914026251108766,-23.44298853029517]]]}},{"type":"Feature","properties":{"NOME":"Condomínio Plaza Espanha","ZONA":20,"COD_BAIRRO_GEO":8967,"LT_NOMEFANT":"Lt. 30/31 (RECANTO DOS MAGNATAS)"},"geometry":{"type":"Polygon","coordinates":[[[-51.94635372300438,-23.44894727405564],[-51.9460477681581,-23.448910988562368],[-51.94548306759839,-23.448850968838624],[-51.94538179060463,-23.44987657235946],[-51.945924001736635,-23.44992380736337],[-51.94642519051864,-23.44996733865561],[-51.94648581670798,-23.44938491551894],[-51.94652707526431,-23.448966604447516],[-51.94635372300438,-23.44894727405564]]]}},{"type":"Feature","properties":{"NOME":"Condomínio Recanto dos Guerreiros","ZONA":56,"COD_BAIRRO_GEO":13935,"LT_NOMEFANT":"Lt. 174A1-1,2-3-5 à 8 (Gleba Ribeirão Maringá) "},"geometry":{"type":"Polygon","coordinates":[[[-51.90628807632151,-23.35638999573097],[-51.906140492866314,-23.356175681030503],[-51.90680149504379,-23.355403297171357],[-51.90740086886429,-23.35470439488363],[-51.908114157033744,-23.354086559761544],[-51.90900345857742,-23.353318577830297],[-51.909182944506625,-23.35322146565623],[-51.910253391439355,-23.35260154628625],[-51.910984523530736,-23.35232629118203],[-51.9118348848685,-23.352000153272897],[-51.91252112319077,-23.351746660227796],[-51.91268883548266,-23.351660202176117],[-51.91349632090857,-23.351282133304128],[-51.91354618349787,-23.351079666217466],[-51.91334888638441,-23.351109097424107],[-51.9125703436167,-23.351223009341698],[-51.91094274843801,-23.35143896706935],[-51.90963948143492,-23.351620044256475],[-51.908761300811896,-23.351738420961645],[-51.9074130028435,-23.35192117457721],[-51.90635049191188,-23.35206174082517],[-51.90506073194159,-23.352236608809076],[-51.904086793773466,-23.35236717554886],[-51.902923168992544,-23.35252133801279],[-51.90179273778364,-23.35267002401821],[-51.900668390481044,-23.352829277123806],[-51.900346332309894,-23.354932443475214],[-51.89997992449969,-23.357242495993816],[-51.89955056478487,-23.360021174345306],[-51.89950316563888,-23.360521472102246],[-51.90040573992657,-23.35994688877275],[-51.901395641523294,-23.359344698853164],[-51.90226954335218,-23.358814865218534],[-51.90319452245029,-23.358260355825475],[-51.90402352909392,-23.35775371369694],[-51.904988705519784,-23.357174586453457],[-51.90628807632151,-23.35638999573097]]]}},{"type":"Feature","properties":{"NOME":"Condomínio Residencial Azaléia Park","ZONA":40,"COD_BAIRRO_GEO":2816,"LT_NOMEFANT":" "},"geometry":{"type":"Polygon","coordinates":[[[-51.96878141210536,-23.4419761144114],[-51.96547940192304,-23.44139418269553],[-51.96302887590622,-23.440978356725836],[-51.96281518242119,-23.44197784710073],[-51.96861856085796,-23.44293683833017],[-51.968675561683234,-23.4428178332342],[-51.96869120479518,-23.442585826511646],[-51.96866016481604,-23.442420840112934],[-51.96859779591832,-23.44230002879631],[-51.96860703997354,-23.442186723057574],[-51.968687534672256,-23.442124974450596],[-51.96878141210536,-23.4419761144114]]]}},{"type":"Feature","properties":{"NOME":"Condomínio Residencial Buona Vitta","ZONA":20,"COD_BAIRRO_GEO":11580,"LT_NOMEFANT":"Lt. 246 (Gleba Patrimônio Maringá)"},"geometry":{"type":"Polygon","coordinates":[[[-51.95565143464998,-23.440429868342388],[-51.95308450619679,-23.439998766028907],[-51.952958894104746,-23.44062170700101],[-51.95393648342384,-23.440784698597593],[-51.95471270750381,-23.4409195281269],[-51.955444033525346,-23.44104316056338],[-51.95551072947374,-23.440672802950377],[-51.95553574824445,-23.4405502949598],[-51.95567976192097,-23.44043462551698],[-51.95565143464998,-23.440429868342388]]]}},{"type":"Feature","properties":{"NOME":"Condomínio Residencial Cidade Universitária","ZONA":21,"COD_BAIRRO_GEO":1438,"LT_NOMEFANT":"Lt. 34 O (Gleba Patrimônio Maringá)"},"geometry":{"type":"Polygon","coordinates":[[[-51.958131948075646,-23.40348229287264],[-51.95810969265188,-23.404101010762904],[-51.95811162072463,-23.404165754675866],[-51.95920154622588,-23.404131602803087],[-51.95919585807406,-23.40405291744963],[-51.959221880303495,-23.403524412630965],[-51.95923229594678,-23.403452588572616],[-51.958131948075646,-23.40348229287264]]]}},{"type":"Feature","properties":{"NOME":"Condomínio Residencial Céu Azul","ZONA":4,"COD_BAIRRO_GEO":360,"LT_NOMEFANT":"Lt. 268 C (Gleba Patrimônio Maringá)"},"geometry":{"type":"Polygon","coordinates":[[[-51.94640120825247,-23.43859927152964],[-51.946402026400385,-23.438601167825393],[-51.94640214456382,-23.43860112827098],[-51.94667551642689,-23.438509408887793],[-51.946479701417566,-23.438067800528078],[-51.946322794189506,-23.437717329208343],[-51.94616503105543,-23.4373603606747],[-51.94586710619534,-23.437361189772123],[-51.94640120825247,-23.43859927152964]]]}},{"type":"Feature","properties":{"NOME":"Condomínio Residencial Deltaville","ZONA":8,"COD_BAIRRO_GEO":9151,"LT_NOMEFANT":"Lt. 452 (Gleba Patrimônio Maringá)"},"geometry":{"type":"MultiPolygon","coordinates":[[[[-51.91870631413349,-23.43941738666003],[-51.91470213077195,-23.440342006331633],[-51.9146390351395,-23.440362575563217],[-51.91483383972424,-23.44107291255275],[-51.91746829601229,-23.440454321863673],[-51.91829446901949,-23.440262976918238],[-51.91890343961878,-23.440123826070668],[-51.91870631413349,-23.43941738666003]]],[[[-51.91721205121157,-23.43818648486145],[-51.91429136965597,-23.43885514308586],[-51.91446336327649,-23.43947582577511],[-51.914467568295144,-23.439490999540286],[-51.91681274884374,-23.438943734738842],[-51.91738251410558,-23.438801130547358],[-51.91721205121157,-23.43818648486145]]]]}},{"type":"Feature","properties":{"NOME":"Condomínio Residencial Everest","ZONA":28,"COD_BAIRRO_GEO":2167,"LT_NOMEFANT":"Lt. 64D Rem (Gleba Ribeirão Pinguim) "},"geometry":{"type":"Polygon","coordinates":[[[-51.91768188082601,-23.454197097279657],[-51.91762385215969,-23.454221457723058],[-51.917572740613636,-23.454246310360528],[-51.91716195162006,-23.453600202557954],[-51.916743779167646,-23.453781901001694],[-51.914793505354076,-23.45467484458908],[-51.91511276997881,-23.455128422966926],[-51.91554497117199,-23.455732076927386],[-51.91579790734316,-23.45561669180612],[-51.91674506087642,-23.455185752885548],[-51.91757760085999,-23.454812836474318],[-51.91778956178762,-23.45471726631681],[-51.91777947569682,-23.45464313304208],[-51.917779167044195,-23.45459847369528],[-51.91777822173877,-23.454514532852954],[-51.91780321098383,-23.454431109631823],[-51.91784352283279,-23.45435295593087],[-51.91789793231419,-23.454282448976148],[-51.917830723611566,-23.454173674839108],[-51.91781746820723,-23.454136751800434],[-51.91768188082601,-23.454197097279657]]]}},{"type":"Feature","properties":{"NOME":"Condomínio Residencial Favoretto","ZONA":53,"COD_BAIRRO_GEO":26,"LT_NOMEFANT":null},"geometry":{"type":"Polygon","coordinates":[[[-51.94199261119704,-23.36030075753298],[-51.943521689126364,-23.36065491120556],[-51.94362217948372,-23.360284966496938],[-51.94362789746004,-23.360269995489926],[-51.943849199391146,-23.36032466956339],[-51.943847585110575,-23.360330605317664],[-51.94375378414972,-23.360711483920973],[-51.944371921610596,-23.360855635388372],[-51.94446595083134,-23.36047780345073],[-51.944469984535544,-23.36046248400237],[-51.94489726428813,-23.360561709242987],[-51.944892709735264,-23.360576553139868],[-51.9447932551653,-23.36095510449935],[-51.94583341319974,-23.361198113270312],[-51.94594588902121,-23.36081525466232],[-51.94594874696877,-23.360809501950733],[-51.946159281449,-23.360859083121067],[-51.946157457169505,-23.360864639007733],[-51.94605170498826,-23.36124957695748],[-51.94687613161967,-23.36143911786483],[-51.94698724437905,-23.361058412887193],[-51.94699065479232,-23.361046562801864],[-51.94711004352757,-23.36107344174552],[-51.94710586499142,-23.36108637221461],[-51.94699530228724,-23.361468030446176],[-51.94720521359523,-23.36151700426577],[-51.94730809721689,-23.361133182212498],[-51.947312670180175,-23.36112096650612],[-51.94763119151593,-23.361195391598397],[-51.947627773514924,-23.36120616600935],[-51.94752688553654,-23.361592876396166],[-51.94845592670892,-23.36180976340806],[-51.948561072482754,-23.361421511092203],[-51.94856455709809,-23.3614110343211],[-51.948675072935075,-23.36143665165213],[-51.94867191638299,-23.361447723463662],[-51.94856863508918,-23.361833841078177],[-51.94938130641426,-23.362023279060214],[-51.94948728106767,-23.361638170690647],[-51.94949286334381,-23.361622363931534],[-51.949620952546816,-23.361653131588593],[-51.949617424283005,-23.361666535973985],[-51.94950365967885,-23.362053440316142],[-51.94982331640767,-23.362128022857142],[-51.94993160110968,-23.361736661678954],[-51.94993412483955,-23.361727685538195],[-51.95015483159521,-23.36177862116362],[-51.95015103277777,-23.361790294831028],[-51.95004523618333,-23.362182014969232],[-51.951513341193504,-23.362518834987174],[-51.95161597163367,-23.36212380939463],[-51.95162015329943,-23.362111238278914],[-51.951835226562785,-23.36216154911569],[-51.95183219726024,-23.3621723212446],[-51.951719691183236,-23.36256624187237],[-51.95259537349049,-23.36276502989329],[-51.95270759150584,-23.36237947425285],[-51.95271676625564,-23.362359344399042],[-51.9527925933533,-23.362320885301656],[-51.95282664201687,-23.36230418886047],[-51.95294024059201,-23.361900582894343],[-51.95280730340014,-23.361879884047795],[-51.951967246555554,-23.361684972808803],[-51.951846876198395,-23.36208309978247],[-51.95184526264674,-23.362089227086685],[-51.95173471918184,-23.362065237083787],[-51.951737141267536,-23.362056428630726],[-51.95184198626616,-23.36165545709548],[-51.94966342369777,-23.361150113124392],[-51.94955620020185,-23.361541490295053],[-51.9495517898653,-23.36155824554953],[-51.94931716949021,-23.361507094494836],[-51.949321562846784,-23.361487949435165],[-51.9494287499658,-23.361091369189086],[-51.944089411389704,-23.359856290865764],[-51.94397793996512,-23.3602347860219],[-51.94397187001131,-23.360254896672142],[-51.943856764395434,-23.36022978144894],[-51.94386284451396,-23.36021110505281],[-51.94397428678808,-23.35982830811403],[-51.94334815037381,-23.359682962112473],[-51.94324332449825,-23.360068227920948],[-51.94323927473589,-23.360081156618126],[-51.94313118347032,-23.36005958345255],[-51.94324094247949,-23.359658157390726],[-51.94284348805389,-23.35956663383253],[-51.94273819486468,-23.359940789855855],[-51.94272982081551,-23.359964499219135],[-51.94259994721993,-23.359937320548624],[-51.942605250761446,-23.359918648873705],[-51.94271281374065,-23.35953587609532],[-51.94251836500964,-23.359491163730606],[-51.942465413735945,-23.359690072498804],[-51.94244285455375,-23.359684472909017],[-51.94220407928259,-23.359630706764158],[-51.94199261119704,-23.36030075753298]]]}},{"type":"Feature","properties":{"NOME":"Condomínio Residencial Horto Florestal","ZONA":40,"COD_BAIRRO_GEO":2804,"LT_NOMEFANT":"Lt. 345 (Gleba Patrimônio Maringá)"},"geometry":{"type":"Polygon","coordinates":[[[-51.97398130040307,-23.434582546740877],[-51.97382798220126,-23.433719581229024],[-51.97349077269428,-23.43377147703935],[-51.97261884451488,-23.433898834248946],[-51.97152819221801,-23.434066770489054],[-51.971558877032955,-23.434270319205936],[-51.97167895847019,-23.434928611945853],[-51.97193944855924,-23.434888803801034],[-51.97246176707376,-23.434809558131878],[-51.973328366196114,-23.4346854827983],[-51.97398130040307,-23.434582546740877]]]}},{"type":"Feature","properties":{"NOME":"Condomínio Residencial Ingá Ville","ZONA":20,"COD_BAIRRO_GEO":8972,"LT_NOMEFANT":"Lt. 252-B Rem (Gleba Patrimônio Maringá)"},"geometry":{"type":"Polygon","coordinates":[[[-51.95130916194637,-23.440483402109145],[-51.95118202698484,-23.441361554462063],[-51.95195848601465,-23.4414918702604],[-51.95212959692735,-23.44061700510746],[-51.95130916194637,-23.440483402109145]]]}},{"type":"Feature","properties":{"NOME":"Condomínio Residencial Jardim Imperial","ZONA":29,"COD_BAIRRO_GEO":7134,"LT_NOMEFANT":"Lt. L39 N/1 (Gleba Ribeirão Maringá) "},"geometry":{"type":"Polygon","coordinates":[[[-51.93752381986099,-23.391974188145436],[-51.93736528137093,-23.391593661729242],[-51.93711215834082,-23.390974605312046],[-51.93681510083203,-23.390230763996833],[-51.93652192663866,-23.39024128883805],[-51.93574206700895,-23.390278278129],[-51.934961335147925,-23.390312506718153],[-51.934006360110956,-23.39035674681171],[-51.93310880477497,-23.390391934094538],[-51.93304255515968,-23.39078504294601],[-51.93297342450105,-23.39118138260024],[-51.93390795291257,-23.391662925070104],[-51.93485120199831,-23.392169712314836],[-51.93530602478351,-23.392416722306567],[-51.93514219464083,-23.3926747352717],[-51.93548337082409,-23.39285515918901],[-51.935568907359944,-23.392898128166514],[-51.93596152249194,-23.39276652777675],[-51.93596467029358,-23.392765386232664],[-51.93598036341262,-23.39275969323755],[-51.935890377965556,-23.392528388914105],[-51.936579999145245,-23.392290443328978],[-51.93715381233168,-23.392098170994323],[-51.937207755461166,-23.392231795518455],[-51.93724266409293,-23.392323574314265],[-51.93726250409285,-23.392316756214267],[-51.937244392793865,-23.392272483451507],[-51.93721986677077,-23.392208967278602],[-51.937172468340236,-23.39209191999795],[-51.93752381986099,-23.391974188145436]]]}},{"type":"Feature","properties":{"NOME":"Condomínio Residencial Karrapixo","ZONA":40,"COD_BAIRRO_GEO":2812,"LT_NOMEFANT":"Lt. 390 (Gleba Patrimônio Maringá)"},"geometry":{"type":"Polygon","coordinates":[[[-51.96025758007057,-23.441366155491902],[-51.95960811268426,-23.441258054594517],[-51.958651982535194,-23.44109021163873],[-51.958271665982956,-23.441032697809266],[-51.95808818564223,-23.44199132033099],[-51.95834533585907,-23.442032975433182],[-51.959323481030445,-23.442197116196454],[-51.960069084724225,-23.442322828248386],[-51.96025758007057,-23.441366155491902]]]}},{"type":"Feature","properties":{"NOME":"Condomínio Residencial Morada de Florença","ZONA":20,"COD_BAIRRO_GEO":20084,"LT_NOMEFANT":"Lt. 245 K (Gleba Patrimônio Maringá)"},"geometry":{"type":"Polygon","coordinates":[[[-51.95181891317202,-23.44358040483414],[-51.95149731446279,-23.445215111092768],[-51.95308396224752,-23.445392811671404],[-51.95340514399738,-23.44376011938495],[-51.95181891317202,-23.44358040483414]]]}},{"type":"Feature","properties":{"NOME":"Condomínio Residencial Moriah","ZONA":20,"COD_BAIRRO_GEO":10824,"LT_NOMEFANT":"Lt. 44 (RECANTO DOS MAGNATAS)"},"geometry":{"type":"Polygon","coordinates":[[[-51.942584845210376,-23.45048395471482],[-51.9426655434979,-23.44977516356624],[-51.94215257294945,-23.44973059658869],[-51.942071902824615,-23.45054795038564],[-51.94257344738867,-23.450591331102743],[-51.942584845210376,-23.45048395471482]]]}},{"type":"Feature","properties":{"NOME":"Condomínio Residencial Pasargada","ZONA":20,"COD_BAIRRO_GEO":20069,"LT_NOMEFANT":"Lt. 36/37 (RECANTO DOS MAGNATAS)"},"geometry":{"type":"Polygon","coordinates":[[[-51.94480163862612,-23.449971467382245],[-51.94434523531075,-23.449931820910486],[-51.94431577128829,-23.4499307211813],[-51.94429664890605,-23.449930007758038],[-51.94421300853159,-23.450734901544507],[-51.94423181803642,-23.450736755814237],[-51.94471531466717,-23.45077755358066],[-51.944743580997475,-23.45049367201288],[-51.94480163862612,-23.449971467382245]]]}},{"type":"Feature","properties":{"NOME":"Condomínio Residencial Paços D'arcos","ZONA":8,"COD_BAIRRO_GEO":9154,"LT_NOMEFANT":"Lt. 488/488-A (Gleba Patrimônio Maringá)"},"geometry":{"type":"Polygon","coordinates":[[[-51.913766782463476,-23.442040365250808],[-51.913721480327105,-23.441874830912774],[-51.912636097406676,-23.442133326207284],[-51.9128686835071,-23.442981137184674],[-51.91395496419765,-23.44272500401013],[-51.913766782463476,-23.442040365250808]]]}},{"type":"Feature","properties":{"NOME":"Condomínio Residencial Portal de Segóvia","ZONA":20,"COD_BAIRRO_GEO":8993,"LT_NOMEFANT":"Lt. 256/257/258 Rem (Gleba Patrimônio Maringá)"},"geometry":{"type":"Polygon","coordinates":[[[-51.94688138289889,-23.441357742242495],[-51.94646022781544,-23.44137443092308],[-51.94640974677925,-23.44176216951065],[-51.946354557809734,-23.44219552609789],[-51.94628011427151,-23.44274255806442],[-51.946267840323635,-23.442838595735644],[-51.94689550091963,-23.44291248491049],[-51.948782907443004,-23.443133770665597],[-51.948790442090925,-23.4430867381444],[-51.94895649583643,-23.44184943377791],[-51.94908025012548,-23.44092729008193],[-51.94901872788912,-23.440945216211343],[-51.949016914565235,-23.440946942430024],[-51.9481809241258,-23.441188636726043],[-51.947492582842074,-23.441309250304943],[-51.94688138289889,-23.441357742242495]]]}},{"type":"Feature","properties":{"NOME":"Condomínio Residencial Quinta da Torre","ZONA":28,"COD_BAIRRO_GEO":2188,"LT_NOMEFANT":"Lt. 63/2A (Gleba Ribeirão Pinguim) "},"geometry":{"type":"Polygon","coordinates":[[[-51.91729505877816,-23.44837320854866],[-51.91665177592456,-23.447224301786633],[-51.91560999461107,-23.447719372499268],[-51.91614826074021,-23.44857807354903],[-51.91631320456079,-23.44883849242555],[-51.91729505877816,-23.44837320854866]]]}},{"type":"Feature","properties":{"NOME":"Condomínio Residencial Recanto dos Magnatas","ZONA":20,"COD_BAIRRO_GEO":12059,"LT_NOMEFANT":"Lt. 12 (RECANTO DOS MAGNATAS)"},"geometry":{"type":"Polygon","coordinates":[[[-51.95124194327423,-23.450451678212524],[-51.950730728381785,-23.450408765503028],[-51.95071953497413,-23.45053912589041],[-51.950643314218226,-23.45129878937577],[-51.950654258190845,-23.451299333266757],[-51.95115240138503,-23.451339937735458],[-51.95118707001205,-23.450982897207442],[-51.95122749084177,-23.45061244780374],[-51.95124194327423,-23.450451678212524]]]}},{"type":"Feature","properties":{"NOME":"Condomínio Residencial Renaiscense","ZONA":28,"COD_BAIRRO_GEO":2168,"LT_NOMEFANT":"Lt. 64-D/X (Gleba Ribeirão Pinguim) "},"geometry":{"type":"Polygon","coordinates":[[[-51.916830741857645,-23.452561609733927],[-51.916821344340214,-23.45254939119011],[-51.91606462105073,-23.452899499199518],[-51.91394004113786,-23.453862074259455],[-51.914032951898214,-23.45399654053021],[-51.91428434497494,-23.454350228251872],[-51.91456347658701,-23.45474639904012],[-51.91611220517554,-23.454032718965365],[-51.91738554335898,-23.45345544246517],[-51.916830741857645,-23.452561609733927]]]}},{"type":"Feature","properties":{"NOME":"Condomínio Residencial Saint Germain","ZONA":20,"COD_BAIRRO_GEO":20025,"LT_NOMEFANT":"Lt. 56/57-A-1/A-2-3/4/5/6/7/8 (RECANTO DOS MAGNATAS)"},"geometry":{"type":"Polygon","coordinates":[[[-51.93945944859177,-23.449459869834286],[-51.93906338630968,-23.44943206946507],[-51.939002494956775,-23.449612144805023],[-51.93894146010964,-23.44977900612515],[-51.938885501492486,-23.449937754959223],[-51.93939812963746,-23.449980689101125],[-51.93944462145838,-23.449602893817783],[-51.93945944859177,-23.449459869834286]]]}},{"type":"Feature","properties":{"NOME":"Condomínio Residencial Vale do Sol","ZONA":20,"COD_BAIRRO_GEO":20052,"LT_NOMEFANT":"Lt. 3/4-B/5 (RECANTO DOS MAGNATAS)"},"geometry":{"type":"Polygon","coordinates":[[[-51.95310571507227,-23.450693557119955],[-51.95258653249395,-23.45064853602191],[-51.95234954216417,-23.45062852243943],[-51.9523386621243,-23.4506276034449],[-51.95225746931054,-23.451458366659327],[-51.953024165843004,-23.451520369441056],[-51.95310571507227,-23.450693557119955]]]}},{"type":"Feature","properties":{"NOME":"Condomínio Residencial Versailles","ZONA":38,"COD_BAIRRO_GEO":2713,"LT_NOMEFANT":"Lt. 63/2-1/4-A (Gleba Ribeirão Pinguim) "},"geometry":{"type":"Polygon","coordinates":[[[-51.914180492060694,-23.449092779861484],[-51.9141611278616,-23.44910185499333],[-51.91335563635903,-23.44948756550725],[-51.912378546044835,-23.449945772029807],[-51.91142665260007,-23.450399116947466],[-51.911427715013076,-23.450400718463456],[-51.91182279062928,-23.450948579803264],[-51.91200408078453,-23.45085849589697],[-51.912979962630445,-23.450396507850012],[-51.91367878418986,-23.45007050120209],[-51.91409338884801,-23.449876112923533],[-51.91462401365688,-23.449627324929793],[-51.91488293611581,-23.449505926213455],[-51.91462686398678,-23.449101791266823],[-51.91454208070737,-23.448968606191066],[-51.9141985617337,-23.4491213510462],[-51.914180492060694,-23.449092779861484]]]}},{"type":"Feature","properties":{"NOME":"Condomínio Residencial Via Castelli","ZONA":20,"COD_BAIRRO_GEO":20034,"LT_NOMEFANT":"Lt. 247 A (Gleba Patrimônio Maringá)"},"geometry":{"type":"Polygon","coordinates":[[[-51.955741132871644,-23.441490219547724],[-51.954820310928596,-23.44133322279704],[-51.954088005229416,-23.44121100155797],[-51.954025350741375,-23.441535935109687],[-51.95465989629334,-23.441644870451956],[-51.955676455119246,-23.44182088243655],[-51.955741132871644,-23.441490219547724]]]}},{"type":"Feature","properties":{"NOME":"Condomínio Residencial Vila Fontana","ZONA":20,"COD_BAIRRO_GEO":20060,"LT_NOMEFANT":"Lt. 61-D/A-61-E/1 (Gleba Ribeirão Pinguim) "},"geometry":{"type":"Polygon","coordinates":[[[-51.95312491540372,-23.454374013705408],[-51.95244351882234,-23.454355089861743],[-51.95111859641442,-23.454309830901494],[-51.949662182139456,-23.45424677760104],[-51.949640446000586,-23.454352275345126],[-51.94962493556561,-23.454427554524386],[-51.94960075353649,-23.454544922646747],[-51.94957996060767,-23.454645838089494],[-51.94953771899518,-23.45485085495521],[-51.949483629519584,-23.45511340414372],[-51.94937576827299,-23.455636874749587],[-51.94981115856724,-23.455640702465676],[-51.95133022304713,-23.45565630041782],[-51.95286931483218,-23.455673235277494],[-51.95299557134897,-23.455031474719096],[-51.95312491540372,-23.454374013705408]]]}},{"type":"Feature","properties":{"NOME":"Condomínio Residencial Vilage","ZONA":20,"COD_BAIRRO_GEO":20035,"LT_NOMEFANT":"Lt. 252 B/1 (Gleba Patrimônio Maringá)"},"geometry":{"type":"Polygon","coordinates":[[[-51.95203811762849,-23.44165699772043],[-51.951177743806525,-23.44151259880782],[-51.95091660719983,-23.443405161294628],[-51.951677018563394,-23.44349252451383],[-51.95203811762849,-23.44165699772043]]]}},{"type":"Feature","properties":{"NOME":"Condomínio Residencial Villa Paradiso","ZONA":40,"COD_BAIRRO_GEO":2846,"LT_NOMEFANT":"Lt. 386/387-A Rem (Gleba Patrimônio Maringá)"},"geometry":{"type":"Polygon","coordinates":[[[-51.95879877229432,-23.444626709586906],[-51.958436276371174,-23.44456603503878],[-51.95837136191454,-23.444863251780287],[-51.95784950982554,-23.44477205594164],[-51.9576662637852,-23.44569016657797],[-51.957661590723696,-23.44571357656595],[-51.958148980416674,-23.445770211964128],[-51.95881227519371,-23.44584728499482],[-51.95906761585621,-23.445875195771226],[-51.95911485349072,-23.445650248219927],[-51.95924148358413,-23.44500814095996],[-51.9592448690895,-23.444990972775823],[-51.959089936779144,-23.44496683299901],[-51.95873665532458,-23.44490573404435],[-51.95879877229432,-23.444626709586906]]]}},{"type":"Feature","properties":{"NOME":"Condomínio Residencial Villa Vitté","ZONA":20,"COD_BAIRRO_GEO":14312,"LT_NOMEFANT":"Lt. 53/53-A/53/53-A-1 Rem (RECANTO DOS MAGNATAS)"},"geometry":{"type":"Polygon","coordinates":[[[-51.93977522342889,-23.44953781843166],[-51.93966005202251,-23.449526079335428],[-51.939657899349825,-23.44954657076761],[-51.93963059565955,-23.44980641875174],[-51.93945378911356,-23.449787067174753],[-51.939394544963086,-23.450304771407318],[-51.93941816515213,-23.45030691974512],[-51.93989634281744,-23.450350406440776],[-51.939943879699214,-23.449853068611514],[-51.939942409711996,-23.449834037811602],[-51.939784657559755,-23.44981922516838],[-51.93974538719684,-23.44981037087233],[-51.93977522342889,-23.44953781843166]]]}},{"type":"Feature","properties":{"NOME":"Condomínio Residencial Vinhedo","ZONA":40,"COD_BAIRRO_GEO":2835,"LT_NOMEFANT":"Lt. 349-A/350 Rem (Gleba Patrimônio Maringá)"},"geometry":{"type":"Polygon","coordinates":[[[-51.974745240088126,-23.439023311146112],[-51.974600671494954,-23.43814470952112],[-51.97453229407792,-23.437729154749128],[-51.97243990392518,-23.43802506545751],[-51.97251889193881,-23.438501216240073],[-51.97257506202537,-23.438868247530042],[-51.97262480934129,-23.43916951942928],[-51.97265129392459,-23.439303380946264],[-51.97275877393093,-23.43929139492918],[-51.974745240088126,-23.439023311146112]]]}},{"type":"Feature","properties":{"NOME":"Condomínio Residencial das Acácias","ZONA":37,"COD_BAIRRO_GEO":2335,"LT_NOMEFANT":"Lt. 93/16-93/14-A/92/C-107E93/17 (Gleba Ribeirão Morangueiro) "},"geometry":{"type":"Polygon","coordinates":[[[-51.912724719530885,-23.409304301704136],[-51.91281295872809,-23.40925504764368],[-51.91282513965895,-23.409248247501925],[-51.91294802221735,-23.40943842754527],[-51.91325043903003,-23.409267681583056],[-51.91312762342214,-23.40908587061399],[-51.913332987664624,-23.408961405360213],[-51.91331872305515,-23.408946936984247],[-51.91329550487893,-23.408923386690574],[-51.913125284806675,-23.40875072870972],[-51.91311208953826,-23.40873734424921],[-51.912919931379825,-23.40885364102059],[-51.912916059085234,-23.40884826510635],[-51.91284181371733,-23.408735782074938],[-51.91288268456157,-23.40871089084274],[-51.91283866085029,-23.40864281140774],[-51.91228576020382,-23.408947002999074],[-51.912189179002105,-23.409002713802266],[-51.91221474363372,-23.40904207947676],[-51.91249011099931,-23.409440425913598],[-51.912724719530885,-23.409304301704136]]]}},{"type":"Feature","properties":{"NOME":"Condomínio Residencial Ághata","ZONA":20,"COD_BAIRRO_GEO":20070,"LT_NOMEFANT":"Lt. 43 (RECANTO DOS MAGNATAS)"},"geometry":{"type":"Polygon","coordinates":[[[-51.94278158064797,-23.448534932825208],[-51.94229701841577,-23.448475878691408],[-51.94218183675413,-23.449598726598236],[-51.94267043407876,-23.449641175488903],[-51.94271189460786,-23.449247962273414],[-51.94278158064797,-23.448534932825208]]]}},{"type":"Feature","properties":{"NOME":"Conjunto Cidade Alta","ZONA":39,"COD_BAIRRO_GEO":148,"LT_NOMEFANT":"Lt.1/7-A-2 (Gleba Ribeirão Pinguim) "},"geometry":{"type":"Polygon","coordinates":[[[-51.908994438625456,-23.466175845584445],[-51.90860226606886,-23.466048893688495],[-51.90830122700754,-23.46595065158334],[-51.908219503602474,-23.465918976737118],[-51.90755657952979,-23.466683277206837],[-51.90777953929733,-23.466812989743868],[-51.908330176865114,-23.46713976078918],[-51.90858238617003,-23.46728938741912],[-51.909003867094995,-23.46753513871945],[-51.909016052684045,-23.467519219016747],[-51.909964741575294,-23.46648952535778],[-51.90985594184052,-23.46645818639919],[-51.90951665416474,-23.466344891080254],[-51.90926631570283,-23.466263854944387],[-51.908994438625456,-23.466175845584445]]]}},{"type":"Feature","properties":{"NOME":"Conjunto Habitacional Albino Meneguetti","ZONA":33,"COD_BAIRRO_GEO":2473,"LT_NOMEFANT":" "},"geometry":{"type":"Polygon","coordinates":[[[-52.0573100474399,-23.377017465106388],[-52.05726913077055,-23.376845821161925],[-52.0565340318357,-23.377001432392525],[-52.05583973743907,-23.377147877322443],[-52.055211980981404,-23.377295276600247],[-52.05544985972679,-23.37825261786949],[-52.055885786137836,-23.38000695960738],[-52.05588984345657,-23.380025947185523],[-52.055898800481394,-23.380067868133324],[-52.056157256889016,-23.380030663492576],[-52.05601682612711,-23.37944792993782],[-52.056247256301226,-23.37941913168798],[-52.05681358498291,-23.379342180492305],[-52.0570470073646,-23.379299021728226],[-52.05744467857909,-23.379206003125685],[-52.05759661117352,-23.379169846929354],[-52.05774908656002,-23.379752272532517],[-52.05798737508331,-23.379700123361975],[-52.05793224107735,-23.379479433939984],[-52.057817582161306,-23.379025686543443],[-52.05762441382071,-23.37827050199185],[-52.057516705026444,-23.377820594599857],[-52.0573926884784,-23.377345357937514],[-52.0573100474399,-23.377017465106388]]]}},{"type":"Feature","properties":{"NOME":"Conjunto Habitacional Céu Azul","ZONA":38,"COD_BAIRRO_GEO":137,"LT_NOMEFANT":" "},"geometry":{"type":"Polygon","coordinates":[[[-51.90175874438931,-23.448432050227424],[-51.90165190463014,-23.44825937109002],[-51.90145046385985,-23.448417602383483],[-51.9008387693758,-23.448913430126595],[-51.90042175465439,-23.449247764446795],[-51.8995944119581,-23.44990425930606],[-51.89969339417333,-23.450013344527576],[-51.89952184330658,-23.450155645372906],[-51.89969730875688,-23.45036174942247],[-51.89944835529918,-23.450548152525453],[-51.89865659650224,-23.451133427529236],[-51.89843611332696,-23.45082853299429],[-51.89837921862347,-23.4508819344807],[-51.89753417043743,-23.451561793005023],[-51.89751622699019,-23.4515705535491],[-51.89738742699422,-23.451658337347993],[-51.896887979410536,-23.452060089356863],[-51.896886655172544,-23.452226999663864],[-51.896876265093425,-23.452300499028915],[-51.89684241262758,-23.452419556921495],[-51.89684370567749,-23.45249505839877],[-51.89695055467607,-23.452588017441073],[-51.89706105457467,-23.452627214029622],[-51.89710192756406,-23.452837338165157],[-51.89730035556591,-23.452878558001935],[-51.89741503556493,-23.452869859816904],[-51.89753640436828,-23.452894813045006],[-51.897558347300695,-23.45292575746388],[-51.89757293513063,-23.45299829214727],[-51.897592905513335,-23.453027080188278],[-51.89770422816556,-23.453115496866022],[-51.89773047983087,-23.453147755033985],[-51.89829943093617,-23.452770771942152],[-51.89875991600243,-23.452462096883835],[-51.89914693401234,-23.452205160120158],[-51.899110871048244,-23.45215096902435],[-51.899268347330406,-23.452059907877555],[-51.899329337336845,-23.452014032451306],[-51.89974393060157,-23.451669302567076],[-51.89948499717718,-23.451291546680885],[-51.90209027742222,-23.449367490852527],[-51.902244058425794,-23.44925406556878],[-51.902276876641565,-23.44922987284581],[-51.90175874438931,-23.448432050227424]]]}},{"type":"Feature","properties":{"NOME":"Conjunto Habitacional Del Plata","ZONA":38,"COD_BAIRRO_GEO":136,"LT_NOMEFANT":" "},"geometry":{"type":"Polygon","coordinates":[[[-51.89575016049052,-23.44309988012506],[-51.895108973755256,-23.44276455658248],[-51.89496564209487,-23.44269140767442],[-51.894776714724486,-23.443021431154456],[-51.89438455880177,-23.443661242425048],[-51.894176120103765,-23.44399034012379],[-51.89412304997607,-23.443962539633713],[-51.89401572858073,-23.444140202328715],[-51.893976361216325,-23.444205316820103],[-51.89402687701936,-23.444232192642872],[-51.89393637071343,-23.44438937152487],[-51.89369237333454,-23.444773131804762],[-51.893649743445835,-23.44475043417186],[-51.89353580175517,-23.444942443238837],[-51.89348375744581,-23.44502558435834],[-51.893310854650885,-23.444846943927175],[-51.89298055063262,-23.44533625313199],[-51.89298513306489,-23.44533770818969],[-51.89318174909373,-23.445417039913394],[-51.8932409476261,-23.44554396452006],[-51.89334671697986,-23.445652287198882],[-51.89345175551708,-23.445782923467526],[-51.89362057552048,-23.446023116074585],[-51.89377109957739,-23.446119259690896],[-51.893818800040236,-23.446155943465772],[-51.89414612387114,-23.445634483339852],[-51.89442799813876,-23.445168335972994],[-51.894849951995944,-23.444483462025804],[-51.89524908865729,-23.443830132690827],[-51.89550833017124,-23.44340578684811],[-51.895556637982665,-23.443326712939808],[-51.8955911333242,-23.4433435325308],[-51.89575016049052,-23.44309988012506]]]}},{"type":"Feature","properties":{"NOME":"Conjunto Habitacional Europa","ZONA":38,"COD_BAIRRO_GEO":138,"LT_NOMEFANT":" "},"geometry":{"type":"Polygon","coordinates":[[[-51.89769633182417,-23.45138414491086],[-51.89824734162013,-23.45094737845953],[-51.8984260294123,-23.45081357056432],[-51.8984365316285,-23.450828139493016],[-51.89865659650224,-23.451133427529236],[-51.899663235832094,-23.450387261225668],[-51.89963234093497,-23.450348638077763],[-51.89946441895903,-23.450158050178842],[-51.899638962847284,-23.450011589988705],[-51.899543531238855,-23.449906668864966],[-51.90003964809017,-23.449499459787663],[-51.90086351032959,-23.44883799879709],[-51.901647182993315,-23.448209744056296],[-51.90235180998087,-23.447645481154158],[-51.902522208330296,-23.44750824017922],[-51.902051615375576,-23.446817331592438],[-51.901912177328725,-23.4466110327032],[-51.90006439424941,-23.448203740623416],[-51.89836771711859,-23.449700788472104],[-51.89695737532223,-23.450894150694996],[-51.89659350388074,-23.451209540752686],[-51.89641510020235,-23.451367672211017],[-51.896478709127436,-23.451414100622948],[-51.89655903154671,-23.45151391966553],[-51.89656290671879,-23.451574299117517],[-51.896651864293375,-23.451666040698264],[-51.89677824278525,-23.451756595295617],[-51.896889956918265,-23.45188872604605],[-51.89690165190396,-23.4519768579295],[-51.89690433894579,-23.451997109762544],[-51.89749115352953,-23.45154830703141],[-51.89769633182417,-23.45138414491086]]]}},{"type":"Feature","properties":{"NOME":"Conjunto Habitacional Herman Moraes de Barros (miosótis)","ZONA":30,"COD_BAIRRO_GEO":29,"LT_NOMEFANT":"MIOSÓTIS"},"geometry":{"type":"Polygon","coordinates":[[[-51.94748338814198,-23.382590552550926],[-51.94748153220865,-23.38255122785114],[-51.94683067573619,-23.38231246039077],[-51.94683581224212,-23.382288433558116],[-51.94675851806829,-23.382256088589],[-51.945929075658064,-23.381957994868724],[-51.945789293543946,-23.38191304634092],[-51.940460594550814,-23.380018870224987],[-51.93985603768865,-23.379786817994034],[-51.935208157916776,-23.37812475296929],[-51.93437382362049,-23.37992907965687],[-51.93974316219459,-23.381553452156435],[-51.94680206812857,-23.38366819328445],[-51.946815146378505,-23.38357426186692],[-51.94737456106225,-23.38373361249231],[-51.94736889957014,-23.383690261735936],[-51.94737109553437,-23.383600017200063],[-51.947377156850244,-23.383516704005956],[-51.94738676078074,-23.383491265466166],[-51.947437877059386,-23.38341427278238],[-51.94747054023633,-23.38332917262514],[-51.94749986898552,-23.38324300880571],[-51.947517044553464,-23.383154028327876],[-51.94752756096725,-23.383064275302186],[-51.947537685353474,-23.382974434328943],[-51.947537923701844,-23.38288411132585],[-51.9475281846116,-23.382794210061803],[-51.94750732201557,-23.382722440504434],[-51.94749172306399,-23.382647839083532],[-51.94748338814198,-23.382590552550926]]]}},{"type":"Feature","properties":{"NOME":"Conjunto Habitacional Iguatemi (\"capelinha\")","ZONA":33,"COD_BAIRRO_GEO":54,"LT_NOMEFANT":"CAPELINHA"},"geometry":{"type":"Polygon","coordinates":[[[-52.071220086479556,-23.36502931747346],[-52.07149889892636,-23.365920319352494],[-52.07189571759818,-23.365751056980685],[-52.072076672579435,-23.365677232060484],[-52.07128315081231,-23.363179023410183],[-52.07078232095191,-23.363420367162973],[-52.070730745402756,-23.363444348548924],[-52.07118556698571,-23.36487176582028],[-52.071220086479556,-23.36502931747346]]]}},{"type":"Feature","properties":{"NOME":"Conjunto Habitacional Itamaraty","ZONA":5,"COD_BAIRRO_GEO":205,"LT_NOMEFANT":" "},"geometry":{"type":"Polygon","coordinates":[[[-51.96671640512721,-23.428449542334462],[-51.968243408913935,-23.43231291147584],[-51.97237556485183,-23.430906891762266],[-51.96671640512721,-23.428449542334462]]]}},{"type":"Feature","properties":{"NOME":"Conjunto Habitacional Itatiaia","ZONA":36,"COD_BAIRRO_GEO":90,"LT_NOMEFANT":" "},"geometry":{"type":"Polygon","coordinates":[[[-51.881813232858626,-23.415988049153487],[-51.88148895874366,-23.41523186624829],[-51.88068034306241,-23.415413500243254],[-51.88045072706906,-23.415422401482584],[-51.879822263867425,-23.415425942254366],[-51.87962139054181,-23.415427073444715],[-51.87938747170963,-23.415428390400745],[-51.87558157099983,-23.415449767394243],[-51.87567608934375,-23.415497892492958],[-51.87580902914788,-23.415546824583704],[-51.87592583131669,-23.41559747284831],[-51.875987058155346,-23.415620884330565],[-51.87605361132895,-23.415635685288116],[-51.8761140246516,-23.415639591637678],[-51.87623948538362,-23.41563771377406],[-51.87631491699582,-23.415722555018412],[-51.876358533114576,-23.415761781240995],[-51.87640004075379,-23.415807793460946],[-51.876440331743844,-23.415847399603134],[-51.87649255926574,-23.415886396826973],[-51.87655105134643,-23.415910637230628],[-51.876610959710156,-23.415927010711],[-51.876663400310484,-23.415968626029592],[-51.876670342038416,-23.416026935351802],[-51.87669211412937,-23.41607820661892],[-51.87673143585781,-23.416134076153952],[-51.876784745500885,-23.416173880102235],[-51.87685007161374,-23.416180648903257],[-51.876919748648675,-23.416194167433147],[-51.87698615171,-23.416215833328096],[-51.87704851474381,-23.41623336704604],[-51.87715129081662,-23.416294118897497],[-51.87720606234599,-23.416318108067937],[-51.87732850698048,-23.416318865600463],[-51.87748343640761,-23.416421956485063],[-51.87757340942747,-23.416461703235722],[-51.87766823598389,-23.416498324605957],[-51.877762429196224,-23.416523352081292],[-51.87781567606683,-23.416534438014033],[-51.877942204113374,-23.41666451376893],[-51.87797476585586,-23.416799791755473],[-51.87864377654445,-23.417023348116217],[-51.879108286930354,-23.417249197851124],[-51.879505079924144,-23.417416161534018],[-51.880293382935925,-23.417733863865987],[-51.88103277863987,-23.41803455569776],[-51.88158232693202,-23.41825712633547],[-51.88215000840514,-23.418485904304006],[-51.882502565033505,-23.417981396662437],[-51.88282690395596,-23.418919267017785],[-51.88702568889765,-23.420659418745064],[-51.88811715343539,-23.419096529932965],[-51.88752367450688,-23.418942863612653],[-51.88693661976104,-23.418790858386252],[-51.88659426487963,-23.418702210586773],[-51.886605569055796,-23.418649874247947],[-51.88660685286199,-23.418596520853278],[-51.88659807720726,-23.418543772811574],[-51.88657951018912,-23.418493231818584],[-51.886551714067544,-23.418446433770047],[-51.886515535163404,-23.41840480185199],[-51.88647207222588,-23.418369599753504],[-51.88642264487854,-23.41834189662088],[-51.88636875621803,-23.418322535658024],[-51.886312043680775,-23.41831210459949],[-51.8862542290218,-23.41831091973702],[-51.8861970702995,-23.418319017159963],[-51.88614230314876,-23.418336152185223],[-51.88609159284392,-23.418361802338694],[-51.88604647865812,-23.418395189347663],[-51.8860083328847,-23.418435298340256],[-51.885978313103266,-23.418480911534612],[-51.88595733304077,-23.41853064182258],[-51.885956875903894,-23.41853210221616],[-51.885411745976775,-23.418387689721484],[-51.884654149372786,-23.418186988618334],[-51.88389814917733,-23.41798670558195],[-51.88312782060922,-23.417782621393034],[-51.88236382711197,-23.41758021187316],[-51.881813232858626,-23.415988049153487]]]}},{"type":"Feature","properties":{"NOME":"Conjunto Habitacional João de Barro Ii 2 Parte","ZONA":34,"COD_BAIRRO_GEO":74,"LT_NOMEFANT":"NATALIN FELTRIN"},"geometry":{"type":"Polygon","coordinates":[[[-52.05651754775624,-23.526943573838338],[-52.05809608264887,-23.526206982593813],[-52.058469838105154,-23.526051223493567],[-52.058527240882555,-23.52478737486766],[-52.05802602277234,-23.52498773598429],[-52.057535515505904,-23.524903172814156],[-52.057253936380924,-23.524749622333097],[-52.056780927952836,-23.52435909528851],[-52.05667176360849,-23.524220402687423],[-52.056711518694215,-23.523953738346272],[-52.056292768733194,-23.523795785672046],[-52.05595606921142,-23.523763237158555],[-52.05517514750763,-23.52376713905071],[-52.05508173853981,-23.52374923625165],[-52.05513112091232,-23.52468868041727],[-52.05529106490265,-23.52528883444061],[-52.055314180124235,-23.525358472703804],[-52.054971203672494,-23.525360283735985],[-52.05512183474037,-23.525921741067584],[-52.055236330393996,-23.526357455100847],[-52.055516098020526,-23.527388845479035],[-52.05651754775624,-23.526943573838338]]]}},{"type":"Feature","properties":{"NOME":"Conjunto Habitacional Léa Leal","ZONA":37,"COD_BAIRRO_GEO":107,"LT_NOMEFANT":" "},"geometry":{"type":"Polygon","coordinates":[[[-51.9108287038816,-23.40681233120065],[-51.911341076544105,-23.40640400246052],[-51.91133248648764,-23.406401942637835],[-51.91127509152815,-23.406380961379615],[-51.91121437176645,-23.406360360775384],[-51.911159885484146,-23.40633538834731],[-51.911102997994874,-23.406302752535222],[-51.911052567537055,-23.406269808090055],[-51.911001201142795,-23.406243101298145],[-51.910947841069834,-23.406211077116378],[-51.91089307305574,-23.40618782235123],[-51.91083054598612,-23.406174819171984],[-51.91077288913256,-23.406158445669913],[-51.910710364163194,-23.40613144252784],[-51.91065288228376,-23.40609772614671],[-51.9105994343747,-23.406067147504796],[-51.910540330303476,-23.406039492104185],[-51.91047888994068,-23.406013656731954],[-51.910417930876605,-23.40598664434536],[-51.91035696874797,-23.405959180342347],[-51.910294077563904,-23.40595015323123],[-51.91023569692723,-23.40592809345919],[-51.910185945048056,-23.405894150326212],[-51.910137501500124,-23.405851168263727],[-51.91009185058731,-23.405815847287712],[-51.91003293659642,-23.405801648554142],[-51.90997540008322,-23.405788525640233],[-51.9099091199795,-23.405770485909127],[-51.90984619156591,-23.405741678320606],[-51.909792363901644,-23.405712908043288],[-51.90972419980545,-23.405691266321856],[-51.909671265025665,-23.405664116598885],[-51.90962041284817,-23.40562665802994],[-51.9095695489727,-23.40558748339412],[-51.909518392072165,-23.405564285693856],[-51.90922728850968,-23.405896316093184],[-51.90859636720584,-23.40652107046873],[-51.908119681307575,-23.407011198103422],[-51.90753256511477,-23.40760649177238],[-51.90700549887722,-23.40815800524341],[-51.9068234273376,-23.40833208732194],[-51.90682073123516,-23.40834158677769],[-51.906811472169885,-23.408374211525054],[-51.90617795374803,-23.408884518276977],[-51.90578039768159,-23.409207480044426],[-51.90614458690878,-23.40973918580876],[-51.905719471195184,-23.409820229898482],[-51.905567190823795,-23.409994755683496],[-51.90512937664703,-23.41034620010989],[-51.90465951430317,-23.410726193639125],[-51.90416038232556,-23.411116676286422],[-51.9037059398115,-23.411478098833044],[-51.9033188984684,-23.41178730816712],[-51.903204014746706,-23.411879088296402],[-51.90262238878845,-23.4123443699648],[-51.90239708331332,-23.412519155693168],[-51.90226137303618,-23.412624435749493],[-51.90165923908199,-23.41310726725026],[-51.90080501189825,-23.413787478641257],[-51.90039189013135,-23.41411217977487],[-51.89984029742022,-23.414554074613548],[-51.89929604181468,-23.41498733661198],[-51.8983583034625,-23.415730783299054],[-51.898235617627755,-23.415825359590446],[-51.8978108386317,-23.416161709478644],[-51.89729714258628,-23.416575541482864],[-51.897017822344885,-23.416792433732663],[-51.8974345770562,-23.417487684833166],[-51.89776830076006,-23.417225632475365],[-51.898656752002005,-23.41651839554951],[-51.89947096486708,-23.415859602730414],[-51.90040216646119,-23.415121330119383],[-51.90044741009844,-23.415084497954975],[-51.901076653434544,-23.414584235041996],[-51.90135116834537,-23.414365428782727],[-51.90146838348092,-23.41427345224857],[-51.90181352179025,-23.4140026294734],[-51.902160093060985,-23.41371355715719],[-51.90226682609925,-23.413631545286577],[-51.90270126298219,-23.413289554986694],[-51.90288916014338,-23.41313624590623],[-51.903588396808274,-23.4125834203885],[-51.90375850101644,-23.412452286095114],[-51.90390389451402,-23.412335823786954],[-51.90404993701252,-23.412218840950914],[-51.90427004310476,-23.41204308222505],[-51.904927822772834,-23.411507990748433],[-51.90571071732316,-23.410891740550944],[-51.906225491327184,-23.410473422664808],[-51.906733998992806,-23.410084763307776],[-51.90697885708745,-23.409893698516417],[-51.9074322927488,-23.409539876791044],[-51.90784808251687,-23.40920661755341],[-51.90877780706309,-23.40844397800727],[-51.90923435027913,-23.408082598502553],[-51.90998221917043,-23.40749236352745],[-51.91054371409809,-23.407042556299473],[-51.91056513504235,-23.407025395855047],[-51.9108287038816,-23.40681233120065]]]}},{"type":"Feature","properties":{"NOME":"Conjunto Habitacional Pioneiro Gonçalo Vieira dos Santos","ZONA":34,"COD_BAIRRO_GEO":2474,"LT_NOMEFANT":" "},"geometry":{"type":"Polygon","coordinates":[[[-52.04842088657159,-23.527799543796988],[-52.04877775778538,-23.528110186253016],[-52.04906609166239,-23.528356768430896],[-52.04918958502323,-23.528242427034442],[-52.04945859201651,-23.527997962341512],[-52.04987504117449,-23.52761689024159],[-52.050155014462405,-23.52736331230557],[-52.05050184702312,-23.52704710503408],[-52.05090646254634,-23.526679351690007],[-52.05089477857286,-23.526667716333755],[-52.05086306338501,-23.52663805327033],[-52.05073876957861,-23.526521805043675],[-52.05069567822398,-23.526480276894222],[-52.05120566290885,-23.526041814155185],[-52.05117444156465,-23.525990951085472],[-52.05062907336351,-23.52510248725313],[-52.050018205114974,-23.525643188584827],[-52.049593248997375,-23.526013213732284],[-52.04876984312823,-23.526759562420267],[-52.04857281135268,-23.526944585956468],[-52.048078007743285,-23.527413857622612],[-52.04803838764537,-23.52745189360805],[-52.04803321786362,-23.527456857074238],[-52.048082004248414,-23.527499941735307],[-52.04810770149919,-23.52752263541337],[-52.04842088657159,-23.527799543796988]]]}},{"type":"Feature","properties":{"NOME":"Conjunto Habitacional Pioneiro José Pires de Oliveira","ZONA":34,"COD_BAIRRO_GEO":2822,"LT_NOMEFANT":" "},"geometry":{"type":"Polygon","coordinates":[[[-52.04357882674513,-23.52367507386524],[-52.044172185853704,-23.52530324132497],[-52.044688313954865,-23.526666669792917],[-52.04517428562732,-23.52798915230909],[-52.045277654287965,-23.52828766478936],[-52.04529499973065,-23.528337756119903],[-52.046044990006635,-23.526996652845632],[-52.04618297030448,-23.52674767769621],[-52.04635902781828,-23.52645287737545],[-52.04644503955574,-23.52653496005127],[-52.04646835851911,-23.52655721389949],[-52.047607629065105,-23.525540631436446],[-52.048422764181325,-23.52479721302516],[-52.04839483753109,-23.5247785300643],[-52.048353324709375,-23.52475075686676],[-52.04703631277411,-23.52392226962084],[-52.046383266805066,-23.523528166487225],[-52.046141308345945,-23.52340679753396],[-52.04591097960105,-23.523314888287445],[-52.04567811497995,-23.523229608110583],[-52.0454429052285,-23.523151026858727],[-52.04520554301348,-23.523079208899944],[-52.044966222764835,-23.523014213062304],[-52.04472514051638,-23.52295609258569],[-52.04448249374523,-23.522904895078188],[-52.04423848121005,-23.52286066247709],[-52.043993302788245,-23.52282343101454],[-52.04374715931222,-23.522793231187855],[-52.04350025240488,-23.522770087734543],[-52.04352769232677,-23.52266828590363],[-52.04318189907441,-23.522619038180146],[-52.04357882674513,-23.52367507386524]]]}},{"type":"Feature","properties":{"NOME":"Conjunto Habitacional Planalto","ZONA":6,"COD_BAIRRO_GEO":208,"LT_NOMEFANT":" "},"geometry":{"type":"Polygon","coordinates":[[[-51.966368455826355,-23.425550811262667],[-51.96631496032577,-23.425659106284254],[-51.96600663959306,-23.42627253039243],[-51.96598265790433,-23.426321527808536],[-51.96728927582631,-23.426888894726957],[-51.967619289093065,-23.42624149067193],[-51.96769119355883,-23.42611473882954],[-51.96800683040371,-23.425487476989154],[-51.968051853261215,-23.425400989495152],[-51.96838344094402,-23.42477252162398],[-51.966810341513096,-23.42470069065313],[-51.966368455826355,-23.425550811262667]]]}},{"type":"Feature","properties":{"NOME":"Conjunto Habitacional Requião I - 1ª Parte","ZONA":36,"COD_BAIRRO_GEO":91,"LT_NOMEFANT":" "},"geometry":{"type":"Polygon","coordinates":[[[-51.88035423836033,-23.40927190905238],[-51.879976212194435,-23.408146314064975],[-51.87906757440363,-23.408610675804418],[-51.879847380431166,-23.41059298733069],[-51.88018086246023,-23.411470840288047],[-51.8809421362463,-23.41104839498927],[-51.880978630020394,-23.410971257117957],[-51.88643261699041,-23.40792526482374],[-51.88651479403844,-23.407965233218444],[-51.88673105606474,-23.407837320907873],[-51.88677673408384,-23.4078100833077],[-51.88653955667475,-23.40766981273921],[-51.88624887102251,-23.407493522154564],[-51.885915318662065,-23.40729974557319],[-51.88584842458933,-23.407260884267167],[-51.885216846862924,-23.406893522121134],[-51.884444795430916,-23.40644144515281],[-51.88375669010959,-23.406029540888873],[-51.883483986144455,-23.406193182740207],[-51.884064336638296,-23.406547423657486],[-51.88279193523931,-23.40726054909707],[-51.88309637031123,-23.407756786224603],[-51.88035423836033,-23.40927190905238]]]}},{"type":"Feature","properties":{"NOME":"Conjunto Habitacional Requião I - 2ª Parte","ZONA":36,"COD_BAIRRO_GEO":91,"LT_NOMEFANT":" "},"geometry":{"type":"Polygon","coordinates":[[[-51.88375669010959,-23.406029540888873],[-51.88309417443248,-23.40563201541419],[-51.883558477369164,-23.405321948731228],[-51.88306908997906,-23.405032125420053],[-51.883068635497104,-23.40503236192336],[-51.882219564178804,-23.404530847908124],[-51.88130635075458,-23.403994838997097],[-51.88035650006379,-23.40343731378091],[-51.879260759424085,-23.402794145797756],[-51.878569709082626,-23.402388509818312],[-51.87844484659979,-23.40249382957792],[-51.87803468266261,-23.402762014246882],[-51.87791573255317,-23.403127955871774],[-51.87789615316721,-23.403300130290464],[-51.87785623785569,-23.403529774649193],[-51.87783772993087,-23.403864448624624],[-51.8777993281408,-23.404323503675617],[-51.8778653782377,-23.404915801040637],[-51.877998809557816,-23.40568038116128],[-51.87875177481428,-23.407807880397247],[-51.87906757440363,-23.408610675804418],[-51.879976212194435,-23.408146314064975],[-51.88035423836033,-23.40927190905238],[-51.88309637031123,-23.407756786224603],[-51.88279193523931,-23.40726054909707],[-51.884064336638296,-23.406547423657486],[-51.883483986144455,-23.406193182740207],[-51.88375669010959,-23.406029540888873]]]}},{"type":"Feature","properties":{"NOME":"Conjunto Habitacional Requião I - 3ª Parte","ZONA":36,"COD_BAIRRO_GEO":91,"LT_NOMEFANT":" "},"geometry":{"type":"Polygon","coordinates":[[[-51.875783512107795,-23.411136536501576],[-51.874030958888376,-23.412092172422092],[-51.87401209311615,-23.412105987111243],[-51.87451489267771,-23.412876687198793],[-51.874857026969046,-23.41340111147842],[-51.87483960671846,-23.413876088444248],[-51.87480373573202,-23.41444442303095],[-51.87491114221389,-23.414381568601623],[-51.8793815818929,-23.41186442201811],[-51.88018637056346,-23.41148533942295],[-51.879847380431166,-23.41059298733069],[-51.87909909048374,-23.40869079335037],[-51.87906825425744,-23.40861240436432],[-51.87835979705649,-23.409023510675716],[-51.87837710490782,-23.40905952700952],[-51.87839332622657,-23.40910826414211],[-51.87855760596791,-23.40960184152077],[-51.875783512107795,-23.411136536501576]]]}},{"type":"Feature","properties":{"NOME":"Conjunto Habitacional Requião I - 4ª Parte","ZONA":36,"COD_BAIRRO_GEO":91,"LT_NOMEFANT":" "},"geometry":{"type":"Polygon","coordinates":[[[-51.875341143587285,-23.41065034011833],[-51.875245620296376,-23.410707341264505],[-51.87458711492495,-23.41108507498473],[-51.87368015660115,-23.41159718188943],[-51.87401209311615,-23.412105987111243],[-51.874030958888376,-23.412092172422092],[-51.875275839556224,-23.411420249080077],[-51.876564797754405,-23.41069990974542],[-51.87801583000593,-23.40989930921859],[-51.87855760596791,-23.40960184152077],[-51.87837710490782,-23.40905952700952],[-51.87835979705649,-23.409023510675716],[-51.87906825425744,-23.40861240436432],[-51.87875177481428,-23.407807880397247],[-51.877998809557816,-23.40568038116128],[-51.87731307627401,-23.40600170709054],[-51.87751890571741,-23.406568174154735],[-51.873917844573,-23.408580275195952],[-51.87359381677327,-23.408083429881046],[-51.872522333446376,-23.40868632597311],[-51.87349429297016,-23.410173013906178],[-51.874316269492844,-23.409749152869786],[-51.874624747214924,-23.409603023286152],[-51.87528771865072,-23.41000796593211],[-51.875341143587285,-23.41065034011833]]]}},{"type":"Feature","properties":{"NOME":"Conjunto Habitacional Sanenge","ZONA":43,"COD_BAIRRO_GEO":168,"LT_NOMEFANT":" "},"geometry":{"type":"MultiPolygon","coordinates":[[[[-51.896484940083745,-23.450116504365905],[-51.89924164716002,-23.447456005875136],[-51.90071814053473,-23.44602797482006],[-51.89980291541366,-23.44555301850672],[-51.89880027016715,-23.446584912974586],[-51.898242343042234,-23.44715662903693],[-51.89762166778254,-23.447792997821505],[-51.89758624848396,-23.44782871785012],[-51.89741708596682,-23.44799931219947],[-51.896736258884346,-23.448711368970343],[-51.89624762856683,-23.449207240552262],[-51.89579491296081,-23.44967156556896],[-51.89531438398532,-23.450171713342602],[-51.895370019250116,-23.45023529582327],[-51.89544306085502,-23.450318772913267],[-51.895487024250876,-23.450329995994448],[-51.89553433688239,-23.450333543270144],[-51.89557180220227,-23.450358182071597],[-51.895599074952436,-23.450407733188758],[-51.89561184269863,-23.450457366651438],[-51.895641186926134,-23.450506904966936],[-51.89564984478022,-23.450544756968696],[-51.895660403053775,-23.450590914883747],[-51.89570838433664,-23.45063843499967],[-51.89576874571471,-23.450678236491402],[-51.8958396617086,-23.450746654502645],[-51.89587118924863,-23.450787197741764],[-51.896532459652235,-23.4501440468189],[-51.896484940083745,-23.450116504365905]]],[[[-51.96944635494358,-23.39776304069105],[-51.96993811070784,-23.397956987221743],[-51.97036670155038,-23.398121154400346],[-51.970903050404175,-23.398330715644846],[-51.97130876806411,-23.398489502733227],[-51.97172265967589,-23.39865296351323],[-51.972050000962305,-23.398400191752142],[-51.97225434263836,-23.39824225914792],[-51.97276009330201,-23.397851035886053],[-51.97339284779458,-23.397365332103554],[-51.974030879476494,-23.396876213161956],[-51.974084923317896,-23.396831426750325],[-51.9744683232407,-23.39653364880912],[-51.97489903921484,-23.396207146361654],[-51.974702134686446,-23.395993491803942],[-51.974286710712505,-23.395542724770852],[-51.97388571547938,-23.395107610483006],[-51.973471425495056,-23.394658066898494],[-51.96944635494358,-23.39776304069105]]]]}},{"type":"Feature","properties":{"NOME":"Conjunto Habitacional Sol Nascente","ZONA":39,"COD_BAIRRO_GEO":142,"LT_NOMEFANT":" "},"geometry":{"type":"Polygon","coordinates":[[[-51.91463908254795,-23.455354739637965],[-51.91237866129972,-23.456223929823555],[-51.91166147064387,-23.456506915612234],[-51.91047058829279,-23.456968735895483],[-51.90975653472073,-23.457247113693164],[-51.909102207380364,-23.457492251516857],[-51.90818192921312,-23.45784434744426],[-51.907419391374425,-23.458143860347036],[-51.906374835738895,-23.458546475513174],[-51.90648198400597,-23.458712555573857],[-51.90659047719591,-23.458865076811378],[-51.90706341485776,-23.459557305665818],[-51.907576951321154,-23.460315458920114],[-51.907920257191314,-23.460801776440505],[-51.90816718551878,-23.46070882989658],[-51.90857747584349,-23.460552540230335],[-51.909247111301234,-23.460289589499904],[-51.909859934612854,-23.4600527757599],[-51.91053658080692,-23.45979297518412],[-51.91127429851929,-23.45950113205909],[-51.91176450485013,-23.459298545485634],[-51.91181588221702,-23.459277312312143],[-51.91224327845362,-23.45913473146501],[-51.91308652604984,-23.458806702368353],[-51.91373964472929,-23.458555299315712],[-51.914303899021505,-23.458339783355072],[-51.91513885358302,-23.458012748492706],[-51.91592727783109,-23.457709761331472],[-51.916320763470466,-23.45755285850285],[-51.9161516364974,-23.45731286652997],[-51.916105191758966,-23.457241833336315],[-51.91589171482662,-23.456928765113332],[-51.915469302494365,-23.456346607370506],[-51.91501225246067,-23.4556915788489],[-51.91474952759054,-23.455314154730633],[-51.91463908254795,-23.455354739637965]]]}},{"type":"Feature","properties":{"NOME":"Conjunto Residencial Branca de Jesus Camargo Vieira (record)","ZONA":37,"COD_BAIRRO_GEO":104,"LT_NOMEFANT":"RECORD"},"geometry":{"type":"Polygon","coordinates":[[[-51.905541562825164,-23.396557526640926],[-51.90553329677185,-23.396523714561315],[-51.90490187626583,-23.39688973367116],[-51.90489457717361,-23.396875647735005],[-51.90442382977031,-23.39714759815641],[-51.90302963684258,-23.397919007654426],[-51.90296356054579,-23.397955567024756],[-51.90163377648483,-23.39872435412971],[-51.90013275832101,-23.399587858270294],[-51.89998838542463,-23.399677185544913],[-51.89899075056569,-23.400242994191046],[-51.89886117271534,-23.40031752367125],[-51.894096416324366,-23.4030575250904],[-51.8937935432077,-23.40323247580154],[-51.88680735948854,-23.40724809552319],[-51.88731893516116,-23.40755163699328],[-51.88781020232559,-23.4078391144772],[-51.88874658620634,-23.40730350732143],[-51.88992042454601,-23.406623229087167],[-51.89006921870665,-23.406551165211418],[-51.8912446938432,-23.4058640676077],[-51.89138576512145,-23.405792046556083],[-51.89304868281379,-23.40483903396975],[-51.894578410780404,-23.40394540745678],[-51.89487074450632,-23.403787058094657],[-51.897072830588904,-23.40251409584257],[-51.89719592913285,-23.402449293848274],[-51.89838950788082,-23.401766911106243],[-51.898535654062364,-23.40168535811787],[-51.899918152023986,-23.400882410391507],[-51.90037574015783,-23.400616267212303],[-51.90052188381748,-23.400534712431178],[-51.90214395321456,-23.399595308074403],[-51.90229529016611,-23.399520844510345],[-51.905133106930016,-23.39788577352627],[-51.905206518937646,-23.397845594015177],[-51.90519592636128,-23.397811003271197],[-51.90580486925274,-23.39749722001955],[-51.90578671579777,-23.397452102733283],[-51.90576970258993,-23.397396653210976],[-51.90574898441972,-23.397343212241672],[-51.90571740865775,-23.397290466436946],[-51.905684505952046,-23.397244050862717],[-51.9056446383609,-23.39719514571157],[-51.90561804099339,-23.397140564596903],[-51.90559865911257,-23.397082148143834],[-51.90557770604409,-23.397022927890816],[-51.90556764374614,-23.39696788968105],[-51.90556799233914,-23.396904029909127],[-51.90556895938571,-23.39684477298293],[-51.90556984086183,-23.396787322994896],[-51.905570810979654,-23.396728517660783],[-51.905563256078715,-23.39666804559341],[-51.905553580323556,-23.396612282562995],[-51.905541562825164,-23.396557526640926]]]}},{"type":"Feature","properties":{"NOME":"Conjunto Residencial Cananéia (jardim Guararapes)","ZONA":18,"COD_BAIRRO_GEO":1282,"LT_NOMEFANT":"JARDIM GUARARAPES"},"geometry":{"type":"Polygon","coordinates":[[[-51.896645199518545,-23.430416279977102],[-51.89711197826731,-23.43169046503007],[-51.897847833508116,-23.43127214736359],[-51.8974253874932,-23.43016980011609],[-51.896645199518545,-23.430416279977102]]]}},{"type":"Feature","properties":{"NOME":"Conjunto Residencial Dona Angelina","ZONA":33,"COD_BAIRRO_GEO":53,"LT_NOMEFANT":" "},"geometry":{"type":"Polygon","coordinates":[[[-52.06148557423916,-23.380127598453704],[-52.06148055866671,-23.38013274096209],[-52.061408732472174,-23.380206383565497],[-52.061477559793914,-23.380397092830393],[-52.06162732103321,-23.380629626925927],[-52.06164397781195,-23.380692620024583],[-52.06167860526426,-23.38086291702666],[-52.06142825478726,-23.381048551856743],[-52.061167863308114,-23.38123461119763],[-52.06091215466646,-23.38141732363167],[-52.06079755730281,-23.381504171799804],[-52.06074215849598,-23.38154615682352],[-52.06058922384456,-23.381658240905363],[-52.06061248081888,-23.381732415155017],[-52.06075277216462,-23.38190624072469],[-52.060997233833795,-23.382209797816092],[-52.06121745585293,-23.382476411251265],[-52.061347721837734,-23.382638591638585],[-52.061639800870374,-23.382434486888503],[-52.0621491820701,-23.3820841654252],[-52.06267437193573,-23.381717123403668],[-52.06341276055062,-23.3812059643426],[-52.064529676899106,-23.380425885765174],[-52.06458496574962,-23.38038578064013],[-52.064700766843856,-23.38029658593218],[-52.065088620155976,-23.380035212578708],[-52.065179041388944,-23.379926831325538],[-52.064663768134366,-23.37931492549767],[-52.063895210939194,-23.378393635796424],[-52.06316092937498,-23.37750066881513],[-52.06306182006808,-23.377610075305686],[-52.062784701223954,-23.377985031069322],[-52.06270214783672,-23.37809625587352],[-52.06257735872647,-23.378253836810615],[-52.062371088076276,-23.378406934933754],[-52.06225170031818,-23.378491864831407],[-52.06184126135373,-23.37874288674256],[-52.061700253878634,-23.378832009325727],[-52.0614642361005,-23.378974766146932],[-52.06135516995472,-23.37904843565945],[-52.061230692506285,-23.379108094550812],[-52.0614573717,-23.38004821304279],[-52.06148557423916,-23.380127598453704]]]}},{"type":"Feature","properties":{"NOME":"Conjunto Residencial Governador Parigot de Souza","ZONA":36,"COD_BAIRRO_GEO":89,"LT_NOMEFANT":" "},"geometry":{"type":"Polygon","coordinates":[[[-51.881813232858626,-23.415988049153487],[-51.88236382711197,-23.41758021187316],[-51.88312782060922,-23.417782621393034],[-51.88389814917733,-23.41798670558195],[-51.884654149372786,-23.418186988618334],[-51.885411745976775,-23.418387689721484],[-51.885956875903894,-23.41853210221616],[-51.88595733304077,-23.41853064182258],[-51.885978313103266,-23.418480911534612],[-51.8860083328847,-23.418435298340256],[-51.88604647865812,-23.418395189347663],[-51.88609159284392,-23.418361802338694],[-51.88614230314876,-23.418336152185223],[-51.8861970702995,-23.418319017159963],[-51.8862542290218,-23.41831091973702],[-51.886312043680775,-23.41831210459949],[-51.88636875621803,-23.418322535658024],[-51.88642264487854,-23.41834189662088],[-51.88647207222588,-23.418369599753504],[-51.886515535163404,-23.41840480185199],[-51.886551714067544,-23.418446433770047],[-51.88657951018912,-23.418493231818584],[-51.88659807720726,-23.418543772811574],[-51.88660685286199,-23.418596520853278],[-51.886605569055796,-23.418649874247947],[-51.88659426487963,-23.418702210586773],[-51.88693661976104,-23.418790858386252],[-51.88752367450688,-23.418942863612653],[-51.88811715343539,-23.419096529932965],[-51.888606183437744,-23.419223149614627],[-51.888955263507356,-23.415851286688543],[-51.88887773774048,-23.41585235737984],[-51.88332576431297,-23.415852724716828],[-51.88200412741286,-23.41586019234043],[-51.881813232858626,-23.415988049153487]]]}},{"type":"Feature","properties":{"NOME":"Conjunto Residencial Guaiapó","ZONA":36,"COD_BAIRRO_GEO":92,"LT_NOMEFANT":" "},"geometry":{"type":"Polygon","coordinates":[[[-51.87483528604934,-23.41399388771588],[-51.874857026969046,-23.41340111147842],[-51.87368015660115,-23.41159718188943],[-51.87513298840598,-23.410776847590128],[-51.87534502787574,-23.410650318356787],[-51.875291602920484,-23.41000794417245],[-51.874628631473556,-23.40960300154333],[-51.87414126078309,-23.40984137949797],[-51.873498177246596,-23.41017299219097],[-51.872526217680445,-23.408686304283336],[-51.87359770098864,-23.408083408165165],[-51.87392172880253,-23.408580253471595],[-51.87752278988447,-23.406568152342626],[-51.87734259119542,-23.40606652572377],[-51.877316960424736,-23.40600168528405],[-51.87800269369848,-23.40568035933803],[-51.87786926235618,-23.404915779221376],[-51.87780321224207,-23.40432348185851],[-51.87785651071896,-23.403595045598287],[-51.8779974773121,-23.40275568933831],[-51.877666349466985,-23.403026578572156],[-51.877610612553255,-23.403071461235474],[-51.87756969083416,-23.40310441398342],[-51.87745211043378,-23.403185909255487],[-51.8771216011305,-23.403452828740974],[-51.87685440497665,-23.403672396597525],[-51.87578686413141,-23.404553184767643],[-51.87544688642128,-23.40482931801915],[-51.87483008198883,-23.405338212737295],[-51.87436461469441,-23.405727963836345],[-51.87401048423798,-23.406018511963516],[-51.873404346823335,-23.406518433067337],[-51.87292299163307,-23.406913592431195],[-51.8724787152158,-23.407278724240104],[-51.87204897159627,-23.407636986885056],[-51.87148142885019,-23.40811235157943],[-51.871048334614834,-23.408464913735855],[-51.870526659868695,-23.408904731245883],[-51.87017520414436,-23.409189321876713],[-51.869780957643364,-23.409518659120486],[-51.869346265370034,-23.409870839031584],[-51.86904172301084,-23.410121414418057],[-51.86869532993097,-23.410410712899356],[-51.86843517973269,-23.41062305786008],[-51.867994675438496,-23.410992612897655],[-51.867642610743175,-23.411276295468305],[-51.867055951897896,-23.411764857498667],[-51.86663162492413,-23.412115340454594],[-51.86602911118752,-23.412609882964222],[-51.86559812212941,-23.412965861041574],[-51.864840655796414,-23.41359177104958],[-51.86418402349751,-23.414127360733485],[-51.86372594771707,-23.414522009868623],[-51.86246462565806,-23.415580545445835],[-51.86250578704829,-23.415576901286446],[-51.862520357867695,-23.415575611417548],[-51.86269885820666,-23.415559810144913],[-51.86294765625784,-23.41559069832957],[-51.86314361581444,-23.415659781965935],[-51.86328720052469,-23.415741211962125],[-51.863346732818606,-23.41578327950509],[-51.86345839685266,-23.415881820336278],[-51.86351853201799,-23.416019770078446],[-51.863658283012,-23.416156736805313],[-51.864180148483044,-23.416093735600956],[-51.864286945340815,-23.416063642690325],[-51.86435332771264,-23.415996407766603],[-51.86448028082818,-23.41597811494535],[-51.86457657143971,-23.41590037518874],[-51.8652365924869,-23.41580549418695],[-51.86542595920358,-23.415687319395435],[-51.86542778495203,-23.415686179345233],[-51.86551160871405,-23.415633868872007],[-51.865865670552274,-23.415491898666346],[-51.86631893098151,-23.415333589206725],[-51.86670557531834,-23.41521346521727],[-51.8671845469543,-23.41520518276661],[-51.86762916633358,-23.415204135704904],[-51.86772323824399,-23.41518935940585],[-51.86793853712228,-23.415119350229354],[-51.8682408626384,-23.415050613883352],[-51.86861511240647,-23.414988769707666],[-51.86884823631887,-23.414934099017636],[-51.86884948529783,-23.41493396832935],[-51.86904504705194,-23.414913542499995],[-51.86922485102821,-23.414916750290246],[-51.86935955400797,-23.4149191538962],[-51.869561668217834,-23.414928679848817],[-51.86983662283748,-23.414939662432552],[-51.87002118555887,-23.414973426921303],[-51.87017644671897,-23.41504765993328],[-51.870330061962505,-23.41513478014165],[-51.87046587184077,-23.415150907450972],[-51.87061541582499,-23.41515725204337],[-51.870705832477036,-23.4151238887911],[-51.87083301608519,-23.415148121531256],[-51.87102979525849,-23.41521155540209],[-51.8710322040925,-23.415212331389974],[-51.871032496325384,-23.415211671309446],[-51.87109453176843,-23.415214332243156],[-51.87115385820708,-23.415216711097816],[-51.87136197680479,-23.41524661591613],[-51.87160232344638,-23.415284951090843],[-51.871791651348616,-23.415248940744117],[-51.87183923709379,-23.415260296074845],[-51.87198561644228,-23.415295226921323],[-51.87235056531716,-23.415354932069366],[-51.872642548442855,-23.41539212011551],[-51.8728386674722,-23.415412337861564],[-51.87306026635884,-23.415424588325937],[-51.87328059175799,-23.415296943304437],[-51.874059373995934,-23.414864478370873],[-51.87403304060766,-23.414826362396436],[-51.87480373573202,-23.41444442303095],[-51.87483528604934,-23.41399388771588]]]}},{"type":"Feature","properties":{"NOME":"Conjunto Residencial Inocente Vila Nova Jr. (borba Gato)","ZONA":44,"COD_BAIRRO_GEO":176,"LT_NOMEFANT":"BORBA GATO"},"geometry":{"type":"Polygon","coordinates":[[[-51.969350296750044,-23.452821740637273],[-51.96949805610883,-23.451586217918937],[-51.96861974003472,-23.451481937163322],[-51.966515334835435,-23.45123612745071],[-51.96513101679976,-23.45107837101975],[-51.963620698248675,-23.450904173440076],[-51.962197163235174,-23.450732552895705],[-51.96127444434354,-23.450627467383626],[-51.95972783314948,-23.45045523381667],[-51.958356543197226,-23.450306473513017],[-51.95704698720066,-23.45016320954229],[-51.9555669959712,-23.45000736608762],[-51.9544832050566,-23.449881584674827],[-51.95420307734169,-23.449845436404885],[-51.954031815966665,-23.45070626876918],[-51.95384466836879,-23.451599914885087],[-51.95377092513336,-23.451971716406334],[-51.95369267409874,-23.452371304593616],[-51.954098403850665,-23.452417645143413],[-51.955847286098624,-23.45260591829854],[-51.95698624048449,-23.452727032097755],[-51.9583815617432,-23.45287899712665],[-51.95987135419109,-23.4530392044802],[-51.96095081439457,-23.45315712269013],[-51.96140862340797,-23.45320082376133],[-51.96269155306922,-23.45334191215374],[-51.963946687343174,-23.453478642914327],[-51.96537202888477,-23.453633197355977],[-51.96633391677727,-23.45373808308708],[-51.96696916321468,-23.453805642241267],[-51.96808674498183,-23.45393205809947],[-51.96887539853275,-23.454027532004883],[-51.969411262920474,-23.45409015982289],[-51.96936620678014,-23.453595287266925],[-51.96935030189532,-23.45282311618466],[-51.969349518811505,-23.45282165515006],[-51.969350296750044,-23.452821740637273]]]}},{"type":"Feature","properties":{"NOME":"Conjunto Residencial João Paulo","ZONA":33,"COD_BAIRRO_GEO":51,"LT_NOMEFANT":" "},"geometry":{"type":"Polygon","coordinates":[[[-52.061779797177465,-23.374915075351854],[-52.06124996775388,-23.374784534773983],[-52.061081752499916,-23.37539671615632],[-52.061606261211686,-23.37552067743797],[-52.064137617746674,-23.376128951108864],[-52.064469751843646,-23.375653359640353],[-52.06449475750216,-23.37558055730733],[-52.064391016058785,-23.37554882055589],[-52.06366118052106,-23.37537174918499],[-52.063447998558146,-23.37532781500086],[-52.061779797177465,-23.374915075351854]]]}},{"type":"Feature","properties":{"NOME":"Conjunto Residencial João de Barro","ZONA":34,"COD_BAIRRO_GEO":73,"LT_NOMEFANT":" "},"geometry":{"type":"MultiPolygon","coordinates":[[[[-52.054919314450565,-23.525360406005124],[-52.052863627823086,-23.525358137617467],[-52.0520021428943,-23.526134050509228],[-52.052527413764146,-23.527066296498862],[-52.053566605516465,-23.526811465814987],[-52.054167793476005,-23.526648780731403],[-52.054813936684695,-23.526475420219057],[-52.05519239059055,-23.52637994680624],[-52.054919314450565,-23.525360406005124]]],[[[-51.93197414191208,-23.456389545317396],[-51.930477495047086,-23.457148238325356],[-51.926640702083134,-23.459049427016616],[-51.92660579078211,-23.45906573954353],[-51.92664398441967,-23.459140128714306],[-51.92667957229737,-23.459209946849434],[-51.93280066085019,-23.45874934620143],[-51.932794291439485,-23.45867733073489],[-51.932807973171634,-23.458659870265524],[-51.93276369343949,-23.458558433623995],[-51.93281258164535,-23.45839610547315],[-51.932849883587764,-23.458312606479957],[-51.93288282917693,-23.458263997425046],[-51.93288612953586,-23.458232094385234],[-51.93287903487517,-23.458141996480066],[-51.9328352620057,-23.45808481409632],[-51.93276627900575,-23.458020647082026],[-51.93270878597109,-23.457947559882157],[-51.93266706360372,-23.457875642866668],[-51.932652692489214,-23.45780889125898],[-51.932640499532006,-23.45769862533204],[-51.932674310133976,-23.457597139050655],[-51.93269357030727,-23.45753759269317],[-51.93269156528871,-23.45744728369583],[-51.93265914873189,-23.45736212416872],[-51.93263073717345,-23.457275676196172],[-51.93260906922386,-23.457187562124894],[-51.932605026191574,-23.45714161291062],[-51.9325761857084,-23.457091657168323],[-51.932557465350406,-23.457060788974935],[-51.93256202089354,-23.456970621392554],[-51.93258186123249,-23.45688216885929],[-51.932603171921606,-23.45679397849648],[-51.932612036847594,-23.456704056112233],[-51.93262727020627,-23.456614818223695],[-51.93265330288879,-23.456499204362963],[-51.932664206372536,-23.456437477937516],[-51.93267238532358,-23.4563474693275],[-51.93268330730449,-23.4562577152804],[-51.93269736452832,-23.456168302868807],[-51.93269908030464,-23.456078061932033],[-51.932696193855996,-23.45603104723695],[-51.93197414191208,-23.456389545317396]]]]}},{"type":"Feature","properties":{"NOME":"Conjunto Residencial João de Barro Champagnat","ZONA":37,"COD_BAIRRO_GEO":114,"LT_NOMEFANT":" "},"geometry":{"type":"Polygon","coordinates":[[[-51.89190494807994,-23.394935335653596],[-51.89157908773192,-23.395107812632038],[-51.891428635392536,-23.395175899431678],[-51.891290367735124,-23.395260595551886],[-51.890788577626424,-23.395578290798674],[-51.8900775716011,-23.39602430018396],[-51.88965828683739,-23.396286746068522],[-51.8891722790204,-23.39659061112163],[-51.88878474698266,-23.396834603686354],[-51.888395682897844,-23.397077848026484],[-51.88787640209736,-23.397405357713414],[-51.88758789281907,-23.397587777508587],[-51.88712643916442,-23.397874304075824],[-51.886738395462984,-23.398117688552578],[-51.886379563988285,-23.398342916013352],[-51.88604639462543,-23.398551597356633],[-51.88566022203082,-23.39879337624132],[-51.88526923227496,-23.399038977735742],[-51.884949807511454,-23.399237890069873],[-51.884669135244756,-23.39941553007195],[-51.884281246017764,-23.39965598400946],[-51.88388926563015,-23.39990261020495],[-51.883518862168955,-23.40013418678317],[-51.88309901654381,-23.400397304291765],[-51.882572909677236,-23.400727555039627],[-51.882154059849285,-23.400993095940052],[-51.88166428605533,-23.401293875957553],[-51.880734031041506,-23.401876492210594],[-51.87993989680984,-23.40237358260297],[-51.87940495054199,-23.402708387075883],[-51.879260759424085,-23.402794145797756],[-51.87927216559104,-23.402800841362517],[-51.87928170609378,-23.4028064409722],[-51.88035650006379,-23.40343731378091],[-51.88052545001812,-23.403347461143074],[-51.880642586073,-23.403277475901138],[-51.881536650237635,-23.402731625824284],[-51.882014284220965,-23.402444068298873],[-51.88269157966995,-23.40203101318777],[-51.88321495537561,-23.401719253771887],[-51.884188559815115,-23.4011266265831],[-51.88478844288631,-23.40076674616791],[-51.88576825067198,-23.400172695972824],[-51.88671643088413,-23.39960144049126],[-51.88728622855616,-23.399258455468292],[-51.88827646374851,-23.398654190293165],[-51.889157107446316,-23.398118650987154],[-51.889790346733044,-23.397730602853844],[-51.89079388220853,-23.397128782716123],[-51.89177587236341,-23.396567816431208],[-51.89183530413078,-23.39632778254139],[-51.89190915465926,-23.396143348299102],[-51.89196856610948,-23.395929123190108],[-51.89198802947301,-23.395742609310222],[-51.8920671299655,-23.395568898818954],[-51.89211883139362,-23.39555665411468],[-51.89214695065834,-23.395502723816477],[-51.89221051323977,-23.3953917161195],[-51.89224200827337,-23.395203957536665],[-51.89227200301947,-23.39503839159038],[-51.89250816175532,-23.394733541258372],[-51.89258085278593,-23.394550843904174],[-51.89190494807994,-23.394935335653596]]]}},{"type":"Feature","properties":{"NOME":"Conjunto Residencial João de Barro Cidade Alta","ZONA":39,"COD_BAIRRO_GEO":144,"LT_NOMEFANT":" "},"geometry":{"type":"Polygon","coordinates":[[[-51.909511893068995,-23.471519018273913],[-51.909548736605686,-23.471356989272792],[-51.909633901799765,-23.471127056686477],[-51.90976432030999,-23.47089686004215],[-51.909861466619425,-23.470764193918292],[-51.91066393758891,-23.469838266491337],[-51.910866186810495,-23.46960215433045],[-51.911246440658296,-23.469158232183847],[-51.91140420685961,-23.46897404934627],[-51.91134896107856,-23.468939383577503],[-51.91121462689799,-23.46886017376896],[-51.91054672596159,-23.46846683041319],[-51.91021224173524,-23.468272564632944],[-51.90951780628082,-23.46787083619754],[-51.90903245213593,-23.467585461699827],[-51.90878740304794,-23.467439567729283],[-51.90798685209372,-23.46697212760234],[-51.90750265831253,-23.46669469779316],[-51.906596275390804,-23.466167022362736],[-51.906596275704615,-23.466167021969756],[-51.906197640735776,-23.46593846020768],[-51.906065600718314,-23.465864983208785],[-51.90554784793818,-23.465605668126518],[-51.90538962689206,-23.466107048361803],[-51.905672906939415,-23.466393465485005],[-51.905801970300196,-23.466461844290965],[-51.90661822952755,-23.467634773160153],[-51.90737763515725,-23.468674201676876],[-51.908557857699094,-23.470332511964482],[-51.90951314163769,-23.471664744295428],[-51.909511893068995,-23.471519018273913]]]}},{"type":"Feature","properties":{"NOME":"Conjunto Residencial João de Barro Cidade Canção","ZONA":39,"COD_BAIRRO_GEO":143,"LT_NOMEFANT":" "},"geometry":{"type":"Polygon","coordinates":[[[-51.90728731823445,-23.46267843103824],[-51.90760440820862,-23.46264312942734],[-51.90793633167573,-23.462598780049444],[-51.908356245143274,-23.462552045212213],[-51.90873510958181,-23.462509275972387],[-51.90915356741942,-23.462463240246866],[-51.90928556009964,-23.46244574242697],[-51.9092880650419,-23.462465538002974],[-51.909289347504455,-23.46247566909677],[-51.90958606219043,-23.462446977266],[-51.90958441662006,-23.462430580895422],[-51.90958258614103,-23.462412346660766],[-51.909991192326885,-23.462358512711813],[-51.91040825732633,-23.46231253595993],[-51.91068003084098,-23.462279883434718],[-51.91107410394499,-23.462232773747978],[-51.91145911407389,-23.462186313958476],[-51.911877680327486,-23.462137421602883],[-51.91232362025443,-23.462083877250983],[-51.912499357198016,-23.462061612929123],[-51.912714326859664,-23.462033752858765],[-51.91265015186895,-23.461321666822617],[-51.912884651761196,-23.461302807499308],[-51.912854941926945,-23.461009603370414],[-51.906257873359394,-23.461503682986883],[-51.906164149064864,-23.461542741443303],[-51.906072490846036,-23.462825479126664],[-51.90664346455513,-23.462755062424463],[-51.90700647605097,-23.46271113132794],[-51.90728731823445,-23.46267843103824]]]}},{"type":"Feature","properties":{"NOME":"Conjunto Residencial João de Barro Itaparica","ZONA":37,"COD_BAIRRO_GEO":115,"LT_NOMEFANT":" "},"geometry":{"type":"Polygon","coordinates":[[[-51.893480278854696,-23.392957661284868],[-51.893618375531666,-23.392547741345517],[-51.89368499969708,-23.391981459088772],[-51.89374504214952,-23.391746295681365],[-51.894073270805166,-23.39088768118842],[-51.89413050328507,-23.390662947872748],[-51.89271716920765,-23.391620798017346],[-51.89250228771795,-23.391707428330566],[-51.89117748716643,-23.392621250319237],[-51.89105180486435,-23.39270794193082],[-51.89066063007236,-23.392977760265726],[-51.89055069193301,-23.393053591740703],[-51.89016092165836,-23.393322439832048],[-51.890051052099764,-23.393398222705056],[-51.88965168902553,-23.39367368520332],[-51.889522903360174,-23.393758428771093],[-51.88794401603889,-23.39484744745392],[-51.887837145943976,-23.394925244939756],[-51.88656281849033,-23.395804172331328],[-51.886568169508806,-23.395866516877295],[-51.886561483010496,-23.39595429405113],[-51.88653838335117,-23.396039665990962],[-51.88649957346676,-23.39612003825536],[-51.88625879975742,-23.39634486495662],[-51.8862580125547,-23.396344948903582],[-51.886194526169916,-23.39635117528241],[-51.88613093119376,-23.396356377994284],[-51.88606724719263,-23.396360556024934],[-51.88600349470553,-23.396363707451343],[-51.88593969133575,-23.396365830367145],[-51.88587585861885,-23.396366925553448],[-51.885812014170206,-23.396366992910327],[-51.885748178534804,-23.396366031418136],[-51.88527618647269,-23.396691563845867],[-51.88515017722977,-23.396778226515966],[-51.88401249433343,-23.397559537826528],[-51.88388643487543,-23.397646108567066],[-51.883681696335074,-23.39778122709119],[-51.88384758155904,-23.39803059088218],[-51.88417601766374,-23.39851720551518],[-51.88451466312785,-23.399025336923582],[-51.88473135490156,-23.399343030112764],[-51.88513370211737,-23.399091070134602],[-51.885950335187516,-23.398580589821975],[-51.88656814642948,-23.398192163219893],[-51.887209862492824,-23.397786902459536],[-51.887596610665156,-23.397541904722488],[-51.88793536255269,-23.39732937143244],[-51.88861605426822,-23.396904309880185],[-51.889180806866825,-23.396552133130903],[-51.889865720442636,-23.39611864409773],[-51.89054831891976,-23.39569742118689],[-51.89108528796971,-23.395361590841844],[-51.891417463017795,-23.395152073770504],[-51.89148259328228,-23.395114675589628],[-51.8919793960128,-23.39482940437857],[-51.8931026809078,-23.39419466325233],[-51.893480278854696,-23.392957661284868]]]}},{"type":"Feature","properties":{"NOME":"Conjunto Residencial João de Barro Porto Seguro","ZONA":38,"COD_BAIRRO_GEO":135,"LT_NOMEFANT":" "},"geometry":{"type":"Polygon","coordinates":[[[-51.903049429923485,-23.45101458325409],[-51.90318226152094,-23.450931368011116],[-51.90331434939076,-23.451117397430874],[-51.90350091838378,-23.45099964255693],[-51.90336148766705,-23.45081442715303],[-51.903811595482715,-23.450536997426227],[-51.90394998581853,-23.45071918726124],[-51.90428036514358,-23.450515016818827],[-51.904126574918024,-23.45029308650665],[-51.904068304363136,-23.450311822629235],[-51.903803419039725,-23.449918498296242],[-51.90373025750617,-23.449810634596236],[-51.90298317985392,-23.448709200155438],[-51.90218607640063,-23.449296808607222],[-51.90213528705789,-23.449334248808626],[-51.89948499717718,-23.451291546680885],[-51.89973782005461,-23.451660388736286],[-51.89975722261074,-23.451687548564077],[-51.89963871953694,-23.45178334414301],[-51.89934166254143,-23.45203220186327],[-51.89922045433885,-23.45210998814387],[-51.899207375032496,-23.452118382142295],[-51.899136583060354,-23.45215974734582],[-51.89917542371982,-23.45221904005124],[-51.899162308909396,-23.45222826520967],[-51.899117649376755,-23.452259681719053],[-51.89860914693987,-23.452596559093315],[-51.89847964311955,-23.45268699155736],[-51.89866508104638,-23.452964920795736],[-51.898492179034506,-23.452705780332508],[-51.89775998829872,-23.45318401648027],[-51.89779238533748,-23.453223827197423],[-51.897966167020115,-23.453442308704446],[-51.898033943013466,-23.45356240767322],[-51.89811800742495,-23.453673471909358],[-51.8983574564064,-23.453830336863],[-51.89845856705832,-23.453928566498007],[-51.898617533987256,-23.454056843423245],[-51.89926701968818,-23.45363958641008],[-51.89995515325319,-23.45321033946783],[-51.90008630271575,-23.45312994548472],[-51.90105061581211,-23.452528810745385],[-51.90160934465971,-23.452179665932977],[-51.902323761795344,-23.451736473891913],[-51.902829990954444,-23.451423101323194],[-51.903183321390415,-23.45120009564321],[-51.903049429923485,-23.45101458325409]],[[-51.899824014802874,-23.452872059224607],[-51.89975253639718,-23.452766614506185],[-51.89953277829861,-23.45244539641713],[-51.89980024356586,-23.452836345861527],[-51.89982390616819,-23.452871486308915],[-51.89986585152276,-23.452933778563917],[-51.899824014802874,-23.452872059224607]]]}},{"type":"Feature","properties":{"NOME":"Conjunto Residencial João de Barro Thaís","ZONA":19,"COD_BAIRRO_GEO":262,"LT_NOMEFANT":" "},"geometry":{"type":"Polygon","coordinates":[[[-51.98007731046702,-23.39410700753426],[-51.97984013639807,-23.394404178562358],[-51.97981039194458,-23.394440176309374],[-51.97957957141576,-23.39471951664255],[-51.979458756517296,-23.394880980648686],[-51.97906555903673,-23.39538097439139],[-51.97860498263093,-23.395982984628557],[-51.97795106597516,-23.39682309051442],[-51.97775472431085,-23.39708602436173],[-51.977254082627084,-23.397742243623753],[-51.9769323623569,-23.39814573184955],[-51.97681312474006,-23.39828400682192],[-51.9783856524584,-23.39999019462159],[-51.97999978415022,-23.401668717194685],[-51.98039203057456,-23.402046024216528],[-51.98062772271945,-23.40147194631925],[-51.981000226423994,-23.40059044001139],[-51.98114312447496,-23.400255290309158],[-51.98125011906685,-23.400011742496304],[-51.98145790777062,-23.39950447090917],[-51.98163661367437,-23.39906640212514],[-51.981908442111504,-23.39842950133088],[-51.982140112328906,-23.397888551782344],[-51.98236606558268,-23.397334697580675],[-51.98265116032236,-23.39665718073321],[-51.98277048289044,-23.396361460119387],[-51.98260243213063,-23.396220162942306],[-51.982469169311464,-23.39611090860246],[-51.982223853279564,-23.395907331793467],[-51.982115678857824,-23.39581272034974],[-51.981757685880225,-23.395507658109555],[-51.98163183916528,-23.395407450830852],[-51.98127314281906,-23.395105306474143],[-51.981165031793104,-23.395015798860566],[-51.98033838748213,-23.394323501621997],[-51.98021626570425,-23.394221213163174],[-51.98007731046702,-23.39410700753426]]]}},{"type":"Feature","properties":{"NOME":"Conjunto Residencial Karina","ZONA":36,"COD_BAIRRO_GEO":83,"LT_NOMEFANT":"LOTEAMENTO LIBERDADE II PARTE"},"geometry":{"type":"Polygon","coordinates":[[[-51.888955263507356,-23.415851286688543],[-51.888606183437744,-23.419223149614627],[-51.89020348094481,-23.419635945643016],[-51.89023475654528,-23.41953202879595],[-51.89087934727905,-23.41739056122348],[-51.89419221550795,-23.418248387070125],[-51.89337028050849,-23.416882427624326],[-51.88942757191771,-23.415844765906023],[-51.888955263507356,-23.415851286688543]]]}},{"type":"Feature","properties":{"NOME":"Conjunto Residencial Paulino Carlos Filho","ZONA":37,"COD_BAIRRO_GEO":106,"LT_NOMEFANT":" "},"geometry":{"type":"Polygon","coordinates":[[[-51.89732058413091,-23.39485890788847],[-51.89691989757259,-23.395093828880213],[-51.896175589336224,-23.39551676873348],[-51.89489182101227,-23.396261270026134],[-51.89386973476847,-23.39685085506991],[-51.89350128257991,-23.39706376855158],[-51.893647385241366,-23.397282821268522],[-51.89446551267857,-23.398509435498088],[-51.89477000551028,-23.398329800220413],[-51.89538766401484,-23.39797039606007],[-51.89601191314661,-23.397613790575843],[-51.89651602676825,-23.39731774187622],[-51.897097653603495,-23.396982692687786],[-51.89760879149083,-23.396696652213127],[-51.89849511227051,-23.39616883175145],[-51.899668667246125,-23.395500111843837],[-51.901110370886684,-23.3946673337112],[-51.902835475866354,-23.39368255220113],[-51.903142627850244,-23.39351958176695],[-51.90365525567734,-23.393165144045625],[-51.903633949416275,-23.393145081993957],[-51.90359278132242,-23.393106120108442],[-51.903551115414515,-23.393065896577472],[-51.90350690599342,-23.393025778056792],[-51.90346941897448,-23.392981285206478],[-51.9034403086476,-23.392931053637984],[-51.90340321002253,-23.392886106914403],[-51.90335838295945,-23.39284147490295],[-51.90331503596087,-23.392798641673366],[-51.903271798480056,-23.392757523920302],[-51.90322796227802,-23.39271469349125],[-51.90318276500116,-23.3926733160679],[-51.90313685865933,-23.39262823951541],[-51.903099864197856,-23.39258419533397],[-51.90306005717156,-23.392543870601084],[-51.90302638603929,-23.392499265270068],[-51.90298537422584,-23.392454431363966],[-51.90290085736141,-23.39237227466172],[-51.90285675234118,-23.392333058562304],[-51.9028110694797,-23.39229204511657],[-51.90276696145157,-23.392252377396247],[-51.9027225323492,-23.392208647015725],[-51.902682230172154,-23.392167421815696],[-51.90263936980774,-23.392124133963012],[-51.902594283373425,-23.392084471839446],[-51.902548717501844,-23.392046257625758],[-51.90250548050263,-23.392005139641896],[-51.902469471056854,-23.391961992834357],[-51.90243751054612,-23.39193251820849],[-51.901779020377525,-23.392294251426705],[-51.90173062053488,-23.39232292430474],[-51.901678712851314,-23.392352797008712],[-51.90014929318279,-23.393232957738118],[-51.900115713364585,-23.393252282246884],[-51.898971708853324,-23.393902085212083],[-51.898946804895836,-23.393916806438853],[-51.89850069552528,-23.394180510020114],[-51.898521234921404,-23.394225655176037],[-51.89852642034644,-23.394241754222826],[-51.898121022923675,-23.39448115095281],[-51.897486402687434,-23.394837912551154],[-51.89732058413091,-23.39485890788847]]]}},{"type":"Feature","properties":{"NOME":"Conjunto Residencial Pioneiro José Israel Factori","ZONA":34,"COD_BAIRRO_GEO":2749,"LT_NOMEFANT":" "},"geometry":{"type":"Polygon","coordinates":[[[-52.047749913597904,-23.52649047546201],[-52.047581571243526,-23.52663918465571],[-52.04677764044489,-23.527362752977723],[-52.046848792378796,-23.527512766908746],[-52.04696955287947,-23.527765597552936],[-52.0471498617526,-23.52809388558614],[-52.04715712510857,-23.528103685901755],[-52.04719447358057,-23.528154078656005],[-52.04720965594605,-23.528140674462335],[-52.0472222897553,-23.5281295200772],[-52.04855638905596,-23.526874653147388],[-52.04988017930837,-23.525643491915048],[-52.04918942467542,-23.52520854540843],[-52.04902837333619,-23.525350737470635],[-52.04876952134239,-23.525582225592785],[-52.048520907322924,-23.525801360180736],[-52.04825224120825,-23.526041181305732],[-52.04802493635612,-23.526243325504197],[-52.047749913597904,-23.52649047546201]]]}},{"type":"Feature","properties":{"NOME":"Conjunto Residencial Planville","ZONA":48,"COD_BAIRRO_GEO":317,"LT_NOMEFANT":" "},"geometry":{"type":"Polygon","coordinates":[[[-51.96209909921433,-23.39563374465026],[-51.961502554868616,-23.395391040660968],[-51.96071169514763,-23.3950961931149],[-51.96071461252582,-23.39501592932908],[-51.96071675285418,-23.394969025028654],[-51.96071650436674,-23.394934579862117],[-51.959190976618444,-23.394359912971584],[-51.95863487441968,-23.394368087730328],[-51.957968399465464,-23.394370256768696],[-51.95632249609299,-23.394378469252345],[-51.95639792524811,-23.39566353045719],[-51.956956008952396,-23.39566011944008],[-51.95782700859371,-23.395660742434124],[-51.95864103454628,-23.39565097801765],[-51.95971023521045,-23.395649231421675],[-51.960608979580016,-23.39564483186941],[-51.96150255674755,-23.39563932720871],[-51.96209909921433,-23.39563374465026]]]}},{"type":"Feature","properties":{"NOME":"Conjunto Residencial Rodolpho Bernardi","ZONA":46,"COD_BAIRRO_GEO":190,"LT_NOMEFANT":" "},"geometry":{"type":"Polygon","coordinates":[[[-51.906301161758364,-23.387229380339885],[-51.90612839941107,-23.386889468438515],[-51.90582879196057,-23.38702940645206],[-51.90510350194485,-23.38735029436461],[-51.9043232699488,-23.38769302416908],[-51.90364768326921,-23.387999903472934],[-51.90290486838467,-23.388323027848088],[-51.902065986557844,-23.388701587386713],[-51.901318056166325,-23.389028375696796],[-51.900263680098476,-23.389493863876538],[-51.89991855680072,-23.389648313884845],[-51.89976861862198,-23.389720115076567],[-51.89926899594687,-23.389948323877032],[-51.899573669850106,-23.390039004334657],[-51.899706101957115,-23.390096791941655],[-51.8999438625438,-23.39022447156073],[-51.90013762773398,-23.390354794035936],[-51.90038329382985,-23.39050274093062],[-51.90073348166595,-23.390601095376564],[-51.900899651228826,-23.390670636304606],[-51.90102286999946,-23.39070577244062],[-51.9012563692342,-23.390777314867357],[-51.90135137564861,-23.39085204536712],[-51.90145458620041,-23.390991252930124],[-51.90149953052752,-23.391035903821255],[-51.90210931122615,-23.390754473034722],[-51.90298580789652,-23.390367100728238],[-51.903778166229884,-23.390014109752645],[-51.90441225903323,-23.389734457123094],[-51.90509328485183,-23.389432406768574],[-51.90571534119905,-23.389152784326185],[-51.90646903076638,-23.388813847700685],[-51.907006887970546,-23.38857345568981],[-51.906897553313556,-23.38836989576361],[-51.906599522111165,-23.387798563954956],[-51.906301161758364,-23.387229380339885]]]}},{"type":"Feature","properties":{"NOME":"Conjunto Residencial Ângelo Planas","ZONA":20,"COD_BAIRRO_GEO":277,"LT_NOMEFANT":" "},"geometry":{"type":"Polygon","coordinates":[[[-51.938906803532234,-23.455555117039506],[-51.93878637539609,-23.45555360720976],[-51.93743313269167,-23.455546582153254],[-51.93623365961238,-23.455537242548],[-51.934908299505445,-23.455515716891497],[-51.933817324115005,-23.455505090682415],[-51.933551015627344,-23.45550307161075],[-51.933453250220076,-23.455650939420405],[-51.93340587786184,-23.455750124338863],[-51.933375775369115,-23.45585489614553],[-51.933276112607565,-23.455994605667243],[-51.93320752618599,-23.456139692110774],[-51.93315180958832,-23.45621370111875],[-51.934015003158606,-23.45623870283628],[-51.93498332478304,-23.456234920325432],[-51.9360167768458,-23.456235802635433],[-51.93728339025199,-23.456228198110757],[-51.938622571744524,-23.45622612144311],[-51.93986254050333,-23.456218541574174],[-51.94056401669766,-23.45622396208612],[-51.94173728548021,-23.456220663159954],[-51.942609003530045,-23.456216424698283],[-51.94365549806889,-23.456217267005012],[-51.94450380730859,-23.456214523389956],[-51.9455675581231,-23.45620966837548],[-51.94680623454605,-23.45620789121935],[-51.94812349862046,-23.45620275895567],[-51.94911291939255,-23.45619813367535],[-51.94915093758282,-23.45601900415393],[-51.94915030176379,-23.456018805703835],[-51.94922314263186,-23.45567331935651],[-51.94909745367712,-23.455671860341834],[-51.94742879615501,-23.455652475966303],[-51.94742861904012,-23.455652762455454],[-51.9440131529523,-23.455609131946545],[-51.94151694683076,-23.455580369128096],[-51.938906803532234,-23.455555117039506]]]}},{"type":"Feature","properties":{"NOME":"Conjunto Santa Terezinha","ZONA":33,"COD_BAIRRO_GEO":55,"LT_NOMEFANT":" "},"geometry":{"type":"Polygon","coordinates":[[[-52.0603514424798,-23.380916495540706],[-52.06029492344082,-23.380693471814396],[-52.060151727053416,-23.380132707147474],[-52.060024711459164,-23.3796468826514],[-52.05995465611629,-23.379392000875963],[-52.05963496900362,-23.379463126087316],[-52.05925060391554,-23.37955042237476],[-52.05874302095146,-23.37965324328734],[-52.05876259726311,-23.379742275052802],[-52.05885634588377,-23.3801051148281],[-52.05896521461627,-23.380513735325682],[-52.059065274005974,-23.3808887189807],[-52.05915028266304,-23.38122652602022],[-52.05924417738559,-23.38159318224771],[-52.05934089137698,-23.381952183683666],[-52.059427058795556,-23.382300545495916],[-52.059458801577485,-23.382423113395678],[-52.05914654412056,-23.382640105747477],[-52.05873227313272,-23.382927526545423],[-52.058335781556714,-23.383206416317385],[-52.05795045581016,-23.383470072171544],[-52.05748258521876,-23.383793947667225],[-52.05728993709393,-23.383932017478738],[-52.05745321429477,-23.384117021181254],[-52.057544207020044,-23.384215730128282],[-52.05791350929802,-23.3845905189938],[-52.0580265872818,-23.38467969492983],[-52.05821538395654,-23.384825162977886],[-52.058748560390704,-23.384452960276043],[-52.05913241433174,-23.384183723451933],[-52.05952555978136,-23.383910014276264],[-52.05996342596753,-23.383601128700448],[-52.06052049167812,-23.383209180624945],[-52.06098455388339,-23.38289214395515],[-52.06131794635286,-23.382662511593743],[-52.06091575273269,-23.382152041308576],[-52.06087556726322,-23.382102673475796],[-52.06072253686529,-23.381914673906422],[-52.0605816785881,-23.381745956104076],[-52.060462260205874,-23.381338210545614],[-52.0603514424798,-23.380916495540706]]]}},{"type":"Feature","properties":{"NOME":"Distrito Floriano","ZONA":34,"COD_BAIRRO_GEO":72,"LT_NOMEFANT":" "},"geometry":{"type":"Polygon","coordinates":[[[-52.051232181758714,-23.522019709742928],[-52.05115897998113,-23.52204532059035],[-52.05029409712498,-23.522870762917737],[-52.04973855684724,-23.52340501674073],[-52.049111265569934,-23.524042508928154],[-52.04903108938372,-23.523967919095163],[-52.04796906369845,-23.52294518180751],[-52.04768277108545,-23.523181631570274],[-52.04840739663087,-23.523912353919663],[-52.04902348168994,-23.524541943415315],[-52.04954596570358,-23.525083628957354],[-52.04975807181172,-23.525305489203834],[-52.04965735788018,-23.525396099866548],[-52.0498251168308,-23.525471676500416],[-52.05005220444726,-23.52561314795778],[-52.0511016384791,-23.524684158289567],[-52.0518440936418,-23.525360925530798],[-52.05164451906262,-23.525542673380418],[-52.051748799435074,-23.525737066486485],[-52.05199046941381,-23.52614456474537],[-52.052863619000846,-23.525358136773953],[-52.05292409468198,-23.525355072352017],[-52.055314165432485,-23.525358472803408],[-52.05529106490265,-23.52528883444061],[-52.05513112091232,-23.52468868041727],[-52.055120928741204,-23.52462706597095],[-52.05511732757409,-23.52454038155454],[-52.05508173859021,-23.523749242573565],[-52.05508766738598,-23.522002825329256],[-52.051232181758714,-23.522019709742928]]]}},{"type":"Feature","properties":{"NOME":"Distrito Iguatemi","ZONA":33,"COD_BAIRRO_GEO":50,"LT_NOMEFANT":" "},"geometry":{"type":"Polygon","coordinates":[[[-52.0651750598896,-23.369593993553533],[-52.06422148048101,-23.36937593445033],[-52.0638050657695,-23.36949416953303],[-52.063736040080265,-23.369740048670995],[-52.06343730698131,-23.370788030742837],[-52.0631638279793,-23.371837469982406],[-52.06301066145548,-23.37234291261785],[-52.06276970766627,-23.373233556241747],[-52.06253230763892,-23.37414363197178],[-52.062284414,-23.37503967612075],[-52.063570040809005,-23.37535296650234],[-52.06449475750216,-23.37558055730733],[-52.065403361103385,-23.37580779437641],[-52.065823234046604,-23.374356560470037],[-52.066242963214656,-23.3728334890859],[-52.06660456424421,-23.37152571981882],[-52.067003733063494,-23.370081829607578],[-52.06707156718277,-23.369958823361376],[-52.06743325400756,-23.36859542387075],[-52.066502132887074,-23.368385476901828],[-52.06613220674325,-23.368279931835303],[-52.06545390768966,-23.368582127192347],[-52.0651750598896,-23.369593993553533]]]}},{"type":"Feature","properties":{"NOME":"Distrito Industrial 2","ZONA":45,"COD_BAIRRO_GEO":183,"LT_NOMEFANT":" "},"geometry":{"type":"Polygon","coordinates":[[[-51.98941914533173,-23.454496222608153],[-51.98994206224614,-23.45503492199514],[-51.99046851290642,-23.455567344190563],[-51.991072959965265,-23.456177243093165],[-51.992135820185155,-23.457247379838265],[-51.99288919675276,-23.458042077582515],[-51.9934178338531,-23.458596856313427],[-51.994911810400204,-23.460164557779628],[-51.99826436355543,-23.45878454961559],[-51.999333681271736,-23.460361274524892],[-51.99954853414013,-23.460243165075994],[-52.000125195295624,-23.45928630397317],[-51.9998725844264,-23.458922659501546],[-51.99977590824619,-23.458783488562965],[-51.99783499096888,-23.455925866243334],[-51.99791740014203,-23.45589703199829],[-51.99846230242061,-23.45568328647225],[-51.99850821491065,-23.455760658623277],[-51.998570381855934,-23.45584688734643],[-52.00019431705122,-23.455132847438623],[-52.00106778937008,-23.45474716425894],[-52.00156116443174,-23.45452931038305],[-52.002736619630845,-23.453995752269417],[-52.00284609849047,-23.453946057371986],[-52.00125305682643,-23.453030732487147],[-51.99922605556227,-23.45180585432188],[-51.99713917826494,-23.450535926523173],[-51.99418606827227,-23.44876486997995],[-51.992981511212875,-23.448053233162153],[-51.99195770839245,-23.447403559702295],[-51.99137646799677,-23.447659218201224],[-51.99121634895426,-23.447729645380164],[-51.99101781299052,-23.447968943873253],[-51.990210067971994,-23.448769031474534],[-51.988847372664765,-23.45020649081634],[-51.98718155020156,-23.45178475564438],[-51.987331659571595,-23.452152857203085],[-51.98764598085107,-23.45262283798641],[-51.988725296842446,-23.453776293705552],[-51.98941914533173,-23.454496222608153]]]}},{"type":"Feature","properties":{"NOME":"Fator Imóveis","ZONA":36,"COD_BAIRRO_GEO":84,"LT_NOMEFANT":" "},"geometry":{"type":"Polygon","coordinates":[[[-51.89154785321316,-23.4134901024789],[-51.891327055358026,-23.413121962630665],[-51.89052506374979,-23.413297591035704],[-51.891050486853196,-23.414166721017637],[-51.89112243294642,-23.414296443244222],[-51.89160870040876,-23.415083047543728],[-51.89186636140477,-23.414954649722187],[-51.89206425206019,-23.414853349841014],[-51.89229480828917,-23.41473105381817],[-51.89211083714847,-23.414430183683127],[-51.89181741246347,-23.413939817194922],[-51.89173963217265,-23.413811757105503],[-51.89154785321316,-23.4134901024789]]]}},{"type":"Feature","properties":{"NOME":"Gleba Jacarandá","ZONA":28,"COD_BAIRRO_GEO":4923,"LT_NOMEFANT":null},"geometry":{"type":"Polygon","coordinates":[[[-51.92184004167756,-23.447157058046127],[-51.91571065932631,-23.450196308072844],[-51.916105345404475,-23.45083785076878],[-51.92173415579845,-23.448118506000153],[-51.922278206507094,-23.44785716146763],[-51.922091003275796,-23.447615575362025],[-51.9219359584986,-23.447382323548137],[-51.921837738156654,-23.447239014741584],[-51.92184004167756,-23.447157058046127]]]}},{"type":"Feature","properties":{"NOME":"Jardim Acema","ZONA":7,"COD_BAIRRO_GEO":211,"LT_NOMEFANT":" "},"geometry":{"type":"Polygon","coordinates":[[[-51.92162826910876,-23.41628744589236],[-51.92228794894742,-23.41788444274624],[-51.923162910181,-23.417582831492084],[-51.92250517258964,-23.415982365911827],[-51.92162826910876,-23.41628744589236]]]}},{"type":"Feature","properties":{"NOME":"Jardim Aclimação","ZONA":28,"COD_BAIRRO_GEO":11,"LT_NOMEFANT":" "},"geometry":{"type":"Polygon","coordinates":[[[-51.91187408341249,-23.446769252192887],[-51.91131477859256,-23.44702752935754],[-51.90949724431568,-23.447918327314063],[-51.91086040801793,-23.449841192972823],[-51.91304118535173,-23.4488333750538],[-51.91316138727311,-23.448787014219423],[-51.914296023134064,-23.448261462183183],[-51.91428823411713,-23.448249173526946],[-51.915474094451106,-23.44770457310967],[-51.916898287299375,-23.447031673059683],[-51.919040504604055,-23.446007914476176],[-51.920232406805596,-23.445456099650155],[-51.920168470446924,-23.44534193021039],[-51.9207352057448,-23.44505851476574],[-51.92060854727479,-23.444861074358766],[-51.92054643146075,-23.44476424505705],[-51.9204783993086,-23.444631280536033],[-51.920456331937025,-23.44458928210132],[-51.92041050607534,-23.44444062962578],[-51.92037926741121,-23.44437097377175],[-51.92032574679583,-23.44419228601764],[-51.920306669529786,-23.444007737409635],[-51.92033843790615,-23.44379973238288],[-51.920391834671435,-23.443500022977673],[-51.92031645290328,-23.443187613268975],[-51.92029020835752,-23.443078845874673],[-51.92026318779872,-23.44296686038257],[-51.92024315270747,-23.442883825952254],[-51.92021608751792,-23.44277160316519],[-51.919090558992956,-23.443315419724016],[-51.91893311773018,-23.443373064997328],[-51.915868657505015,-23.444846136124376],[-51.91432515494594,-23.445599254465225],[-51.913595878906435,-23.445953332197313],[-51.91301310471457,-23.446231531287662],[-51.91286185831717,-23.44631331699303],[-51.91200488196301,-23.44670704938969],[-51.91187408341249,-23.446769252192887]]]}},{"type":"Feature","properties":{"NOME":"Jardim Alamar","ZONA":20,"COD_BAIRRO_GEO":271,"LT_NOMEFANT":" "},"geometry":{"type":"Polygon","coordinates":[[[-51.947024825620254,-23.440084430883907],[-51.9468948023601,-23.43978640012939],[-51.94663419241436,-23.43921474002905],[-51.946379688696965,-23.438600269982466],[-51.94618568516427,-23.43816302178865],[-51.94608504981573,-23.43792934277445],[-51.94598607802161,-23.437707088233026],[-51.94582301826877,-23.437334185386828],[-51.94555976242641,-23.43672152524183],[-51.94545036896509,-23.436477044892747],[-51.945159867446364,-23.436574587612657],[-51.94499387358621,-23.436504109783893],[-51.94468617273425,-23.43628653000715],[-51.94421361796121,-23.435952377702996],[-51.94420807860273,-23.436037952440365],[-51.94420941799022,-23.43622097988765],[-51.944209332336655,-23.436353739658497],[-51.94421471954427,-23.43653293287506],[-51.9442268921899,-23.43665423895165],[-51.94424642392484,-23.436790687087274],[-51.94426065512027,-23.43691198160756],[-51.94428733905405,-23.437049321291596],[-51.944346741034316,-23.437247423402255],[-51.94438094256983,-23.4373758986401],[-51.94433762003511,-23.43749445865561],[-51.945274079283095,-23.439823351331285],[-51.94538292559001,-23.439782497500843],[-51.94590110665783,-23.440956857018787],[-51.9459731580729,-23.440939980145618],[-51.946058987174474,-23.440911230140543],[-51.946254688318156,-23.440913837328964],[-51.946335101681825,-23.440922010686222],[-51.9464566832407,-23.44092639831254],[-51.94654667499642,-23.44093853095445],[-51.9465870855263,-23.440942030595174],[-51.94664413690357,-23.440946971982967],[-51.94683988319823,-23.440942171846462],[-51.94696394727205,-23.440939278602723],[-51.947120941652166,-23.44091606465503],[-51.94712993045537,-23.440914490010414],[-51.94721824365132,-23.440875567714418],[-51.94731253490012,-23.440851331396797],[-51.9473531535956,-23.440843663201687],[-51.947024825620254,-23.440084430883907]]]}},{"type":"Feature","properties":{"NOME":"Jardim Alto Alegre","ZONA":33,"COD_BAIRRO_GEO":3095,"LT_NOMEFANT":" "},"geometry":{"type":"Polygon","coordinates":[[[-52.06041501982502,-23.3761508207311],[-52.06033724651261,-23.375831887954725],[-52.06016619058141,-23.375207675259098],[-52.060140287074475,-23.375119286232316],[-52.06003115659914,-23.374616285951255],[-52.05992959339319,-23.374152231520128],[-52.05978109234539,-23.373473712444035],[-52.05976138924277,-23.373480919755014],[-52.0597336729999,-23.37349105802663],[-52.05891649557777,-23.37380482184387],[-52.058777655963866,-23.37385497496404],[-52.05889129851708,-23.374338798943942],[-52.05903887603866,-23.374896324987045],[-52.059303465078216,-23.37597089359781],[-52.05948390768797,-23.37668025742306],[-52.05982907491804,-23.3780759661063],[-52.059931563548844,-23.378488661088543],[-52.0601341238672,-23.379272803769066],[-52.060147225010454,-23.3792713312689],[-52.06049367886498,-23.379197348271845],[-52.06080126947801,-23.379124370545878],[-52.06109675181819,-23.379045134852547],[-52.06112435340992,-23.37903386268073],[-52.06083725930696,-23.377899388382406],[-52.06068078673594,-23.3772490701547],[-52.06053802604733,-23.37665197428742],[-52.06041501982502,-23.3761508207311]]]}},{"type":"Feature","properties":{"NOME":"Jardim Alvorada","ZONA":24,"COD_BAIRRO_GEO":299,"LT_NOMEFANT":" "},"geometry":{"type":"Polygon","coordinates":[[[-51.91860216982274,-23.39585109483973],[-51.91861348007996,-23.395890372605038],[-51.91861834369315,-23.395936774008902],[-51.91861440454486,-23.395983249723614],[-51.91860178108269,-23.396028388224167],[-51.91858085624695,-23.39607081797804],[-51.91855226797316,-23.396109249049225],[-51.918516883059006,-23.396142514800417],[-51.91847577780599,-23.396169602716725],[-51.9184302010904,-23.396189691655337],[-51.91838153632453,-23.39620217013403],[-51.918331263454824,-23.396206660038548],[-51.91828091007736,-23.39620302323291],[-51.918232005513616,-23.39619137176458],[-51.91818603573419,-23.396172059097125],[-51.91814439828856,-23.396145672245705],[-51.91810835813301,-23.396113012165305],[-51.91807900931756,-23.39607507229788],[-51.91805724441461,-23.396033004429018],[-51.918022670353324,-23.39604493668762],[-51.91756859809073,-23.39620165041273],[-51.917478309908745,-23.396232812159862],[-51.91166075428829,-23.398240473507574],[-51.909679717689706,-23.39892399076499],[-51.908394413574854,-23.399367412656577],[-51.90836665542077,-23.399377158055433],[-51.90754223874397,-23.39966162313617],[-51.90689112537848,-23.39988148088672],[-51.906417440999036,-23.400041468577815],[-51.906422315600224,-23.40005543390949],[-51.90646099307942,-23.400160638056125],[-51.90649178636454,-23.400312040697102],[-51.906497450072656,-23.400367736574502],[-51.90649657148954,-23.400425547804154],[-51.90649826671534,-23.40048767956544],[-51.90650199542628,-23.400546638259094],[-51.906501021449124,-23.400604811329075],[-51.906500120731536,-23.400659371090494],[-51.90649907779972,-23.400721789697418],[-51.90650014407314,-23.400777783202752],[-51.9065081693088,-23.400835362142647],[-51.90651081361061,-23.40089315293583],[-51.90652361482308,-23.400947904188033],[-51.906556038713745,-23.400995677142],[-51.9065676047054,-23.40105585487853],[-51.90656782412055,-23.401116821006635],[-51.906569982243994,-23.40117506622646],[-51.90658379899251,-23.401235230904213],[-51.906587711873186,-23.401278111191587],[-51.906602303443755,-23.401351458394434],[-51.906610401408166,-23.401405333696154],[-51.90661648618385,-23.401465362576033],[-51.90662647175973,-23.401523381741132],[-51.90663691895791,-23.401577333734],[-51.90664260248216,-23.40163591978566],[-51.9066522914347,-23.40169348905768],[-51.90666580240575,-23.40175184905455],[-51.906681329047736,-23.401804416743687],[-51.906701103601584,-23.40186283162372],[-51.90671313935598,-23.401920116308027],[-51.9067196107226,-23.401979420358906],[-51.90672028322358,-23.40203505484764],[-51.90671938260767,-23.402089614597976],[-51.90672513945094,-23.402144587333627],[-51.90673355386138,-23.40220180270145],[-51.90674431934848,-23.402259365715807],[-51.9067500078813,-23.40231867430406],[-51.90676437508991,-23.402373416435033],[-51.906780396682585,-23.402426794134183],[-51.906798989687346,-23.402484131081497],[-51.906813675121604,-23.402542484241593],[-51.906833148888744,-23.402599816072712],[-51.90685213337869,-23.40265715073967],[-51.90687300673936,-23.40271880990126],[-51.906892539041564,-23.402770360771495],[-51.90691363279764,-23.402821270323013],[-51.90693301617715,-23.402879686526678],[-51.90694927546537,-23.402939204721754],[-51.90696708267152,-23.402996094591746],[-51.90698584448745,-23.403049456358968],[-51.90700217460593,-23.403104999965116],[-51.90702585711067,-23.4031623976598],[-51.90704492978492,-23.40321828663066],[-51.907062431802274,-23.403273462138323],[-51.907076400432935,-23.403327122677105],[-51.90710397339551,-23.40338097611912],[-51.9071196912179,-23.403432820058796],[-51.907144348738925,-23.403489670138683],[-51.9071716460289,-23.40354614360216],[-51.907193460740984,-23.403602287598193],[-51.90722373202005,-23.40364998254919],[-51.90724664231123,-23.403708920159065],[-51.90724244177724,-23.403767473222544],[-51.90724911537391,-23.403827679275896],[-51.90726622304726,-23.40388240543152],[-51.90728632316525,-23.403945423838287],[-51.90730667625375,-23.404002479518837],[-51.90732469611144,-23.404061806793194],[-51.907340940962115,-23.404119157285795],[-51.907362254850085,-23.404173588039377],[-51.907396661691735,-23.40422496213973],[-51.907415939644046,-23.404282204688514],[-51.90741456234462,-23.4043385736291],[-51.907413558663926,-23.40440668226291],[-51.90741253097192,-23.404471268476705],[-51.907410116612205,-23.404533424047187],[-51.90740239501161,-23.404592268519142],[-51.90738959389921,-23.404652497314814],[-51.90738293274209,-23.404708987255386],[-51.907381752998866,-23.404765626012097],[-51.90738363340583,-23.404826130846676],[-51.90739251914217,-23.404880633751098],[-51.9073962004586,-23.4049469096398],[-51.90739860465955,-23.405012469464108],[-51.90741466257119,-23.40507108553219],[-51.90742960339255,-23.405123746831585],[-51.90746442535986,-23.40517855072999],[-51.90750711743289,-23.405224999290393],[-51.9075441071271,-23.405267597108622],[-51.907589957285715,-23.405317911150018],[-51.90763052730028,-23.405368888098696],[-51.90767741396472,-23.405413325161422],[-51.90771741897959,-23.40545319576036],[-51.90777226678683,-23.405473922183123],[-51.907833954942916,-23.40547880249686],[-51.90789391478165,-23.405474209017086],[-51.907953502079216,-23.405443695264307],[-51.90798232086695,-23.40539312814107],[-51.90798507203186,-23.40533720283602],[-51.90801113158246,-23.405283851757815],[-51.90802534872225,-23.405230388843783],[-51.908042557950154,-23.40521385024169],[-51.90809838924134,-23.405235293413032],[-51.90816681613328,-23.405238147354314],[-51.908231631296374,-23.405228015888817],[-51.90828805062754,-23.40520655262422],[-51.90834828109977,-23.40519861548645],[-51.90841766685767,-23.405198573440707],[-51.90848304340473,-23.405199006281954],[-51.9085543218051,-23.405203830560218],[-51.90862439567036,-23.405204236031896],[-51.908683253772764,-23.405210306653924],[-51.908749536967015,-23.405214527635103],[-51.908808007334734,-23.405221142396595],[-51.90886058116078,-23.405252810621285],[-51.90890347377055,-23.40529988987425],[-51.90896165223959,-23.40533540931042],[-51.90902524186719,-23.40536078118472],[-51.90908961850575,-23.405372419512542],[-51.90915181692257,-23.405380367284867],[-51.90921288543409,-23.405394824788996],[-51.90927608283613,-23.40540574732435],[-51.909338078150995,-23.40541261233986],[-51.909395975904914,-23.405435668810163],[-51.90944039812721,-23.40547741001021],[-51.909493676095366,-23.405497512703686],[-51.90953389810254,-23.405526091312872],[-51.90959574590237,-23.405540002196734],[-51.909651496983706,-23.405563974284387],[-51.90970298232171,-23.40559384211247],[-51.90975862414475,-23.4056304598724],[-51.909813311528126,-23.405656154210345],[-51.909869024102974,-23.405688797350777],[-51.90991983994412,-23.405720927051757],[-51.90996433645694,-23.405738854276276],[-51.91016215173332,-23.4058026455407],[-51.910196081734384,-23.40583086591255],[-51.91025186083397,-23.405858902104132],[-51.91030762451433,-23.405884680316003],[-51.91037205957368,-23.405904808931982],[-51.91043556298384,-23.405931806514097],[-51.91049111247148,-23.405954876247907],[-51.91055237685773,-23.405983602944012],[-51.91060610965575,-23.406012915436047],[-51.91065895678152,-23.406041510494653],[-51.91071815503018,-23.406068623369155],[-51.91077698741085,-23.406085170685227],[-51.91083735138553,-23.40611101221174],[-51.91089259506749,-23.406132277142177],[-51.910947452884024,-23.406154357199483],[-51.910997590924296,-23.406187484029473],[-51.91105085066468,-23.406219147491477],[-51.911102561338765,-23.406253258658786],[-51.91116522387155,-23.406286041441856],[-51.911222881275414,-23.40631677598088],[-51.91128530300286,-23.40634296661699],[-51.91134438261944,-23.40636700899259],[-51.91139875500608,-23.406389633649052],[-51.911460916895585,-23.40639216138256],[-51.911517719150524,-23.40641233313158],[-51.91155999063493,-23.406454266888126],[-51.91160237114221,-23.406497825791035],[-51.91164543609045,-23.406541290366526],[-51.91169065897366,-23.406585464914432],[-51.91173886672513,-23.40662248660058],[-51.911783260369454,-23.40665989181389],[-51.91183369089198,-23.406692655368957],[-51.911889357970274,-23.406718523882443],[-51.91194433694281,-23.406743944781645],[-51.91218671070498,-23.406938077041676],[-51.912222884229664,-23.40696125924625],[-51.912270787585996,-23.40698238588003],[-51.9123179557773,-23.40699620071623],[-51.91237274606989,-23.407008345239834],[-51.91242266989513,-23.407024402001934],[-51.91247335681396,-23.40703756399067],[-51.912524616053,-23.40704855489475],[-51.91257662847782,-23.407055206834894],[-51.912625054686295,-23.407066936826027],[-51.91264987323548,-23.407075462775847],[-51.91267263173008,-23.40708327817867],[-51.91271935094287,-23.40710296643747],[-51.912769043194935,-23.40712805662936],[-51.912814054809246,-23.407155612838885],[-51.91285257286432,-23.40719241980339],[-51.91288686552295,-23.407226722429908],[-51.91292271160399,-23.407259209534754],[-51.91296059298365,-23.40728879443868],[-51.91300473384427,-23.407317800828096],[-51.913046598489416,-23.40734311730717],[-51.91309552782067,-23.407371102149014],[-51.91313817849573,-23.407396865618814],[-51.91318349873481,-23.407426587638515],[-51.9132291472849,-23.407461365751423],[-51.91326655992902,-23.40749393393894],[-51.91330515375715,-23.407527488753814],[-51.91334757043554,-23.40756192443229],[-51.91339086293878,-23.407595632403908],[-51.91343493340438,-23.407628613240004],[-51.91348182454572,-23.40765904856058],[-51.913530277168284,-23.4076888424843],[-51.91357145699015,-23.40771416281972],[-51.913615605561894,-23.407744252845454],[-51.91366359621286,-23.40777802358965],[-51.91370764696365,-23.40780811416003],[-51.913752199448645,-23.407840008220838],[-51.91379705050353,-23.40787262309719],[-51.91383885393419,-23.40790308805863],[-51.913878685508635,-23.407931577459756],[-51.9139228367014,-23.40796202866636],[-51.91396432763509,-23.40798987608599],[-51.91400415243905,-23.408017371952486],[-51.91404359821416,-23.408046676462877],[-51.91408382442715,-23.408075615109773],[-51.91412249912122,-23.40810664022539],[-51.914138470517074,-23.40811996861776],[-51.91431060146123,-23.408262007848055],[-51.91432328269043,-23.40827192866115],[-51.9143686140417,-23.4083031866292],[-51.91440930737695,-23.40832887086713],[-51.91445469132219,-23.4083535341024],[-51.91450479318563,-23.40838115033268],[-51.9145506590329,-23.40840472685629],[-51.914597699251864,-23.40842829649199],[-51.91464747344408,-23.40845094689083],[-51.914696931096266,-23.408470257217814],[-51.91474519888665,-23.408487316448237],[-51.91479206929093,-23.4085004096831],[-51.91480965712046,-23.40851338892961],[-51.91481736327321,-23.408506855090668],[-51.91482457223386,-23.408502025825943],[-51.914834046736665,-23.408504588784943],[-51.91483872067515,-23.408504561419726],[-51.91485022064998,-23.408517320694173],[-51.91486794588977,-23.408533203879976],[-51.914871035806044,-23.408540501857985],[-51.914872193526016,-23.408540495079432],[-51.91487537004793,-23.408558540850127],[-51.914879034041356,-23.408558519396987],[-51.9148673997224,-23.408571633604787],[-51.91516119339582,-23.408861804434213],[-51.91521420063633,-23.408913948369182],[-51.91597320268047,-23.40866387509438],[-51.91614785584332,-23.40863012213533],[-51.91694126768851,-23.40836078457504],[-51.919035758626634,-23.407659710819516],[-51.91921984249056,-23.407602655599884],[-51.920670974206566,-23.407119773959018],[-51.92129717545133,-23.40690399685186],[-51.921827835692085,-23.406732778460512],[-51.92240260200207,-23.406542288836757],[-51.922561771379854,-23.406488372785326],[-51.92344924486702,-23.406182035102965],[-51.924428431696825,-23.405842805741575],[-51.92591338864487,-23.405328343579342],[-51.92615575185507,-23.405244375009328],[-51.927096180468745,-23.404918552229883],[-51.9273210764143,-23.404840634097198],[-51.92782845245672,-23.404664843453205],[-51.928123344821564,-23.404562670890144],[-51.92899955187482,-23.404259086052278],[-51.928713712521244,-23.40358642455089],[-51.928709030213476,-23.40357540603724],[-51.92801318454908,-23.401826490638353],[-51.927862806256556,-23.401448928354696],[-51.9277870073607,-23.401258614391143],[-51.92759586667777,-23.40077870365127],[-51.927067987876164,-23.399450478988012],[-51.9268248418716,-23.39882123044122],[-51.92668923878433,-23.398443837419183],[-51.926631960234104,-23.398210337582928],[-51.926601233283584,-23.397972518288046],[-51.92659283398753,-23.39787407039111],[-51.92646211808661,-23.397825849281393],[-51.92634893024008,-23.39774942056272],[-51.92629013495135,-23.397655909325447],[-51.92624932286849,-23.397535474061506],[-51.92623753487026,-23.397408163116193],[-51.92627282487898,-23.397257107598293],[-51.926306034262666,-23.397156824336896],[-51.926014575744155,-23.396880032309696],[-51.92582514826882,-23.396693621068447],[-51.9256447643503,-23.39649875880908],[-51.92544568997219,-23.396234031969964],[-51.92527415774622,-23.396002729792432],[-51.92516284825699,-23.3958571666425],[-51.925055875632346,-23.39571337424062],[-51.92495332574071,-23.395574137613057],[-51.92485707307771,-23.395445313887695],[-51.92476210667236,-23.39531920027058],[-51.92462795857393,-23.395142779676224],[-51.92439426127463,-23.39483739092389],[-51.92418347384816,-23.39456409498162],[-51.9239636281671,-23.394256865053798],[-51.923954322763564,-23.394270652587444],[-51.923912616855546,-23.394319524754795],[-51.923862349801745,-23.39436096976122],[-51.92380504922047,-23.394393729419843],[-51.92374245591449,-23.394416806218413],[-51.92367647226518,-23.3944295006572],[-51.923609102641024,-23.39443142605352],[-51.9235423938182,-23.394422525152176],[-51.923478373306004,-23.39440306687718],[-51.92341898669388,-23.394373643088656],[-51.92336603781538,-23.39433514816184],[-51.923321134733705,-23.394288751305435],[-51.92328564351252,-23.39423586251126],[-51.91860216982274,-23.39585109483973]]]}},{"type":"Feature","properties":{"NOME":"Jardim Alzira","ZONA":44,"COD_BAIRRO_GEO":175,"LT_NOMEFANT":" "},"geometry":{"type":"Polygon","coordinates":[[[-51.96337183310638,-23.446743095156403],[-51.963275398332414,-23.44673037990034],[-51.963163936496215,-23.447556484838188],[-51.96315738967473,-23.44760500841329],[-51.963057396944556,-23.448372911230226],[-51.96290359056795,-23.44948743675536],[-51.963104854054734,-23.4494564656701],[-51.96324903966804,-23.44942625131478],[-51.96347227877709,-23.449353723111077],[-51.963701075397445,-23.449271373139872],[-51.96412728266469,-23.449113463144315],[-51.9644437948725,-23.449022319346255],[-51.96467595488021,-23.448965973942755],[-51.96481712706669,-23.447880269631373],[-51.96495189854637,-23.446933056115117],[-51.96337183310638,-23.446743095156403]]]}},{"type":"Feature","properties":{"NOME":"Jardim América","ZONA":36,"COD_BAIRRO_GEO":80,"LT_NOMEFANT":" "},"geometry":{"type":"Polygon","coordinates":[[[-51.888722017287456,-23.419253085429116],[-51.888688149724025,-23.419244332613353],[-51.88866181787718,-23.419237527618055],[-51.88860153074501,-23.419340114398203],[-51.88841641934219,-23.41967107364186],[-51.88824984747831,-23.41993370148806],[-51.888052528574256,-23.420273353701003],[-51.88785428576314,-23.420613453505656],[-51.8877683133435,-23.420775238617974],[-51.88769124335588,-23.420920271615998],[-51.88768125000954,-23.420915850238572],[-51.887608736430245,-23.420883768938772],[-51.887598302326154,-23.420879153158303],[-51.887034483288026,-23.420646825758578],[-51.88515890187364,-23.423307954999213],[-51.88973256785203,-23.426148097629536],[-51.89761564348029,-23.42165151746532],[-51.89590617204344,-23.421220095041576],[-51.895905729290504,-23.421220769577136],[-51.8958963464255,-23.421232479455597],[-51.895884903678265,-23.421242508514023],[-51.895871746453565,-23.421250551288747],[-51.895857276357795,-23.421256363412812],[-51.89584193265172,-23.42125976894805],[-51.89582618150256,-23.42126066315658],[-51.895664887342924,-23.4213599082353],[-51.89566029213554,-23.421364720751182],[-51.89564539216872,-23.421377048442967],[-51.89562839889997,-23.421386802217253],[-51.89560982809554,-23.421393684665986],[-51.89559024504856,-23.421397485709726],[-51.89557024408643,-23.42139809174732],[-51.89555043191396,-23.42139548304188],[-51.89553141297475,-23.421389740127232],[-51.89551376297054,-23.421381035830773],[-51.895498019073706,-23.421369635329516],[-51.895484659300884,-23.42135588542963],[-51.8954740906951,-23.421340203795506],[-51.89529991150446,-23.421048133493418],[-51.89528932010925,-23.42103938328923],[-51.89527743109745,-23.421026013323953],[-51.89526823887146,-23.42101094068411],[-51.895262022526175,-23.42099462350966],[-51.89525897137464,-23.42097755929353],[-51.89525917697838,-23.42096026415319],[-51.89526263407787,-23.420943265599572],[-51.8951883281794,-23.420924065417907],[-51.888722017287456,-23.419253085429116]]]}},{"type":"Feature","properties":{"NOME":"Jardim Andrade","ZONA":46,"COD_BAIRRO_GEO":187,"LT_NOMEFANT":" "},"geometry":{"type":"Polygon","coordinates":[[[-51.89744972178334,-23.387557809935576],[-51.898078726866,-23.387164641622434],[-51.89820128651618,-23.387084023114856],[-51.89846472828147,-23.386935299479077],[-51.898805390717314,-23.38674407113609],[-51.899291492212434,-23.386484710105517],[-51.899714104023964,-23.38627618506104],[-51.89997762669561,-23.386140076510923],[-51.900109331973866,-23.38606361022363],[-51.901290382950364,-23.38554495955058],[-51.90272685557935,-23.384914183700058],[-51.903663210514054,-23.38449238144937],[-51.903576359547884,-23.384459235547727],[-51.90250298845219,-23.383998822548858],[-51.9024751565871,-23.38398688449474],[-51.90238827734366,-23.38394961757315],[-51.90154811745175,-23.384314835225386],[-51.90069779215116,-23.384686278740386],[-51.89974711319811,-23.38510877093946],[-51.8989884101269,-23.385452455895912],[-51.8977770876427,-23.385982062137565],[-51.89683301618299,-23.386397563216555],[-51.89654476701534,-23.386526904084484],[-51.894839028927045,-23.387292275344848],[-51.894754674975054,-23.387330466781986],[-51.89420632394658,-23.38757313969039],[-51.89427079052669,-23.38765429783817],[-51.894339674512764,-23.38773637275312],[-51.89434993022833,-23.387748592524147],[-51.89446219406642,-23.387898427523677],[-51.89451283344548,-23.38793498937991],[-51.89464952680947,-23.388032712044136],[-51.89476736120385,-23.38811191982852],[-51.89494080937877,-23.388192760177322],[-51.895159882143844,-23.388321028459604],[-51.89527939447305,-23.388396624176977],[-51.895362811246805,-23.38844938886889],[-51.89545920500418,-23.388492501406635],[-51.89602995565474,-23.388240500909355],[-51.89618146298423,-23.38816129507738],[-51.89668267879867,-23.387939648916515],[-51.89731309906978,-23.38765079784053],[-51.89744972178334,-23.387557809935576]]]}},{"type":"Feature","properties":{"NOME":"Jardim Araucária","ZONA":39,"COD_BAIRRO_GEO":1323,"LT_NOMEFANT":" "},"geometry":{"type":"Polygon","coordinates":[[[-51.90221419220294,-23.4562921227651],[-51.90326441057447,-23.45567221261438],[-51.904238743784646,-23.455103391338444],[-51.90519267978063,-23.4545453566822],[-51.90647584705897,-23.453801522895322],[-51.90548951457502,-23.45236758145645],[-51.90541978779286,-23.4524010618274],[-51.9041925267279,-23.453120044206734],[-51.90402383825737,-23.453218867909474],[-51.90275450768929,-23.453962475271606],[-51.90221130308999,-23.454280694156985],[-51.90068541780033,-23.45517456514057],[-51.90205706729084,-23.45638977925644],[-51.90221419220294,-23.4562921227651]]]}},{"type":"Feature","properties":{"NOME":"Jardim Atami","ZONA":22,"COD_BAIRRO_GEO":296,"LT_NOMEFANT":" "},"geometry":{"type":"Polygon","coordinates":[[[-51.95281384084173,-23.46731555823634],[-51.95283621574154,-23.466885934827634],[-51.952961872522444,-23.464473158174556],[-51.95301788511002,-23.463397622942516],[-51.95302808399756,-23.463201795334857],[-51.95307493360608,-23.462313176535854],[-51.953137349617286,-23.461105319277955],[-51.95318514423166,-23.46018590870581],[-51.953269627237155,-23.45856364548786],[-51.95329133512298,-23.458146785292012],[-51.95306987090734,-23.45814702482599],[-51.952655691747964,-23.45823962512558],[-51.95258131967409,-23.459938572845292],[-51.95256069816589,-23.4602637382295],[-51.950721494893294,-23.460295228477595],[-51.95075168137676,-23.460861823595373],[-51.950766523589984,-23.461455495474716],[-51.95079588357093,-23.462149372622427],[-51.95083633810757,-23.463097662159605],[-51.95086895582883,-23.46406478692183],[-51.95089639391527,-23.465034088241588],[-51.95092017238236,-23.46585177615886],[-51.950953898216646,-23.466824732101305],[-51.950986089866205,-23.46772681369869],[-51.95102117260362,-23.468953251087108],[-51.95102862003634,-23.469204542407113],[-51.95103350483762,-23.469499230293962],[-51.951045060252824,-23.46975605667236],[-51.95105860102657,-23.470018844730895],[-51.9510787597639,-23.470301308479396],[-51.95109380155665,-23.470592764120543],[-51.951102851687345,-23.470951766355295],[-51.95111205792706,-23.47140998468953],[-51.9511230509728,-23.471635828169955],[-51.951136899345485,-23.471817981556654],[-51.95114120093307,-23.47187456730042],[-51.951167691714204,-23.471868070629412],[-51.951229162646364,-23.471832997220833],[-51.95146072259204,-23.47161053407602],[-51.95161107620393,-23.471443529836126],[-51.95174181198793,-23.471250358322255],[-51.9519358933666,-23.47104007265228],[-51.95202950311794,-23.47090806497793],[-51.95222655243179,-23.47075033459155],[-51.9524042925245,-23.470609449255033],[-51.952460425019424,-23.470489619629195],[-51.952573231066474,-23.47032523462351],[-51.95274535242743,-23.47012344491074],[-51.95283769975648,-23.46999622515072],[-51.952978639424344,-23.46978148228354],[-51.953141237472344,-23.46951642304893],[-51.953308028824914,-23.469294353149273],[-51.95341686107699,-23.46911804245579],[-51.953491896949004,-23.46892521007894],[-51.95360127797974,-23.46864494244818],[-51.95365232846528,-23.46844860049077],[-51.953677843708505,-23.46836137550656],[-51.953693946317436,-23.46827231135103],[-51.953718088873785,-23.468184823793113],[-51.95375253293282,-23.468100253805577],[-51.95377510568542,-23.468012324236955],[-51.953794925537025,-23.4679270326025],[-51.95379561978748,-23.46792404507062],[-51.95381711422551,-23.4678359414496],[-51.95384636596722,-23.467766899485515],[-51.953834148446255,-23.46776004301735],[-51.95378315397657,-23.467731425251994],[-51.95316767480877,-23.467479490026026],[-51.95281384084173,-23.46731555823634]]]}},{"type":"Feature","properties":{"NOME":"Jardim Atlanta","ZONA":36,"COD_BAIRRO_GEO":93,"LT_NOMEFANT":" "},"geometry":{"type":"Polygon","coordinates":[[[-51.88177814692786,-23.421106284388156],[-51.881999022710566,-23.420619343712215],[-51.88220535734272,-23.420165446172252],[-51.882301504371085,-23.419960245466065],[-51.88251055455389,-23.4194987532547],[-51.882616548177154,-23.419254944470765],[-51.88281825912698,-23.418894269509668],[-51.882502565033505,-23.417981396662437],[-51.88215000840514,-23.418485904304006],[-51.88213304030315,-23.41851593745406],[-51.88159573463013,-23.418296681382248],[-51.88101135290454,-23.41806470329356],[-51.88043024052331,-23.417827743128424],[-51.87983211096224,-23.417586071443882],[-51.87924940700847,-23.417350247470793],[-51.87911013613243,-23.417293093142273],[-51.87859719796331,-23.417075751399267],[-51.87797197671496,-23.416826822855985],[-51.87753767357273,-23.41743887699489],[-51.877450046769674,-23.417564562380434],[-51.87701185100877,-23.41818547864235],[-51.87733517528913,-23.41838000758477],[-51.877535721327426,-23.418503349807295],[-51.88011012134764,-23.42008663779576],[-51.88177814692786,-23.421106284388156]]]}},{"type":"Feature","properties":{"NOME":"Jardim Aurora","ZONA":43,"COD_BAIRRO_GEO":169,"LT_NOMEFANT":"Lt. 83/83A/84/84A (Gleba Patrimônio Maringá)"},"geometry":{"type":"Polygon","coordinates":[[[-51.97581134983057,-23.415851712175456],[-51.97536551780428,-23.41521554719802],[-51.97482754719542,-23.414454083922454],[-51.9747411251922,-23.414329219195345],[-51.974456417736995,-23.41391744841168],[-51.974040762365334,-23.41332261045638],[-51.973765856016605,-23.412950291559525],[-51.973503921313615,-23.413282863704932],[-51.97313422956472,-23.413758971537852],[-51.97199640614774,-23.415281388957226],[-51.97276190107483,-23.416372981362564],[-51.97289509729454,-23.416553891601975],[-51.97341510513736,-23.4173070166172],[-51.97343717830262,-23.41729364437182],[-51.97354145115689,-23.417230479062],[-51.97581134983057,-23.415851712175456]]]}},{"type":"Feature","properties":{"NOME":"Jardim Azaléia","ZONA":40,"COD_BAIRRO_GEO":2992,"LT_NOMEFANT":" "},"geometry":{"type":"Polygon","coordinates":[[[-51.962455944746424,-23.44404043307832],[-51.964459221534554,-23.444377565411887],[-51.964641884293826,-23.443499887172116],[-51.96338960449268,-23.44329197269061],[-51.96332014252011,-23.44328873832027],[-51.963250648772636,-23.443291197150476],[-51.96318158909093,-23.44329933269884],[-51.96311342640598,-23.443313090429957],[-51.963046617635904,-23.443332378120985],[-51.96298161062304,-23.443357066479845],[-51.96291276141092,-23.443372159612615],[-51.96284296438683,-23.44338197756015],[-51.96277262312916,-23.443386463553388],[-51.96270214436316,-23.443385591653545],[-51.96263193560918,-23.443379366902096],[-51.96259033289731,-23.443374002842944],[-51.962455944746424,-23.44404043307832]]]}},{"type":"Feature","properties":{"NOME":"Jardim Barcelona","ZONA":47,"COD_BAIRRO_GEO":3134,"LT_NOMEFANT":null},"geometry":{"type":"Polygon","coordinates":[[[-51.98434360349374,-23.45550535096707],[-51.984273783105614,-23.455368665739346],[-51.98336257157341,-23.455667825722486],[-51.981971887399,-23.458440300749743],[-51.98136267680469,-23.45823515361775],[-51.982236077954575,-23.45604172836314],[-51.982206740042585,-23.456050858376223],[-51.98123259179277,-23.458506683821547],[-51.98082936190591,-23.45841315339554],[-51.9805032835647,-23.45833460431975],[-51.979321462218046,-23.462753136537767],[-51.97916896243495,-23.464533338927666],[-51.97907287646455,-23.465664430461352],[-51.979128286894486,-23.465632243877895],[-51.97919518148065,-23.465576779241395],[-51.97924292185596,-23.46552987705908],[-51.97928208310997,-23.465463677660455],[-51.979292198940215,-23.465431168470136],[-51.979358010609246,-23.465307119712648],[-51.97940638593893,-23.465263492113618],[-51.97945816687083,-23.465252557938577],[-51.9795059488507,-23.46525457095135],[-51.97957742497312,-23.46518846839064],[-51.97963298094174,-23.465165299177436],[-51.979722681330664,-23.465152502776526],[-51.97980576154808,-23.463685719680768],[-51.97983726047179,-23.463138147884745],[-51.98434360349374,-23.45550535096707]]]}},{"type":"Feature","properties":{"NOME":"Jardim Belo Horizonte","ZONA":33,"COD_BAIRRO_GEO":49,"LT_NOMEFANT":" "},"geometry":{"type":"Polygon","coordinates":[[[-52.06901323087526,-23.37219301341723],[-52.069070629529264,-23.37198896366481],[-52.069166641033824,-23.371622991894444],[-52.0692745589939,-23.371209963583862],[-52.06930426350645,-23.371069975080268],[-52.06940651745893,-23.37066616003195],[-52.06942465800657,-23.370515497128917],[-52.06944400358785,-23.370314425971927],[-52.0694691324721,-23.37008228786155],[-52.06947083837151,-23.370020770516117],[-52.06947295526865,-23.369944383792358],[-52.069476797242096,-23.36989303083655],[-52.069482939633964,-23.369752068047713],[-52.06948361197684,-23.36974477648457],[-52.06911357253515,-23.36966439790997],[-52.068530532021235,-23.36952120933146],[-52.067992743662245,-23.369397110239838],[-52.067811480396536,-23.36935224669743],[-52.067622243598464,-23.370064668064053],[-52.06744136266672,-23.37070836234377],[-52.067213296774405,-23.371536404995346],[-52.06742950323628,-23.371594580424137],[-52.06749769500748,-23.37160821125684],[-52.06758939067658,-23.371289585387483],[-52.06791612588993,-23.371366830929407],[-52.06784941357047,-23.371622425943805],[-52.06784101469043,-23.37165460175131],[-52.06808660469255,-23.371705910110048],[-52.068375782376734,-23.371778488667555],[-52.068301167212056,-23.372028920064157],[-52.06901323087526,-23.37219301341723]]]}},{"type":"Feature","properties":{"NOME":"Jardim Bertioga","ZONA":38,"COD_BAIRRO_GEO":132,"LT_NOMEFANT":" "},"geometry":{"type":"Polygon","coordinates":[[[-51.8900963975568,-23.44122446733857],[-51.890071912148194,-23.441205936525982],[-51.88982975963391,-23.44147166141373],[-51.88986926578015,-23.441525744941757],[-51.88993685671393,-23.44159102360168],[-51.89005100262708,-23.441737778081556],[-51.89008006706696,-23.44182405039773],[-51.890080647140046,-23.441824863599752],[-51.89007890150216,-23.441837105848865],[-51.89006215208791,-23.44195473543988],[-51.89002899462606,-23.442031396452812],[-51.89006060242546,-23.44211007896793],[-51.89018533698393,-23.442171501852638],[-51.89030481231624,-23.44222100595096],[-51.890419075443646,-23.442265759855992],[-51.890507871706845,-23.442375183123605],[-51.89057551556256,-23.44242020288472],[-51.890673169040596,-23.442455827697533],[-51.8907139208937,-23.4424847745276],[-51.89082644577324,-23.442595374562014],[-51.890860570499875,-23.44264667861409],[-51.89133067795384,-23.442066896616616],[-51.89165126087805,-23.44166396419261],[-51.89191438750673,-23.441327698172508],[-51.89234680208008,-23.440765912099106],[-51.892373077844184,-23.4407279856616],[-51.89252646697563,-23.44053642111931],[-51.89282987747084,-23.44006864133801],[-51.89302078447091,-23.439754539723573],[-51.8933154571818,-23.439287256121613],[-51.893716759726914,-23.438626759176817],[-51.8938893448284,-23.43836842861894],[-51.893583226087934,-23.43812964416659],[-51.89289725024163,-23.43759043677892],[-51.89273834079492,-23.437472146921458],[-51.89273454559077,-23.437469077810007],[-51.89268185869233,-23.437528791949802],[-51.892161877959374,-23.438112433271762],[-51.89162847821645,-23.438688679959466],[-51.89114946096882,-23.439230381532845],[-51.891402372849996,-23.439429041123507],[-51.89161333084967,-23.439575348196648],[-51.89012291278546,-23.441196897111023],[-51.8900963975568,-23.44122446733857]]]}},{"type":"Feature","properties":{"NOME":"Jardim Betty","ZONA":20,"COD_BAIRRO_GEO":272,"LT_NOMEFANT":" "},"geometry":{"type":"Polygon","coordinates":[[[-51.945924221680386,-23.440999238227302],[-51.945754856930805,-23.441037083862422],[-51.9454321870388,-23.4410309142799],[-51.944985324968876,-23.44101928188921],[-51.94489624541979,-23.441058057646895],[-51.944792427708435,-23.44102761929772],[-51.944686267292425,-23.44103184669219],[-51.94452813859245,-23.44101249047794],[-51.94432298409799,-23.4409360648036],[-51.944215696084996,-23.440941676996317],[-51.94413539742929,-23.44150954457575],[-51.94403927137545,-23.442197177670632],[-51.943976887924364,-23.44268352958158],[-51.94512842232169,-23.442824674387307],[-51.945989977053,-23.442915624930702],[-51.94606188644498,-23.442922237709954],[-51.94623599850916,-23.442947103423776],[-51.946321443563704,-23.442313648053684],[-51.946378952683354,-23.441860773513646],[-51.946436536124104,-23.441381547357693],[-51.94646325905327,-23.441133448965658],[-51.94648003627014,-23.440965201282506],[-51.94639168979412,-23.440948773801978],[-51.946306582747425,-23.44095052178228],[-51.946172095319604,-23.44095328349916],[-51.946098355570854,-23.440954797171425],[-51.94597671505493,-23.440987508044255],[-51.945924221680386,-23.440999238227302]]]}},{"type":"Feature","properties":{"NOME":"Jardim Brasil","ZONA":48,"COD_BAIRRO_GEO":320,"LT_NOMEFANT":" "},"geometry":{"type":"Polygon","coordinates":[[[-51.948383381397186,-23.38963541435186],[-51.94783693429406,-23.38963434024412],[-51.947733799907006,-23.389634774868664],[-51.9464960559417,-23.389639993076766],[-51.946502005678,-23.389714952807626],[-51.94650264510447,-23.389804943473603],[-51.94650346215901,-23.389919932247746],[-51.946455567555,-23.390040215203346],[-51.94637011267726,-23.390210722066538],[-51.94631134950136,-23.390326071472867],[-51.946257896595974,-23.390426389930415],[-51.94618844145098,-23.390561802990547],[-51.94614047434754,-23.39067208679944],[-51.94607091340897,-23.390792500759005],[-51.946001281333196,-23.390902915626654],[-51.94593713709217,-23.391023296753833],[-51.94586750478985,-23.391133711566223],[-51.94584116854187,-23.39123886512338],[-51.94580930879834,-23.39132905240076],[-51.94575610263874,-23.391464366071837],[-51.94571358831602,-23.391579616967086],[-51.945665798934414,-23.391714897841254],[-51.945612308540994,-23.391810216117154],[-51.94550458321482,-23.391895862898735],[-51.945440046730006,-23.39196124944561],[-51.94536450074986,-23.392001703358236],[-51.945322134578234,-23.39203711266734],[-51.945899240835665,-23.392028004898055],[-51.94684942025401,-23.392027031926105],[-51.947591172690885,-23.392024927642588],[-51.948637109840874,-23.39201858445398],[-51.94969601614017,-23.39201579182466],[-51.950752256880506,-23.392011664249697],[-51.95170723989412,-23.392013023339807],[-51.95255162894816,-23.39199836722065],[-51.95379196146296,-23.392015653280247],[-51.95425938619356,-23.39200324937844],[-51.954845884723206,-23.39200534413622],[-51.95510712640975,-23.39200475632783],[-51.95564665633989,-23.39200050362896],[-51.95620296837444,-23.39199342052729],[-51.95616138656213,-23.391182945388934],[-51.956145788251014,-23.3907443438452],[-51.95617689108687,-23.3905709814695],[-51.9563623113031,-23.389604064064375],[-51.95554445843983,-23.38960685537609],[-51.95473507062777,-23.38961620224066],[-51.953770553304125,-23.389619121107472],[-51.95269560850509,-23.389621372897235],[-51.95139626625816,-23.38962497661829],[-51.95018063543136,-23.38962049549476],[-51.94952773833432,-23.38962333208889],[-51.949369838698196,-23.38962428373404],[-51.94907016144425,-23.38962369697014],[-51.948383381397186,-23.38963541435186]]]}},{"type":"Feature","properties":{"NOME":"Jardim Brasília","ZONA":48,"COD_BAIRRO_GEO":324,"LT_NOMEFANT":"Lt. 107A/107B (Gleba Ribeirão Maringá) "},"geometry":{"type":"Polygon","coordinates":[[[-51.96325278057609,-23.394340667215992],[-51.962999923538014,-23.39366616944919],[-51.96262000019259,-23.393657938188607],[-51.96261611820946,-23.39326151268281],[-51.96181031125098,-23.3932635912191],[-51.960989488133364,-23.393262933565357],[-51.95995816840943,-23.393267864514936],[-51.959137470149756,-23.393272903765727],[-51.95815092375703,-23.393290530861048],[-51.95731671443201,-23.393275460174657],[-51.95681945611344,-23.393271985067145],[-51.956839390244866,-23.393619595442352],[-51.95683887101677,-23.39367998742187],[-51.95682429156832,-23.393765525998983],[-51.95680340094036,-23.393821714467833],[-51.95746701675972,-23.393821972334614],[-51.95747321226176,-23.39432358405362],[-51.95768634437233,-23.394322277584635],[-51.95840577994863,-23.39431580370811],[-51.95913707095895,-23.394313596426034],[-51.95917057048104,-23.394326449525547],[-51.95951655229872,-23.39445918848542],[-51.96005548552103,-23.394660272831402],[-51.96071635684342,-23.394914130245915],[-51.96071675285418,-23.394969025028654],[-51.960716727380394,-23.395008222773058],[-51.96225252138271,-23.395647240838088],[-51.96314406289294,-23.39563160348505],[-51.96373518149027,-23.395627458918195],[-51.96347865334811,-23.394943181342363],[-51.96325278057609,-23.394340667215992]]]}},{"type":"Feature","properties":{"NOME":"Jardim Califórnia","ZONA":43,"COD_BAIRRO_GEO":2551,"LT_NOMEFANT":" "},"geometry":{"type":"Polygon","coordinates":[[[-51.97820708182213,-23.40134266415822],[-51.97804015039844,-23.401458416307232],[-51.97763007920346,-23.401296605355068],[-51.97731130207668,-23.40153674344407],[-51.97699726558588,-23.401779874308925],[-51.97624900665281,-23.402353390693474],[-51.975860550940894,-23.40265265345343],[-51.97523464223608,-23.403141929334762],[-51.97456531991051,-23.403656433708075],[-51.97390216041121,-23.404169162754513],[-51.97339700491718,-23.404563116660018],[-51.97336634959143,-23.404584830160367],[-51.97270222228297,-23.405075667462093],[-51.97273778808619,-23.405128740797874],[-51.97276510985309,-23.405253315557886],[-51.97283394639932,-23.40531884383384],[-51.97292308299501,-23.405398584123578],[-51.973015065682915,-23.405442461004633],[-51.973072439277594,-23.405469112390502],[-51.973192470752196,-23.40537552321331],[-51.97361856607992,-23.405027718785067],[-51.9737375112994,-23.404931297189165],[-51.97423977648367,-23.404544196592592],[-51.97478166879676,-23.404126840881315],[-51.97489308912998,-23.40404183676871],[-51.975365169194,-23.403677625841937],[-51.97589092881695,-23.403271493738163],[-51.97634098689326,-23.402919880860374],[-51.97691465732883,-23.40248093785045],[-51.977648237862496,-23.401915294014078],[-51.9782672764479,-23.401432647918103],[-51.978327445788466,-23.401386941985983],[-51.978936848265796,-23.400924022815655],[-51.97857999851829,-23.400568307248278],[-51.97801902182865,-23.40099929979179],[-51.977981924112214,-23.401027691251738],[-51.97795544437071,-23.401047177469533],[-51.97795496548121,-23.40104752910441],[-51.97820708182213,-23.40134266415822]]]}},{"type":"Feature","properties":{"NOME":"Jardim Campo Belo","ZONA":19,"COD_BAIRRO_GEO":2549,"LT_NOMEFANT":" "},"geometry":{"type":"Polygon","coordinates":[[[-51.982522754638325,-23.399169165788294],[-51.98246190437507,-23.399343999183078],[-51.982279700226286,-23.39986759113323],[-51.981893995026844,-23.400968455758925],[-51.981676215096726,-23.401561027180758],[-51.98153160426319,-23.401990242657178],[-51.98135260727558,-23.402499272678345],[-51.98165785266096,-23.402731183305114],[-51.98198612856079,-23.402991043745907],[-51.98269637913802,-23.40379909870125],[-51.9828996431867,-23.403011334087353],[-51.98305956007629,-23.402365060979477],[-51.98329042997764,-23.401514689814924],[-51.98336485045106,-23.401278532428044],[-51.983369336081495,-23.40126047528997],[-51.98344946698663,-23.40096173123641],[-51.98358397867786,-23.400418911793928],[-51.98361395148518,-23.400307427285416],[-51.983721080828204,-23.399908960790594],[-51.98377023097848,-23.399712327634962],[-51.9838298799552,-23.399459894177646],[-51.98392310030549,-23.399097833047033],[-51.984126723674926,-23.398301179662976],[-51.984289886146954,-23.397667035649008],[-51.98441344156192,-23.39720141383028],[-51.9845833682724,-23.39654674938299],[-51.984737154465826,-23.39595447792368],[-51.98484411175807,-23.3955428709528],[-51.98498645608882,-23.394975155469186],[-51.98512025117821,-23.394464525854133],[-51.98540940514475,-23.39347864445975],[-51.98527244206896,-23.393362510764433],[-51.985135038732274,-23.39326778754027],[-51.985094365997234,-23.3932220723849],[-51.984966186555546,-23.393121643122242],[-51.984932496426666,-23.39304729559954],[-51.98478702074947,-23.39298129884755],[-51.98472553943932,-23.392961246543],[-51.9844402040966,-23.393778016011417],[-51.98414898877881,-23.394551557444924],[-51.983993606365985,-23.394991009464285],[-51.983862327754004,-23.395357466841233],[-51.98373746396594,-23.395716116156333],[-51.98362848468218,-23.396034637069288],[-51.98350230648792,-23.39639090548849],[-51.98337855456475,-23.396725052541562],[-51.98326407598474,-23.397067681895773],[-51.98314089710834,-23.397412403527063],[-51.98293716502784,-23.397983541891385],[-51.98287456986383,-23.398162067889235],[-51.982723213648235,-23.398604897550378],[-51.982640667873135,-23.398832665310344],[-51.982522754638325,-23.399169165788294]]]}},{"type":"Feature","properties":{"NOME":"Jardim Campos","ZONA":48,"COD_BAIRRO_GEO":3495,"LT_NOMEFANT":" "},"geometry":{"type":"Polygon","coordinates":[[[-51.96407723051695,-23.376034288245386],[-51.969495689609474,-23.375989440734394],[-51.969490445619876,-23.37590917765683],[-51.969417154092184,-23.375655840058123],[-51.96937640682849,-23.375392263327715],[-51.96939595101278,-23.37530324351951],[-51.96932949825346,-23.375135894455664],[-51.96928081802849,-23.375063069320014],[-51.96922899082167,-23.3749845291702],[-51.96642251452864,-23.375000315649213],[-51.96537099113196,-23.375002507626373],[-51.964068200219074,-23.37500053575579],[-51.96406542757897,-23.375153974490967],[-51.96407723051695,-23.376034288245386]]]}},{"type":"Feature","properties":{"NOME":"Jardim Campos Eliseos","ZONA":37,"COD_BAIRRO_GEO":112,"LT_NOMEFANT":" "},"geometry":{"type":"Polygon","coordinates":[[[-51.88605068861259,-23.403328544561564],[-51.8871089278995,-23.402725700762645],[-51.88792764582436,-23.402254126190257],[-51.88857316518215,-23.401879245975074],[-51.889311441032355,-23.401452564805915],[-51.89015750876499,-23.40097520970264],[-51.89079538275469,-23.400606980211926],[-51.89121118456627,-23.400369932477204],[-51.89193740987847,-23.399953984050402],[-51.892946119453796,-23.39936730825395],[-51.893852302598354,-23.398851032532818],[-51.89439400090452,-23.398538778563843],[-51.89445630724116,-23.398495633637456],[-51.893647385241366,-23.397282821268522],[-51.8934955698282,-23.397055201616062],[-51.89297846891994,-23.397351360983556],[-51.892565375723755,-23.397593090879635],[-51.892270326941734,-23.39775653100747],[-51.89185465849628,-23.39799797661597],[-51.891563445438784,-23.398171127600087],[-51.89048216142239,-23.398786208807746],[-51.89012247126812,-23.398992057409973],[-51.889822257686724,-23.399166274428044],[-51.889526361579144,-23.399332093428637],[-51.88898870877526,-23.3996465948094],[-51.88865944731075,-23.399837567995263],[-51.88800049744821,-23.40021975863823],[-51.88774265846412,-23.40036569403424],[-51.8876766458235,-23.400402363218518],[-51.88760748193535,-23.400440783558764],[-51.887165841198964,-23.400695684374714],[-51.8861500873986,-23.40128017145514],[-51.88525828049936,-23.40179315807708],[-51.88427980097314,-23.40234869694678],[-51.88350316872669,-23.402793416662668],[-51.88280672490898,-23.403195968759086],[-51.88189562020328,-23.40371539447629],[-51.88134624160612,-23.404018253228386],[-51.882219564178804,-23.404530847908124],[-51.88306908997906,-23.405032125420053],[-51.88323390113581,-23.4049463785374],[-51.883633009888584,-23.404719620500217],[-51.88514099647621,-23.40384823651002],[-51.88605068861259,-23.403328544561564]]]}},{"type":"Feature","properties":{"NOME":"Jardim Canadá","ZONA":14,"COD_BAIRRO_GEO":235,"LT_NOMEFANT":" "},"geometry":{"type":"Polygon","coordinates":[[[-51.9553749500439,-23.404269778448263],[-51.9552528580484,-23.404275373250748],[-51.954623864905344,-23.404275694316286],[-51.95435994064666,-23.40427525693764],[-51.954325002189826,-23.404451162189783],[-51.95425302128602,-23.40481257401209],[-51.95417240008695,-23.40523971560574],[-51.954145908165174,-23.4053816753063],[-51.95397692157519,-23.40627645321802],[-51.95387538223973,-23.406819274730196],[-51.953855545570846,-23.406945805725105],[-51.953792489149585,-23.407186981461525],[-51.95404653381251,-23.407243664248877],[-51.9548451618856,-23.407421873412332],[-51.95601314862239,-23.407685023186115],[-51.9560662429348,-23.40769650601288],[-51.9562376829214,-23.40771939475211],[-51.956299491422655,-23.407400064601052],[-51.95645682679787,-23.406587196877865],[-51.95681392402297,-23.40472266024424],[-51.95683071998303,-23.404598858078156],[-51.95685216441611,-23.40445531485597],[-51.9568663980246,-23.40434781688914],[-51.95686917894299,-23.404318361488965],[-51.95626913663562,-23.404308191817886],[-51.956279164404634,-23.40426224730544],[-51.95600833911377,-23.404259924777104],[-51.95543982858845,-23.40426558198801],[-51.95540645061574,-23.40426833491809],[-51.9553749500439,-23.404269778448263]]]}},{"type":"Feature","properties":{"NOME":"Jardim Canadá 2ª Parte","ZONA":14,"COD_BAIRRO_GEO":2550,"LT_NOMEFANT":" "},"geometry":{"type":"Polygon","coordinates":[[[-51.95079005693183,-23.404319115453838],[-51.94857901568319,-23.405098219319477],[-51.94857846628699,-23.405199376177382],[-51.948552491871034,-23.40533336019011],[-51.94856238523519,-23.405558893810152],[-51.94857197891463,-23.40574236842607],[-51.9485479262433,-23.40585531035885],[-51.94855261423533,-23.40597056798709],[-51.948559212980946,-23.406052103403027],[-51.94921537013517,-23.406177811309963],[-51.949514449587646,-23.406223953966116],[-51.95050468100953,-23.40644102908408],[-51.951353542048714,-23.406633358848648],[-51.95222716595516,-23.406831257588912],[-51.952966911090705,-23.406996798350374],[-51.95377022639725,-23.40718201420438],[-51.95382928610182,-23.406939890113293],[-51.95385617141026,-23.40678473486102],[-51.95397026400074,-23.406141841238327],[-51.95406716137302,-23.405636640564865],[-51.95411428220166,-23.40537631455676],[-51.95413932834604,-23.40523403130624],[-51.95423202813875,-23.404744526864253],[-51.95432420021923,-23.404262447271034],[-51.95281802265208,-23.404268772906438],[-51.95152735568327,-23.404282611695702],[-51.95152743150662,-23.404262962749875],[-51.95152825584949,-23.404050803956107],[-51.95079005693183,-23.404319115453838]]]}},{"type":"Feature","properties":{"NOME":"Jardim Carolina","ZONA":7,"COD_BAIRRO_GEO":212,"LT_NOMEFANT":" "},"geometry":{"type":"Polygon","coordinates":[[[-51.956878581426,-23.40417470502858],[-51.95687052216949,-23.40390510870186],[-51.95680933960469,-23.40266708171799],[-51.95677741168006,-23.402666605199414],[-51.95670149887529,-23.40265674893056],[-51.956628593142604,-23.402634875952955],[-51.956560911926516,-23.402601650106657],[-51.95650050880003,-23.402558083071483],[-51.95644922034712,-23.402505496756206],[-51.956408606222084,-23.402445489341947],[-51.95637989789421,-23.40237988411137],[-51.95531371653711,-23.40274060592797],[-51.955381956292946,-23.40415036443648],[-51.95537919412711,-23.40423333861591],[-51.95558812256757,-23.40423206118838],[-51.956316194505185,-23.404226651839902],[-51.956312209036,-23.404246881072737],[-51.95630620108823,-23.40427737594013],[-51.95670000515723,-23.40427413191134],[-51.956872681085194,-23.404281278567453],[-51.9568761831674,-23.4042441875172],[-51.956877182622584,-23.404233606597085],[-51.956876568768735,-23.404233026881155],[-51.956878581426,-23.40417470502858]]]}},{"type":"Feature","properties":{"NOME":"Jardim Castanheira","ZONA":47,"COD_BAIRRO_GEO":4583,"LT_NOMEFANT":null},"geometry":{"type":"MultiPolygon","coordinates":[[[[-51.97555844540199,-23.46743788054826],[-51.97557423098854,-23.467436505576902],[-51.97559239135032,-23.467434529570482],[-51.975612433169744,-23.467431839101415],[-51.975633882710106,-23.467428320619767],[-51.975656262384845,-23.46742386963189],[-51.975679088759634,-23.46741838529386],[-51.97570187262547,-23.467411780346083],[-51.97572417858773,-23.467403962676606],[-51.97574595169609,-23.467394782698076],[-51.97576774947534,-23.467384164666267],[-51.97579006168051,-23.467372137128862],[-51.97581330010797,-23.467358778797013],[-51.97583785524733,-23.467344200127044],[-51.97586411578929,-23.46732853326308],[-51.975892469545,-23.467311923902418],[-51.97592328584309,-23.467294534115346],[-51.97595673168826,-23.467276573301096],[-51.97599242404755,-23.46725827959061],[-51.97602993069041,-23.46723985800452],[-51.97606883694975,-23.46722150532503],[-51.97610872131894,-23.46720342018394],[-51.976149165255514,-23.467185804807688],[-51.97618974629472,-23.467168860544444],[-51.976230034199716,-23.467152796920328],[-51.97626962769351,-23.467137767282118],[-51.976308466058946,-23.46712363653026],[-51.976346614184436,-23.46711017484606],[-51.976384163345756,-23.467097145923105],[-51.9764211745743,-23.467084328095492],[-51.97645776358148,-23.467071479484467],[-51.9764940168134,-23.467058372845624],[-51.97653005099315,-23.467044770809693],[-51.97656601152817,-23.467030475568524],[-51.97660187827009,-23.467015543246777],[-51.97663752306136,-23.467000120965665],[-51.97667280116077,-23.46698436407915],[-51.97670757075116,-23.46696842611656],[-51.9767416910013,-23.466952461504427],[-51.976775023025006,-23.466936622850817],[-51.9768074250191,-23.466921065491704],[-51.97683877464182,-23.46690592838369],[-51.97686904586521,-23.46689126678569],[-51.976898279936066,-23.46687709760077],[-51.97692645664089,-23.466863467922536],[-51.97695363183897,-23.466850384627264],[-51.97697981947687,-23.466837880143284],[-51.97700504225275,-23.466825978715338],[-51.97702931898175,-23.4668147091284],[-51.97705260787154,-23.46680411319198],[-51.977074727206585,-23.46679424443062],[-51.97709548346302,-23.46678514831414],[-51.97711468994376,-23.466776866656836],[-51.977132158972644,-23.46676944127916],[-51.977147699956426,-23.466762916729525],[-51.977161117406524,-23.46675733758699],[-51.97717219438194,-23.466752760306633],[-51.97718074802184,-23.46674921584036],[-51.97718703160066,-23.46674652918704],[-51.977191513296376,-23.46674445806518],[-51.97719493964203,-23.46674266722575],[-51.97719832507698,-23.466740639100806],[-51.97720260328688,-23.466737792501],[-51.97720840360022,-23.466733698075366],[-51.97721615690424,-23.466728102033958],[-51.977226105222634,-23.466720897185464],[-51.97723800699603,-23.466712253941676],[-51.97725158546612,-23.466702349257353],[-51.9772665726328,-23.46669135280678],[-51.97728270341324,-23.466679431536463],[-51.977299708855114,-23.46666675873959],[-51.97731731801492,-23.466653503205947],[-51.97733526583688,-23.466639835494917],[-51.97735329803488,-23.466625926098537],[-51.97737113633247,-23.466612011592918],[-51.977388481120805,-23.466598356687214],[-51.977405028908386,-23.466585230631082],[-51.97742047618395,-23.46657289996476],[-51.977434522366956,-23.46656163030707],[-51.97744687078652,-23.46655168634914],[-51.97745727632839,-23.466543287299025],[-51.977465993691226,-23.466536318660633],[-51.97747430111414,-23.466530188051827],[-51.97748361756778,-23.46652466710119],[-51.977494479086445,-23.466520484944578],[-51.97750972213486,-23.466517649092705],[-51.977528805414224,-23.46651803888506],[-51.97754238499639,-23.466518659167402],[-51.977559023683256,-23.466519472525675],[-51.977578556603696,-23.466520426703543],[-51.97760026192606,-23.466521488290244],[-51.977623368826755,-23.466522618763236],[-51.977647106502104,-23.466523782309846],[-51.97765385972926,-23.46652411299722],[-51.97767070216375,-23.466524939517512],[-51.977693386966,-23.466526054562166],[-51.97771434797981,-23.46652708828382],[-51.977732789572705,-23.46652795715758],[-51.97774857800399,-23.466528448867425],[-51.977761876295006,-23.466528364591177],[-51.97777294792139,-23.4665275852615],[-51.97778224777718,-23.466526059254026],[-51.97779051242715,-23.466523693437384],[-51.97779865706889,-23.46652018853346],[-51.97780751491509,-23.466515014558635],[-51.97781758741016,-23.46650766077004],[-51.977828745759375,-23.46649818758623],[-51.97784066763582,-23.466486965533836],[-51.97785311408415,-23.466474385390438],[-51.97786591651363,-23.466460820331715],[-51.97787894537548,-23.466446627030933],[-51.97789209647632,-23.466432148454434],[-51.97790529191054,-23.46641770753331],[-51.977918546215776,-23.46640354984699],[-51.97793213661977,-23.466389695333888],[-51.97794637839955,-23.46637614562975],[-51.97796157138705,-23.466362932272617],[-51.97797799101795,-23.466350097791874],[-51.97799589222138,-23.466337692070894],[-51.97801551514094,-23.466325751537678],[-51.978037053905446,-23.466314312908573],[-51.97806041594526,-23.46630343637457],[-51.9780849147083,-23.466293092822163],[-51.9781098875729,-23.466283178925693],[-51.97813467309624,-23.466273618448533],[-51.97815856599198,-23.466264364331902],[-51.97818081324071,-23.46625540233199],[-51.978200593690026,-23.46624677282481],[-51.978217062191064,-23.466238581367662],[-51.978230010063186,-23.46623080940005],[-51.978240508122106,-23.466223150343545],[-51.97824972029858,-23.466215178715935],[-51.97825863817252,-23.46620646469652],[-51.97826810741982,-23.466196708537332],[-51.97827886580812,-23.466185847805566],[-51.9782915888453,-23.466174007421344],[-51.978306834374436,-23.46616142142665],[-51.978318833270045,-23.466152688076917],[-51.978656718473346,-23.462653097541754],[-51.97974994129591,-23.45689032175125],[-51.97617993244966,-23.45806833043681],[-51.97603338834996,-23.459777872277254],[-51.97553345364231,-23.467439553357984],[-51.97555844540199,-23.46743788054826]]],[[[-51.979789552766455,-23.456848476034953],[-51.97926909709894,-23.45960376315358],[-51.98010357018754,-23.459794957691432],[-51.98049692558732,-23.458325297957106],[-51.98122117636025,-23.45848893276125],[-51.98219656921723,-23.456054177546513],[-51.979789552766455,-23.456848476034953]]]]}},{"type":"Feature","properties":{"NOME":"Jardim Castor","ZONA":7,"COD_BAIRRO_GEO":215,"LT_NOMEFANT":" "},"geometry":{"type":"Polygon","coordinates":[[[-51.9179318846596,-23.41741010437872],[-51.91780856180509,-23.41711129246263],[-51.917809054910904,-23.41711112517987],[-51.917314636524544,-23.41591313080479],[-51.91729316326497,-23.415878202133342],[-51.917242429828626,-23.415795676816536],[-51.91622006422159,-23.416377590439584],[-51.91614863749492,-23.416420344058153],[-51.91618687341404,-23.416468375099317],[-51.916603488873726,-23.417528833503027],[-51.916606162221335,-23.41752790014744],[-51.916728777711945,-23.417818129419924],[-51.917721017907745,-23.41748127945998],[-51.9179318846596,-23.41741010437872]]]}},{"type":"Feature","properties":{"NOME":"Jardim Cerro Azul","ZONA":17,"COD_BAIRRO_GEO":249,"LT_NOMEFANT":" "},"geometry":{"type":"Polygon","coordinates":[[[-51.937539250963745,-23.43909650447499],[-51.93679020842824,-23.439038282569495],[-51.936804100983835,-23.438909853785596],[-51.936595764381586,-23.438895331184696],[-51.93658420036387,-23.43902250406874],[-51.93619770447292,-23.438997402890838],[-51.936171944959916,-23.439297269084562],[-51.9361110755032,-23.440005845689583],[-51.93609915509972,-23.440144617000616],[-51.93607461674438,-23.440416111379854],[-51.9360449504022,-23.440667535536715],[-51.93604037804937,-23.44072244206589],[-51.93603580471475,-23.440777348600562],[-51.93600764663056,-23.44102806280627],[-51.93679032643051,-23.441124588368183],[-51.93732833989927,-23.44118621256166],[-51.93736287025154,-23.440913728664853],[-51.937388745115555,-23.440729374250687],[-51.93744733749842,-23.44025747400446],[-51.93754837025033,-23.440264630286308],[-51.937582214610174,-23.43990971257755],[-51.937632908991645,-23.439432077323218],[-51.93764260361998,-23.439340741487403],[-51.93766354901384,-23.439104063798915],[-51.937539250963745,-23.43909650447499]]]}},{"type":"Feature","properties":{"NOME":"Jardim Colina Verde","ZONA":37,"COD_BAIRRO_GEO":124,"LT_NOMEFANT":" "},"geometry":{"type":"MultiPolygon","coordinates":[[[[-51.89089635489497,-23.390544990116958],[-51.890459700929824,-23.390851789424282],[-51.89001014357193,-23.391172763052992],[-51.889704824346566,-23.39139531671638],[-51.88937818665571,-23.39162582565098],[-51.8886899541027,-23.392115176608556],[-51.88824297372561,-23.392435300603175],[-51.8878952461775,-23.39268903898082],[-51.88739636942327,-23.3930418522363],[-51.88661935021315,-23.39358434098033],[-51.886229220610765,-23.393867123703163],[-51.885821417261305,-23.39415680691668],[-51.885504037231925,-23.394380876071942],[-51.885171034731975,-23.394629172658686],[-51.88433574845974,-23.39522518480138],[-51.88389762189742,-23.395531166295157],[-51.88237358859492,-23.396644095012874],[-51.881406598124244,-23.397341464632976],[-51.88011402582989,-23.398231375410575],[-51.87803484991289,-23.39970372315799],[-51.876344559390056,-23.40090064093464],[-51.87651904227815,-23.401008658374206],[-51.87755478273049,-23.40163158707243],[-51.878026153117396,-23.401908551157366],[-51.878534224172576,-23.40223669375818],[-51.87880520425195,-23.40169768794223],[-51.87917560507048,-23.401096696790997],[-51.879868307278706,-23.400171400426203],[-51.8803233589789,-23.39979260044794],[-51.88372513198905,-23.397394994631792],[-51.884513594921394,-23.396856256612807],[-51.88468968263341,-23.396733601121017],[-51.885057712589756,-23.39649454133495],[-51.89258111489709,-23.391306886105497],[-51.89300118812343,-23.391021164804453],[-51.89464073165603,-23.389898437796923],[-51.8949883945508,-23.389643063004968],[-51.89517883609018,-23.38951144152672],[-51.89535279570116,-23.389402950033848],[-51.895452098815504,-23.389325598266833],[-51.895797631162175,-23.38904269734638],[-51.89552212975965,-23.388925499782214],[-51.89543343151891,-23.3886875638608],[-51.89525125988218,-23.38849330470213],[-51.894955413286084,-23.388254580864267],[-51.8945843668693,-23.388078890978722],[-51.894473898215956,-23.387995350600324],[-51.893513850784096,-23.38869503548036],[-51.892911683994114,-23.38911837461735],[-51.892259661239905,-23.389577258821166],[-51.89194391256929,-23.389802176749814],[-51.891310422592355,-23.390249226634086],[-51.89089635489497,-23.390544990116958]]],[[[-51.880848708664445,-23.396775605365995],[-51.8794388764908,-23.39778967389916],[-51.878449963739065,-23.39854206337103],[-51.87741513226946,-23.399301137340363],[-51.87626897840669,-23.400143037755115],[-51.87575220145906,-23.400523094287305],[-51.87631808624314,-23.40088376807751],[-51.8765429911814,-23.400727437466333],[-51.877823129854974,-23.399811583351894],[-51.87795771899753,-23.399719207789186],[-51.87976896691397,-23.398426967718482],[-51.88044160491,-23.397946678268433],[-51.88242586465509,-23.396529476872686],[-51.88441925464358,-23.395123399408686],[-51.88529592958228,-23.394493230928983],[-51.88561445827141,-23.39426830483884],[-51.885775875092904,-23.394142457114455],[-51.88631942230398,-23.393758648028694],[-51.88663964764524,-23.393531134297778],[-51.88718113239736,-23.393141519044278],[-51.88768434044946,-23.392789032314447],[-51.88818118363965,-23.392432348567027],[-51.88866706983147,-23.392084699112047],[-51.88916773376104,-23.391730050865373],[-51.88985708229804,-23.391242353455056],[-51.8904564048917,-23.390815588888323],[-51.89073537152396,-23.390612233855176],[-51.891452274809865,-23.390104929829842],[-51.89223712219594,-23.389548118455775],[-51.89328816829137,-23.388799568083932],[-51.89347982770478,-23.38866138428308],[-51.8944103574025,-23.38799047538294],[-51.89434265504847,-23.3879082185219],[-51.89421749125216,-23.387753245604245],[-51.8940853188149,-23.387587659120648],[-51.894015700916896,-23.387468946273902],[-51.893932478075776,-23.38734020770382],[-51.89382738178045,-23.387186989383782],[-51.89367315962506,-23.387300469579348],[-51.893194362851794,-23.38765378747365],[-51.89253103110037,-23.38815205194982],[-51.890689595881476,-23.389496292266543],[-51.8896148204943,-23.39029015257476],[-51.8885747025245,-23.391055318335866],[-51.888458239216305,-23.391136350976552],[-51.88779863871676,-23.391622282831946],[-51.88662119811887,-23.39248969399504],[-51.8861146889295,-23.392862829343347],[-51.886106944399046,-23.3928685346553],[-51.885798679755986,-23.393110336290416],[-51.88508045116458,-23.393654536544897],[-51.883499570186146,-23.39483160774508],[-51.882060717808386,-23.3958778572449],[-51.880848708664445,-23.396775605365995]]]]}},{"type":"Feature","properties":{"NOME":"Jardim Colombo","ZONA":49,"COD_BAIRRO_GEO":3102,"LT_NOMEFANT":" "},"geometry":{"type":"Polygon","coordinates":[[[-52.02870146698167,-23.391055591068525],[-52.028081225729096,-23.387795300228433],[-52.02758411868697,-23.38786604343364],[-52.027505566863525,-23.387877313167227],[-52.02748263622499,-23.387880283648013],[-52.02734561023628,-23.38790763878366],[-52.026771706502515,-23.388018692559417],[-52.02529570408118,-23.38824798352474],[-52.02516058276084,-23.388460143475914],[-52.02451899369257,-23.389510273158493],[-52.02426351702387,-23.389907830665816],[-52.023885803495844,-23.390549373276986],[-52.02364225968908,-23.390985216924122],[-52.023267008390185,-23.391746649993664],[-52.02295133053202,-23.392444602953223],[-52.02282538696408,-23.39276660598875],[-52.022643869451024,-23.393062048078427],[-52.025462328075044,-23.392125973023987],[-52.028012210562984,-23.39127904235335],[-52.02870146698167,-23.391055591068525]]]}},{"type":"Feature","properties":{"NOME":"Jardim Diamante","ZONA":16,"COD_BAIRRO_GEO":244,"LT_NOMEFANT":" "},"geometry":{"type":"Polygon","coordinates":[[[-51.94895081674664,-23.377342622935675],[-51.94903544753667,-23.377163453338497],[-51.94907196377589,-23.37704901017607],[-51.94913099228301,-23.376707656348916],[-51.949199883371115,-23.376384619476188],[-51.9492702143198,-23.37612504553188],[-51.949369445771886,-23.37592167128119],[-51.94938891089225,-23.375810999493417],[-51.94943755986245,-23.375662757419583],[-51.94957174220408,-23.37539377805377],[-51.94965358393553,-23.375207940362728],[-51.94973102601198,-23.37445733746901],[-51.94905466716935,-23.374153944308794],[-51.948225590621774,-23.373824149828817],[-51.94723240991993,-23.37343623540296],[-51.94606858405185,-23.37297612281055],[-51.94592253550353,-23.372913183789553],[-51.94545119064007,-23.372723132225477],[-51.944887641177075,-23.37247309079195],[-51.943677281086124,-23.37201765138101],[-51.942626123420936,-23.371613422964547],[-51.941924272940675,-23.371348084986195],[-51.94087552795746,-23.370933796112766],[-51.940113999391585,-23.370640646352328],[-51.93899112884562,-23.370204071266944],[-51.9382344035901,-23.372004522313865],[-51.93763561255955,-23.37332188797869],[-51.93788481016994,-23.373421789413527],[-51.93881918907219,-23.37378271049601],[-51.93979221172783,-23.374167134769383],[-51.940569450380735,-23.37447504621716],[-51.94114547038781,-23.374695240896113],[-51.94141385032702,-23.37480058676597],[-51.9423438732863,-23.37516563923478],[-51.942927576179635,-23.375400833907776],[-51.9438297477219,-23.375753877946206],[-51.94472887813351,-23.376106101336113],[-51.945495614779624,-23.376404334248555],[-51.94617595610969,-23.37667164226532],[-51.946854280357314,-23.376942081870112],[-51.94776265779107,-23.377299933363698],[-51.94830175708352,-23.377502881771818],[-51.948800806489004,-23.377690277592],[-51.948816403668964,-23.37760931082657],[-51.94889531823656,-23.377504829486057],[-51.94892945889751,-23.37742293731645],[-51.94895081674664,-23.377342622935675]]]}},{"type":"Feature","properties":{"NOME":"Jardim Dias","ZONA":31,"COD_BAIRRO_GEO":44,"LT_NOMEFANT":" "},"geometry":{"type":"Polygon","coordinates":[[[-51.91798257487354,-23.379921274404527],[-51.918264323679985,-23.380143595773692],[-51.91799174057696,-23.38045331359179],[-51.917737774787064,-23.38074247729835],[-51.917236934003185,-23.38131272598174],[-51.91658230297033,-23.382054922971733],[-51.915551236737834,-23.383226538955803],[-51.91556992198498,-23.383251050467102],[-51.91624654595982,-23.38412610408494],[-51.91686631405963,-23.384937944437706],[-51.91703166358644,-23.384828094298094],[-51.9170921174938,-23.3847984573455],[-51.91749703427923,-23.385152407160103],[-51.917675903900914,-23.384903115494215],[-51.918003147544,-23.384434655078262],[-51.918022192255236,-23.3844077176219],[-51.91820928802683,-23.38414308736203],[-51.91833314722334,-23.38397101276431],[-51.9186545879835,-23.383505269497164],[-51.918918459189065,-23.38313879997344],[-51.91911294640986,-23.382847299596303],[-51.91940678405562,-23.38243405239694],[-51.919733522737374,-23.381969863729367],[-51.920009786631006,-23.381578789900413],[-51.920228230624936,-23.38127065807064],[-51.92030592764252,-23.381162660717152],[-51.920543368666706,-23.381243710168075],[-51.92092727776649,-23.381390572562143],[-51.92132831763907,-23.381543784772163],[-51.921553018123404,-23.381625943702883],[-51.92211811830858,-23.38184639367746],[-51.9222418829455,-23.381754156827018],[-51.922384205950024,-23.381933176606452],[-51.92270430943012,-23.381291323404156],[-51.923259055223994,-23.380194830615203],[-51.92348104943913,-23.37975628190286],[-51.92390217648625,-23.378886305933356],[-51.92426167965488,-23.37820016688523],[-51.92462220798759,-23.37749391891712],[-51.92527896655409,-23.376184563948545],[-51.926019291688625,-23.37472484843728],[-51.926548489198694,-23.37368552506476],[-51.927054524665984,-23.372664195717093],[-51.927785360224725,-23.371292988051987],[-51.927765511160835,-23.371192261205927],[-51.92765640929955,-23.371137943605095],[-51.927612021594,-23.371083242224834],[-51.927572561003146,-23.370992664602895],[-51.92755120387435,-23.370899589713805],[-51.92745489532508,-23.37082368772041],[-51.927330329067956,-23.37077902033839],[-51.927151751825534,-23.370784858597737],[-51.92704289976631,-23.37076638518666],[-51.92690749706321,-23.370652478459196],[-51.926803457121814,-23.370581401698395],[-51.9267646057581,-23.370510806706907],[-51.92657039846235,-23.370722950298216],[-51.92627603620196,-23.37105376563491],[-51.925886930429655,-23.371496982507093],[-51.92564578512553,-23.371775145519237],[-51.92546296259474,-23.37196202870237],[-51.92517102352774,-23.37226044996049],[-51.924755491791444,-23.37271284269291],[-51.92466053837127,-23.372832294926962],[-51.92436453451933,-23.373170405517648],[-51.92406533925629,-23.373515106259568],[-51.923824515197644,-23.37378478073557],[-51.92355930152852,-23.374083874049745],[-51.92326908844258,-23.374417766556494],[-51.92299749130541,-23.374730040306197],[-51.92284083784347,-23.37491198990858],[-51.92268497373385,-23.375106547281224],[-51.92117342215583,-23.3768391233866],[-51.92093552058505,-23.377108924524634],[-51.92075578559172,-23.377312760299315],[-51.92073028216695,-23.37726965544509],[-51.92156870821662,-23.37630715611713],[-51.92265310611474,-23.37506549689771],[-51.92328643595522,-23.374337410283523],[-51.92401572119742,-23.373501285625046],[-51.92509456461872,-23.372280082012168],[-51.925591321066605,-23.371772526883092],[-51.92609565791775,-23.371196888461604],[-51.926819671801404,-23.370389114732536],[-51.926815892631716,-23.37036101353843],[-51.92677680653671,-23.370324203100967],[-51.926741711489676,-23.370302903504463],[-51.926722007498135,-23.37026119929736],[-51.9267059364581,-23.370183626543728],[-51.9266764569022,-23.370039219906648],[-51.92660259053942,-23.36965370846314],[-51.92659570364445,-23.36959400480795],[-51.926616784859334,-23.369461247393804],[-51.926648750209644,-23.36921849540571],[-51.926646142865955,-23.36918386781298],[-51.925628961214706,-23.369989526888176],[-51.92473543442406,-23.370693273515887],[-51.92411532572946,-23.371177987825252],[-51.92310181229312,-23.371992752693334],[-51.922839541184885,-23.372367144343066],[-51.92271603438491,-23.372404662470167],[-51.92259458419235,-23.37244838191926],[-51.92247550175652,-23.372498190683316],[-51.92235909216064,-23.372553961154775],[-51.92224565364025,-23.37261555045249],[-51.92213547681916,-23.372682800787768],[-51.92202884396485,-23.372755539868624],[-51.92195368605711,-23.37281206869593],[-51.92188076346948,-23.372871453168873],[-51.91791584411535,-23.376125410330538],[-51.91530282434113,-23.378284408766795],[-51.91521767308425,-23.378419644152572],[-51.91513798102131,-23.37855816679051],[-51.915063874866654,-23.378699756422744],[-51.91499547245272,-23.37884418791475],[-51.91493288254276,-23.37899123161331],[-51.9148762046578,-23.379140653711648],[-51.9148255289185,-23.379292216621234],[-51.9147809359018,-23.37944567934953],[-51.914742496512794,-23.379600797883203],[-51.914710271872025,-23.379757325576094],[-51.91468431321827,-23.379915013541424],[-51.914664661827054,-23.380073611047518],[-51.91448222874497,-23.381203350913207],[-51.91446619586334,-23.38128293730733],[-51.914456273033686,-23.381363513885027],[-51.91445251793657,-23.38144461226151],[-51.91445495240005,-23.381525761018803],[-51.9144635622728,-23.381606488446074],[-51.91447829750636,-23.381686325281645],[-51.91449907244608,-23.38176480744078],[-51.91452576632898,-23.38184147871335],[-51.9145582239858,-23.381915893415773],[-51.91459625674294,-23.381987618981693],[-51.91463964351921,-23.3820562384765],[-51.915223931735916,-23.382870354705553],[-51.91552130519377,-23.383193966098112],[-51.916069523123916,-23.3825689998865],[-51.9164800636112,-23.382103227591863],[-51.917154850702445,-23.381336682999713],[-51.91755943117596,-23.38087666665801],[-51.91819914511787,-23.380138856279277],[-51.917951872279474,-23.379954015733418],[-51.91813845181568,-23.379755046453983],[-51.91798257487354,-23.379921274404527]],[[-51.91839228187984,-23.37999820351514],[-51.91813845181568,-23.379755046453983],[-51.91835836806841,-23.37996548657198],[-51.91836985258348,-23.37995304049047],[-51.91898118709695,-23.37925349517064],[-51.91911090104914,-23.379105984818892],[-51.91896481501687,-23.378865018431704],[-51.91913802012639,-23.379150716438858],[-51.918729689879335,-23.379614825921152],[-51.91839228187984,-23.37999820351514]],[[-51.9222004302842,-23.38170004638224],[-51.92137005327881,-23.38061610401872],[-51.921369675442094,-23.380615604877704],[-51.9222418829455,-23.381754156827018],[-51.9222004302842,-23.38170004638224]],[[-51.920531451720656,-23.379508269807534],[-51.92029054988411,-23.37918460116895],[-51.92005064770312,-23.378862272937887],[-51.919976705641275,-23.37876292599621],[-51.92053157265991,-23.379508429574287],[-51.920531451720656,-23.379508269807534]],[[-51.919789866185766,-23.37851874517174],[-51.91978989669776,-23.378518784308493],[-51.91978991655363,-23.378518810116464],[-51.919789866185766,-23.37851874517174]],[[-51.920460653120294,-23.377450344537518],[-51.920432364380524,-23.37745940231826],[-51.920148314998094,-23.377561125206856],[-51.920156218960095,-23.377578857711498],[-51.9201614991135,-23.377590702494413],[-51.92015595836284,-23.377578951373103],[-51.920137732037915,-23.377536443724317],[-51.920416406555674,-23.37743255946412],[-51.9203731037671,-23.377318783525578],[-51.92069597183837,-23.377212928027213],[-51.92071010288573,-23.377236513778104],[-51.92063093348931,-23.377268377525716],[-51.920418295688144,-23.377341702377237],[-51.920460653120294,-23.377450344537518]],[[-51.91971629271736,-23.378428042153345],[-51.91983435417883,-23.378359390671047],[-51.919847239381525,-23.378352435808065],[-51.91983348528594,-23.378360378485517],[-51.91971629271736,-23.378428042153345]]]}},{"type":"Feature","properties":{"NOME":"Jardim Dom Pedro Peres","ZONA":28,"COD_BAIRRO_GEO":3381,"LT_NOMEFANT":"Lt. 63/1/3/5 (Gleba Ribeirão Pinguim) "},"geometry":{"type":"Polygon","coordinates":[[[-51.915703868792754,-23.450188163000423],[-51.917066309197104,-23.449510102901336],[-51.91866957143697,-23.448716334574996],[-51.92004019071456,-23.448039131310303],[-51.92138385959064,-23.447364150108125],[-51.921819454388135,-23.447148889065183],[-51.92181472105201,-23.447128983115697],[-51.92180062511257,-23.447072834148656],[-51.92163382847451,-23.446892250916424],[-51.921571444909226,-23.44681521577869],[-51.92153971698579,-23.446694961490692],[-51.921479433236726,-23.446607880117185],[-51.92129592295272,-23.44640850447293],[-51.921290998966754,-23.44640259310906],[-51.92127448268221,-23.44638276392407],[-51.92124049652454,-23.446341960483974],[-51.92112902040926,-23.4460644613683],[-51.921129252165215,-23.445967852319793],[-51.92114893807729,-23.44593034310009],[-51.92115230715668,-23.4458503680739],[-51.92110142957938,-23.445723869880748],[-51.92102717781508,-23.445593262705245],[-51.92097645291594,-23.445457688977058],[-51.920929260486616,-23.445372016786962],[-51.920907417799825,-23.445243700619574],[-51.92087577509992,-23.445176268269115],[-51.92087576008465,-23.445176220487404],[-51.92085461059206,-23.44514380521397],[-51.92080620141348,-23.44512280390968],[-51.92025786283835,-23.445395704310386],[-51.92023198222044,-23.445420241872455],[-51.92026479555789,-23.44548104419171],[-51.92027773188422,-23.4455050141591],[-51.91922698289646,-23.446010181573676],[-51.91763313212366,-23.44676802127921],[-51.91672147021661,-23.447195302064703],[-51.91668679229373,-23.447211554976654],[-51.91675361795115,-23.447331177856327],[-51.91697514518009,-23.447716419280553],[-51.91727743260058,-23.448262495077874],[-51.91734553935138,-23.44838460029055],[-51.91707256514588,-23.448508648898883],[-51.916573665763586,-23.448748166031876],[-51.91599468199663,-23.449018621640338],[-51.9153853894735,-23.449307773348984],[-51.91519694368013,-23.449395735345075],[-51.915703868792754,-23.450188163000423]]]}},{"type":"Feature","properties":{"NOME":"Jardim Dourado","ZONA":37,"COD_BAIRRO_GEO":108,"LT_NOMEFANT":" "},"geometry":{"type":"Polygon","coordinates":[[[-51.904013124511785,-23.411193165853692],[-51.90402055802281,-23.41118731062157],[-51.90435756041122,-23.410921866654913],[-51.905516376168244,-23.40999885545261],[-51.90569344659745,-23.409825191303604],[-51.90614458690878,-23.40973918580876],[-51.90578039768159,-23.409207480044426],[-51.905757909043174,-23.409176186483627],[-51.9059196661304,-23.409050024493308],[-51.90638737906342,-23.40867928696849],[-51.90645363391047,-23.408627656634348],[-51.90682073123516,-23.40834158677769],[-51.90682291731521,-23.408299175142453],[-51.907018290747395,-23.408090609496433],[-51.90743264970682,-23.407663531412993],[-51.90744309381303,-23.40757967363426],[-51.90745559856743,-23.407354800424372],[-51.90748284197449,-23.407305622658885],[-51.90752305556297,-23.40719400854973],[-51.907535571048165,-23.407056130697583],[-51.90759014775975,-23.406792302916255],[-51.90762809295182,-23.406618455648605],[-51.90761623153287,-23.40620323845156],[-51.90762101261345,-23.406030060697386],[-51.90767275427754,-23.40589075098994],[-51.90768871791132,-23.405729567165874],[-51.90767650741289,-23.40551273431178],[-51.90767663904711,-23.405511802327307],[-51.90767603020369,-23.405511784186473],[-51.9075898758265,-23.405420788391886],[-51.907483301098644,-23.405277253398854],[-51.907419382921006,-23.405174928439926],[-51.90738593718017,-23.405121019760013],[-51.90733908947207,-23.405037473846665],[-51.90730202130742,-23.404892028554144],[-51.9072406073772,-23.404919300166707],[-51.90715822200123,-23.404961644501224],[-51.90708719370889,-23.405005418603306],[-51.90694657417793,-23.40506604331333],[-51.90655428091797,-23.40530456316347],[-51.905510263107494,-23.405956497449857],[-51.90533112441233,-23.406074161926803],[-51.90460799306808,-23.406514187966994],[-51.90469717366645,-23.40663721958776],[-51.90509491647443,-23.40720031147407],[-51.90571935459556,-23.408084328419466],[-51.90535103371522,-23.40837810548964],[-51.90521545864657,-23.408486766164646],[-51.90385769352175,-23.409572095749724],[-51.9037443095372,-23.409667495804268],[-51.90308579394769,-23.41019148869535],[-51.903068411633505,-23.410208665446902],[-51.90336218293434,-23.410488157747974],[-51.90357940723768,-23.410718914533955],[-51.903908099358965,-23.411075479672355],[-51.904013124511785,-23.411193165853692]]]}},{"type":"Feature","properties":{"NOME":"Jardim Doutor Maurilio de Oliveira","ZONA":40,"COD_BAIRRO_GEO":4769,"LT_NOMEFANT":null},"geometry":{"type":"Polygon","coordinates":[[[-51.96083947336269,-23.43910475181435],[-51.960779471998165,-23.43940336094965],[-51.961356232945334,-23.439506869641615],[-51.96132025963068,-23.43968966720665],[-51.96184616327348,-23.439780105336162],[-51.961808132193944,-23.439964827759887],[-51.961904592994784,-23.439980483846043],[-51.9618686341696,-23.440165192605786],[-51.96299614775486,-23.44035611131752],[-51.96316707394961,-23.439496662915964],[-51.96083947336269,-23.43910475181435]]]}},{"type":"Feature","properties":{"NOME":"Jardim Espanha","ZONA":44,"COD_BAIRRO_GEO":2814,"LT_NOMEFANT":" "},"geometry":{"type":"Polygon","coordinates":[[[-51.97039369313204,-23.460544453644104],[-51.970424657293435,-23.460494494542548],[-51.97044802505602,-23.460436634511364],[-51.97049317670129,-23.46038550328758],[-51.97059668607918,-23.46030853862722],[-51.970630528157834,-23.460263890475574],[-51.970618552083046,-23.460205979382277],[-51.970585772951665,-23.460154971749613],[-51.970573234907995,-23.460127321439394],[-51.97060089524557,-23.46009418243208],[-51.970658940708034,-23.460065821962502],[-51.97071949520842,-23.460032478243193],[-51.970740563372885,-23.45998149682153],[-51.97074219198345,-23.459923049470625],[-51.97074723384279,-23.4598092145508],[-51.97075484697346,-23.459631958795082],[-51.97076680993275,-23.459514016387548],[-51.970785835784504,-23.459397836429044],[-51.970802837923756,-23.45927281677135],[-51.97081211525521,-23.459095550646914],[-51.970813710786736,-23.45897902755508],[-51.970803391781686,-23.458920112630036],[-51.97073465295532,-23.45882489121849],[-51.9707044518585,-23.458778293245214],[-51.97064524647567,-23.458674702998643],[-51.97063750330403,-23.458619926763497],[-51.97065125621274,-23.45850576666438],[-51.970663689330955,-23.458452129369828],[-51.97066554085134,-23.458397383753077],[-51.97067766441363,-23.458341580696278],[-51.970697726297416,-23.45828690240603],[-51.970749515034406,-23.458215833160214],[-51.969361938777105,-23.458225772204482],[-51.96843114684206,-23.458250193630064],[-51.966900416864,-23.458272592937707],[-51.965587101806165,-23.45830381255252],[-51.964529867563016,-23.45831880337355],[-51.963225723867325,-23.45833970047167],[-51.96206109661647,-23.458351524315443],[-51.961426302988315,-23.458367237364335],[-51.96007887079088,-23.458385974237135],[-51.95981866608819,-23.45838875321883],[-51.95952621366094,-23.45839187553906],[-51.95921358007783,-23.45839521262838],[-51.958825996810994,-23.458399349387435],[-51.95819139021018,-23.458406119951032],[-51.956838785140924,-23.45842106535378],[-51.956312670589476,-23.45842775167224],[-51.96053628777297,-23.461263809348054],[-51.961180630013075,-23.46170791621402],[-51.961464034296526,-23.46194215604993],[-51.961523909319865,-23.46202595565932],[-51.961529151878985,-23.46206389856089],[-51.962294544774785,-23.46205320462932],[-51.963565001987334,-23.462033413009944],[-51.96488601387379,-23.46201927211341],[-51.966446514812155,-23.46198810304791],[-51.96790608827136,-23.46197068902191],[-51.96900947711644,-23.461953084651093],[-51.969935143417686,-23.461947344804887],[-51.969933800794664,-23.46186850898201],[-51.96993178205744,-23.461838235343862],[-51.96992913657839,-23.461798561456742],[-51.96992539375335,-23.46174242900835],[-51.96993209938717,-23.461686835830644],[-51.96994327756122,-23.461594159144322],[-51.969936254236195,-23.46148379803082],[-51.9700331390852,-23.461365233659585],[-51.97009913757373,-23.46129889573526],[-51.97018679755748,-23.461226414047168],[-51.97024060066611,-23.461134459415167],[-51.97039129823163,-23.4610106692558],[-51.97044952847017,-23.460897033633078],[-51.97037100285481,-23.460785683084826],[-51.97034803939624,-23.46062093454177],[-51.970375307257555,-23.460586049413287],[-51.97039369313204,-23.460544453644104]]]}},{"type":"Feature","properties":{"NOME":"Jardim Europa","ZONA":44,"COD_BAIRRO_GEO":3044,"LT_NOMEFANT":" "},"geometry":{"type":"Polygon","coordinates":[[[-51.96995478544224,-23.461999638220682],[-51.96152629403203,-23.462096070246258],[-51.96154881943779,-23.462370487382163],[-51.96089957279568,-23.46358093708774],[-51.961495303002295,-23.46371306071066],[-51.96376586466289,-23.464180816729183],[-51.9657077010131,-23.464579437795685],[-51.96750236005839,-23.464938180451295],[-51.96871996146043,-23.46518822394046],[-51.96989848018378,-23.46542899373589],[-51.96988272822819,-23.465318785407753],[-51.96988069002678,-23.465313324676963],[-51.96991036814211,-23.465111995160676],[-51.96990845419191,-23.464850080201096],[-51.96988509397821,-23.46472594302444],[-51.96982400441099,-23.464490473284943],[-51.969778441681015,-23.464327034000753],[-51.96977652806284,-23.464065119004562],[-51.96975218014956,-23.463722664927467],[-51.96974136754007,-23.463570587696385],[-51.969803396410704,-23.463424687068525],[-51.969885763729884,-23.463386051627015],[-51.969992034162026,-23.463336205066994],[-51.970086460261335,-23.463306514810807],[-51.97011715543152,-23.463189911936524],[-51.97021094229292,-23.463072916614927],[-51.970304728990804,-23.462955921240695],[-51.97024121188063,-23.462898110384216],[-51.970082844700705,-23.462811786457696],[-51.97000560897988,-23.462741487339304],[-51.969924052433726,-23.462667258118298],[-51.96989165612387,-23.46255104759627],[-51.970007358323166,-23.462323299092894],[-51.97004704554853,-23.462229948347588],[-51.970011195447576,-23.46210198788403],[-51.96995478544224,-23.461999638220682]]]}},{"type":"Feature","properties":{"NOME":"Jardim Everest","ZONA":43,"COD_BAIRRO_GEO":171,"LT_NOMEFANT":" "},"geometry":{"type":"Polygon","coordinates":[[[-51.97969564089598,-23.403291969154104],[-51.979978468565804,-23.40306770698164],[-51.98025497993147,-23.402853764242103],[-51.98064244335988,-23.40257747192777],[-51.9803382866055,-23.402265468636674],[-51.97902267643941,-23.400915895542017],[-51.97896513193916,-23.40095611456095],[-51.978867035061164,-23.40102467641224],[-51.97876704269035,-23.40110231195905],[-51.97854073135183,-23.40127491317053],[-51.978400713090544,-23.401381898646104],[-51.97811203812221,-23.40159405817441],[-51.97792127087362,-23.401753310649347],[-51.97743904752639,-23.4021334961357],[-51.97698668854872,-23.402478990048255],[-51.976649532833136,-23.40274044907848],[-51.97610066517691,-23.403162003933236],[-51.975763506940254,-23.40342346023627],[-51.975316353393616,-23.403774709266813],[-51.97480766797085,-23.40416319270403],[-51.97427220518132,-23.40457880858263],[-51.97407679471409,-23.404729029927566],[-51.973981214019375,-23.404807698104303],[-51.97333543537655,-23.405323153534006],[-51.97316446508237,-23.40545890660015],[-51.973114847597074,-23.40549763897855],[-51.97315667154738,-23.40553042962764],[-51.97320897188994,-23.40560084048522],[-51.9732759268412,-23.40569218944968],[-51.973411053939394,-23.405758261056025],[-51.973488435478515,-23.405859103624753],[-51.973551596952525,-23.40599827116345],[-51.97364963675162,-23.406091338375145],[-51.97374704635618,-23.406098378865757],[-51.973853204295274,-23.40616845386672],[-51.97397642156107,-23.406305334832247],[-51.97403765295567,-23.40646363238347],[-51.97410525153189,-23.406642919605495],[-51.974243670079794,-23.40687529568888],[-51.974293806199654,-23.407045495217485],[-51.97431830147393,-23.407209492407446],[-51.97436720990306,-23.407339091324793],[-51.97441250541984,-23.40742045706178],[-51.97521635228451,-23.40679475057075],[-51.97637762779519,-23.405880138081333],[-51.97649530429812,-23.405783576036942],[-51.9775031439496,-23.404997665755804],[-51.97784564328887,-23.40472946870533],[-51.977979961352275,-23.40462785909994],[-51.979495173732836,-23.403450101138795],[-51.97969564089598,-23.403291969154104]]]}},{"type":"Feature","properties":{"NOME":"Jardim Fregadolli","ZONA":28,"COD_BAIRRO_GEO":14,"LT_NOMEFANT":" "},"geometry":{"type":"Polygon","coordinates":[[[-51.91656658723437,-23.45216291990913],[-51.916259134243155,-23.45166768736717],[-51.913455129400354,-23.453184536712833],[-51.91379722047497,-23.453659381563277],[-51.91392038242226,-23.45383115861027],[-51.91422487964416,-23.453687334418547],[-51.915172649911604,-23.453255725043185],[-51.915807898100276,-23.452965838915347],[-51.916106435548116,-23.452830466775804],[-51.915907909841685,-23.45246464767896],[-51.91592042396169,-23.452458634688007],[-51.915953925698865,-23.45244253785463],[-51.91656658723437,-23.45216291990913]]]}},{"type":"Feature","properties":{"NOME":"Jardim Freitas","ZONA":38,"COD_BAIRRO_GEO":3491,"LT_NOMEFANT":" "},"geometry":{"type":"Polygon","coordinates":[[[-51.893905926954716,-23.446201523898715],[-51.89394641733922,-23.446311796151058],[-51.89394515543203,-23.44643224837637],[-51.89411875638228,-23.446672142030202],[-51.89424863815804,-23.44688169762571],[-51.89435357954157,-23.44707992516752],[-51.894439459912185,-23.44721708333406],[-51.89510760199439,-23.446122753597635],[-51.896573448492475,-23.44379387494733],[-51.89565850225941,-23.443314483225375],[-51.895168868434396,-23.444123549727767],[-51.89579004636142,-23.444441410125414],[-51.89548270755737,-23.44495697376597],[-51.89486155201723,-23.44464269785339],[-51.893905926954716,-23.446201523898715]]]}},{"type":"Feature","properties":{"NOME":"Jardim Gabriella","ZONA":40,"COD_BAIRRO_GEO":156,"LT_NOMEFANT":" "},"geometry":{"type":"Polygon","coordinates":[[[-51.95789492238745,-23.441169866392634],[-51.95794406264117,-23.440940028254147],[-51.95812221885598,-23.44097061474833],[-51.958143213841566,-23.440864249741534],[-51.95777240725847,-23.44080498548886],[-51.9573609036425,-23.440733546349875],[-51.95676726308906,-23.440630485908322],[-51.95681386527805,-23.440412255385517],[-51.95643333049161,-23.44034581916068],[-51.95638580389876,-23.440565313419764],[-51.956213791540854,-23.44053260448174],[-51.95619213760964,-23.440645416792403],[-51.95640372318933,-23.44067991097654],[-51.95653695018972,-23.440701924061866],[-51.956492841238976,-23.440938449955176],[-51.95789492238745,-23.441169866392634]]]}},{"type":"Feature","properties":{"NOME":"Jardim Gambini","ZONA":20,"COD_BAIRRO_GEO":3524,"LT_NOMEFANT":"LOTE 61-D (Rem) – GLEBA RIBEIRÃO PINGUIM"},"geometry":{"type":"MultiPolygon","coordinates":[[[[-51.94695597377313,-23.454907804165625],[-51.945505675687656,-23.454872150635605],[-51.9442575548389,-23.454839598196052],[-51.94416390577245,-23.45529186655037],[-51.94411372283111,-23.455566719294534],[-51.944114591372376,-23.45558698293002],[-51.944856465653466,-23.455591030602182],[-51.94572891986374,-23.455598038773562],[-51.94689619759154,-23.455614167301555],[-51.947802796409086,-23.455621963699645],[-51.94924476567176,-23.455634236987034],[-51.94938552315296,-23.454960429767773],[-51.948140448256005,-23.45493502254358],[-51.94695597377313,-23.454907804165625]]],[[[-51.939419399335286,-23.454740846738016],[-51.937673026997054,-23.454696699181593],[-51.937673197324074,-23.454695878040887],[-51.93632202065171,-23.454670614766247],[-51.93504948643991,-23.454655744016296],[-51.93409038765249,-23.45464572456636],[-51.934052059818626,-23.454724816905674],[-51.93400458798449,-23.454801677953274],[-51.93393686923955,-23.454955377937],[-51.933909349176155,-23.455021201519397],[-51.933846553581375,-23.455112801603896],[-51.93371960452026,-23.455273206486574],[-51.93358376969612,-23.455453531448864],[-51.93446879448899,-23.455461739536137],[-51.93614752606198,-23.455491823083417],[-51.93750757124398,-23.45549435567775],[-51.938298108021,-23.455513297082756],[-51.93949249266623,-23.45552208965821],[-51.94076786766397,-23.455539976800242],[-51.942230475077,-23.455556959472215],[-51.942521135481066,-23.45556093914008],[-51.942661909074296,-23.454811620640637],[-51.94125669039391,-23.454777089455092],[-51.939419399335286,-23.454740846738016]]]]}},{"type":"Feature","properties":{"NOME":"Jardim Golden","ZONA":33,"COD_BAIRRO_GEO":4893,"LT_NOMEFANT":null},"geometry":{"type":"MultiPolygon","coordinates":[[[[-52.06883146410055,-23.37317560140057],[-52.070207250584424,-23.373376369846177],[-52.07138269727865,-23.37356308444672],[-52.072175795812214,-23.373684304223968],[-52.073282497922506,-23.37385235767307],[-52.0732076489925,-23.37339763328164],[-52.073119074807465,-23.373006329417898],[-52.071578537205205,-23.372646486126186],[-52.070188370203546,-23.37231427603785],[-52.06916385395367,-23.37206319315772],[-52.06915365344587,-23.372060873023674],[-52.06883146410055,-23.37317560140057]]],[[[-52.06916142733135,-23.372045836815207],[-52.06997635164695,-23.372243031034103],[-52.07239251404842,-23.37281626481915],[-52.07311759232378,-23.372977615353044],[-52.0730079357735,-23.372475574659195],[-52.07295009823782,-23.372107957364964],[-52.07193862888827,-23.371870185892547],[-52.06954217267811,-23.37129872178758],[-52.0693769680337,-23.371259942667663],[-52.06916142733135,-23.372045836815207]]]]}},{"type":"Feature","properties":{"NOME":"Jardim Guairacá","ZONA":19,"COD_BAIRRO_GEO":267,"LT_NOMEFANT":" "},"geometry":{"type":"Polygon","coordinates":[[[-51.973301621865474,-23.383590201058823],[-51.97322567797216,-23.383473982489274],[-51.97307560750831,-23.3833666746878],[-51.97295060714638,-23.38322940570009],[-51.97286857186831,-23.3831353083442],[-51.972765668901914,-23.382993905011926],[-51.97268514948507,-23.38288197054124],[-51.97250614348687,-23.38266132475611],[-51.97239042598083,-23.382531812129177],[-51.97197268918749,-23.383004317299335],[-51.97152124860719,-23.383580662536524],[-51.97099803272063,-23.384255432581618],[-51.97052226918007,-23.384870161745997],[-51.970098989318245,-23.38540450781383],[-51.969736273438635,-23.38587655304348],[-51.96946244446652,-23.386226351329977],[-51.96901461405542,-23.386812844689572],[-51.96859038071995,-23.387351483037236],[-51.96801631454648,-23.38809274229951],[-51.96800735248091,-23.38810420263352],[-51.967897168302805,-23.388235634524413],[-51.96766744651597,-23.38850965643983],[-51.96770438058841,-23.38856247616012],[-51.968594157560304,-23.3895173780268],[-51.96887622805113,-23.38922670937625],[-51.96933907499788,-23.38864838853873],[-51.96976546376581,-23.388101540013963],[-51.97018338144458,-23.38755151396704],[-51.97063172021857,-23.38697327951227],[-51.971079018967444,-23.386395050294627],[-51.9713560518359,-23.386041012294704],[-51.971576649933965,-23.385761065338546],[-51.97237029861223,-23.38471611279829],[-51.97288581207224,-23.38405094584249],[-51.973301621865474,-23.383590201058823]]]}},{"type":"Feature","properties":{"NOME":"Jardim Guaporé","ZONA":40,"COD_BAIRRO_GEO":152,"LT_NOMEFANT":" "},"geometry":{"type":"Polygon","coordinates":[[[-51.95739135325934,-23.445082542784203],[-51.95747872361988,-23.444622451529206],[-51.95754565347963,-23.44427183327251],[-51.957883850963896,-23.442652153176475],[-51.95790815255995,-23.44252004729168],[-51.95815527621325,-23.441249172255105],[-51.95788069909597,-23.44120424394094],[-51.957179034708005,-23.441092407711345],[-51.955992788613216,-23.44089479144534],[-51.95574541682341,-23.442151407133224],[-51.95521508526494,-23.4447293060018],[-51.955648487682176,-23.444799033954627],[-51.95703783824575,-23.445024712818913],[-51.95739135325934,-23.445082542784203]]]}},{"type":"Feature","properties":{"NOME":"Jardim Guararapes","ZONA":18,"COD_BAIRRO_GEO":258,"LT_NOMEFANT":" "},"geometry":{"type":"Polygon","coordinates":[[[-51.89780896034934,-23.429128864281736],[-51.89779746324091,-23.429095983663714],[-51.89754240133439,-23.428400587473895],[-51.89742014116074,-23.428080557006027],[-51.89729501502141,-23.428120583261997],[-51.89596013402722,-23.428546184036634],[-51.89619357418907,-23.42918343499682],[-51.896419070151694,-23.42979899604076],[-51.896645199518545,-23.430416279977102],[-51.8974253874932,-23.43016980011609],[-51.897487419952306,-23.430151520095592],[-51.89789356261028,-23.431246150789153],[-51.89846718797011,-23.430920054168272],[-51.89835640950554,-23.430626940435502],[-51.8982152925152,-23.430239204692942],[-51.89800280302087,-23.429641331699106],[-51.89780896034934,-23.429128864281736]]]}},{"type":"Feature","properties":{"NOME":"Jardim Higienópolis","ZONA":20,"COD_BAIRRO_GEO":273,"LT_NOMEFANT":" "},"geometry":{"type":"Polygon","coordinates":[[[-51.94089302392782,-23.44801703977247],[-51.94107028072726,-23.44804194451092],[-51.94103324228803,-23.448297228789272],[-51.9410471380775,-23.448299919651227],[-51.94123401516846,-23.448319803944763],[-51.94177203634024,-23.44838893111304],[-51.94226464275608,-23.448443927167887],[-51.94286323056991,-23.44850884256158],[-51.94336396900512,-23.448569902516482],[-51.943353034173235,-23.44865373312275],[-51.943338488673945,-23.44881141475696],[-51.94396031785163,-23.448898058386696],[-51.94400775749492,-23.44865935859916],[-51.94427634673699,-23.448679720348082],[-51.94442841487735,-23.448647559890492],[-51.9444249150409,-23.448695605584945],[-51.94556292358792,-23.448822252478653],[-51.94646942456142,-23.448924199858457],[-51.94741553422188,-23.44903817424919],[-51.94821988132984,-23.44913069692371],[-51.94888848812043,-23.449207150914305],[-51.94985807920992,-23.44931527737926],[-51.95065375440806,-23.449410492918474],[-51.95177706414316,-23.449536926281276],[-51.95270004083116,-23.449647743475712],[-51.952681069078096,-23.449872897882734],[-51.95291370304734,-23.449897740856745],[-51.95293983663971,-23.449676151008052],[-51.95363983664153,-23.449753664477708],[-51.95390934844814,-23.44979176546551],[-51.95420728095979,-23.44982430546447],[-51.95415171457207,-23.44981050644858],[-51.95408232571187,-23.44978219700775],[-51.95401931933858,-23.449743200607184],[-51.953964610025984,-23.44969470320183],[-51.953919859869735,-23.449638177705197],[-51.95388642922952,-23.449575340935226],[-51.95386533231531,-23.4495081033048],[-51.953857211289495,-23.449438506657657],[-51.95386231236031,-23.449368666608454],[-51.953880481382775,-23.449300704828715],[-51.95391116537203,-23.449236686716432],[-51.9539534316176,-23.449178556248892],[-51.95400599861534,-23.449128080699],[-51.95406726502765,-23.449086793557406],[-51.95413537201666,-23.449055949895765],[-51.954208248960626,-23.449036485444175],[-51.95428368278662,-23.449028992685207],[-51.95435938046945,-23.44903369969867],[-51.954418993511595,-23.448677174409102],[-51.95275426829204,-23.4484774880775],[-51.950174288906425,-23.44817069784344],[-51.948854614089825,-23.448017594455855],[-51.945928812334586,-23.44768676023041],[-51.94468862567908,-23.44754046360929],[-51.941360568042036,-23.447152919547182],[-51.94053375619392,-23.44705170278629],[-51.939735962350404,-23.446956972559594],[-51.93974570901561,-23.44692324310933],[-51.938928740915586,-23.446822024425817],[-51.93894270389957,-23.446875107868724],[-51.938939248744106,-23.44689318833994],[-51.938929015340356,-23.44694672445472],[-51.93886148559868,-23.447018484325667],[-51.93878246961129,-23.44707179746313],[-51.938714778652574,-23.447134616464567],[-51.938702007302844,-23.447161635136794],[-51.93867928390028,-23.447209706076155],[-51.93865936436308,-23.447369604633735],[-51.938682413208966,-23.447569435765995],[-51.938762932642035,-23.447728819557142],[-51.93875573289343,-23.447740520598362],[-51.93875025557795,-23.4479293226027],[-51.93908380596837,-23.4478931382613],[-51.93958100468638,-23.447877241273453],[-51.93958976733783,-23.44787876732407],[-51.93955288196028,-23.448127994386873],[-51.939673801043675,-23.448144089488178],[-51.939702108477086,-23.44794189721893],[-51.93989115686609,-23.44794637485705],[-51.939931378695505,-23.44794768611728],[-51.93993014554068,-23.447956863832324],[-51.93990111369006,-23.448172982569893],[-51.939949710702315,-23.44817735674241],[-51.94071352316445,-23.44826442266211],[-51.94084224149234,-23.448278118779807],[-51.940856976485605,-23.448278217807363],[-51.94089302392782,-23.44801703977247]]]}},{"type":"Feature","properties":{"NOME":"Jardim Iguaçu","ZONA":44,"COD_BAIRRO_GEO":177,"LT_NOMEFANT":" "},"geometry":{"type":"Polygon","coordinates":[[[-51.95777663088559,-23.450212080528736],[-51.95889138877787,-23.450334607507113],[-51.9600840157276,-23.450462412522455],[-51.96116842259225,-23.450584425225326],[-51.96138144612058,-23.45060626745611],[-51.96142222175684,-23.450267552608764],[-51.961508336079916,-23.449552207974918],[-51.961520709481206,-23.449500182056237],[-51.95926160009629,-23.44923776834442],[-51.95926010167825,-23.44916001061391],[-51.9592636097033,-23.448912676783294],[-51.959233055382214,-23.44861904354212],[-51.95917140010509,-23.447921977583736],[-51.959172071540394,-23.447770657516966],[-51.95921521070042,-23.447125029827703],[-51.959233679826845,-23.44698896298572],[-51.95938937591208,-23.44627349925688],[-51.955000009074375,-23.445771284975528],[-51.95493373651518,-23.44609452384913],[-51.95484701596043,-23.446529639814948],[-51.95469061414123,-23.44731436730199],[-51.954418993511595,-23.448677174409102],[-51.95435938046945,-23.44903369969867],[-51.95437747532898,-23.44903666264398],[-51.95445030509013,-23.449056279228984],[-51.95451833547836,-23.44908726580277],[-51.95457950098268,-23.449128680316925],[-51.9546319423357,-23.449179265147947],[-51.95467406649278,-23.44923748376054],[-51.95470459297218,-23.449301566486255],[-51.954722594387846,-23.449369565369775],[-51.95472752430909,-23.449439416318665],[-51.95471923234952,-23.44950899500914],[-51.954697970563004,-23.44957618910325],[-51.95466438504547,-23.44963895520242],[-51.954619496852445,-23.44969538760875],[-51.954564668115324,-23.449743770919245],[-51.95450156719723,-23.449782635336053],[-51.954432109283665,-23.44981079948193],[-51.954358405743655,-23.449827407742895],[-51.95428269676367,-23.44983195597117],[-51.95420728095979,-23.44982430546447],[-51.95420307734169,-23.449845436404885],[-51.95449040116933,-23.449862202095783],[-51.95452603795544,-23.449865532803496],[-51.955176183684124,-23.44992628542031],[-51.95657091647964,-23.45008038283761],[-51.95777663088559,-23.450212080528736]]]}},{"type":"Feature","properties":{"NOME":"Jardim Imperador","ZONA":48,"COD_BAIRRO_GEO":2812,"LT_NOMEFANT":" "},"geometry":{"type":"Polygon","coordinates":[[[-51.959959525323875,-23.37724140767832],[-51.95938488491849,-23.377250668836894],[-51.95889177140478,-23.37724322985614],[-51.958792417042616,-23.377963767440956],[-51.95915151272775,-23.377960314787178],[-51.960325596878626,-23.377954528485407],[-51.96130898109533,-23.37794583929481],[-51.96267660350841,-23.377935782906786],[-51.96394764753873,-23.377930819552084],[-51.96488693867964,-23.37792932983381],[-51.96566361911748,-23.377924536517497],[-51.966672541016024,-23.377918304154054],[-51.96807287823994,-23.377908260316648],[-51.96905603041962,-23.37789786104431],[-51.96980336491452,-23.377897000802054],[-51.97038787767502,-23.37788748288778],[-51.97040313650755,-23.377841813043656],[-51.97032156386953,-23.377669159831882],[-51.97028540160011,-23.377609162506786],[-51.97023769954955,-23.37745747041002],[-51.97023843913641,-23.377345625586653],[-51.970191217322125,-23.377259887551816],[-51.970142410584515,-23.37716985733133],[-51.97011086683972,-23.37710409591276],[-51.97010723869602,-23.377032425951953],[-51.97010706596607,-23.377031278137434],[-51.969562112339354,-23.377041541415277],[-51.968664380183185,-23.377048537077766],[-51.96714070215773,-23.377057965850668],[-51.96603048966574,-23.377076279421885],[-51.96523057518421,-23.37707696548117],[-51.96433823541688,-23.37708674093538],[-51.96319389085979,-23.377086606103187],[-51.96261008860062,-23.377091649762463],[-51.96176959750974,-23.377098373691993],[-51.961069118299356,-23.377104112740714],[-51.95998460742336,-23.377106647757408],[-51.959959525323875,-23.37724140767832]]]}},{"type":"Feature","properties":{"NOME":"Jardim Imperial","ZONA":29,"COD_BAIRRO_GEO":20,"LT_NOMEFANT":" "},"geometry":{"type":"Polygon","coordinates":[[[-51.939245453742494,-23.392104039763822],[-51.93917214958809,-23.392129655489963],[-51.93728703045626,-23.39277758911473],[-51.93722918471254,-23.39279695403986],[-51.9364181617909,-23.39307424767509],[-51.93566912893728,-23.393331091276263],[-51.93500908573649,-23.393556265249973],[-51.93433945014368,-23.393785452619095],[-51.93376291871689,-23.393979122969647],[-51.933162040238635,-23.394191829158224],[-51.932589307551545,-23.394390477308715],[-51.93199933596053,-23.394588044771194],[-51.93161112051984,-23.394714440990665],[-51.93180623870043,-23.39520493973457],[-51.93193576277279,-23.39554176752655],[-51.93198424127457,-23.395663989039907],[-51.93219836922352,-23.396203835783062],[-51.932318210395,-23.396525014873664],[-51.93258804366134,-23.39720467268795],[-51.93275733920285,-23.397647057881635],[-51.932919808996054,-23.398051272101256],[-51.93312275578106,-23.39856320682643],[-51.9333210713318,-23.39906953099317],[-51.933399491632,-23.399270750896566],[-51.93361815709902,-23.39980382012459],[-51.933625867819025,-23.399798003417217],[-51.9342877242751,-23.3992257268361],[-51.934430151300454,-23.399191277574065],[-51.93449266480868,-23.39918231424237],[-51.93465685162471,-23.39915703870484],[-51.93475608988861,-23.399116432767567],[-51.93483675813137,-23.399051280039636],[-51.93497346331163,-23.399022733610302],[-51.93507805794559,-23.39893666366621],[-51.935164576643395,-23.398840676107962],[-51.93524266998673,-23.3987572936203],[-51.93533305586119,-23.398640689508408],[-51.935435601489836,-23.39854162528591],[-51.935618244189975,-23.39844109525365],[-51.9357034996506,-23.398414296798276],[-51.93580425500186,-23.39838262748634],[-51.9358755976021,-23.398389640125195],[-51.93595927493301,-23.3983353372179],[-51.936008239417085,-23.398228938716684],[-51.936064688100046,-23.398155952304748],[-51.936195689594584,-23.39808060634318],[-51.93628885594294,-23.398074312871366],[-51.93641754365012,-23.397964568966263],[-51.93654866479226,-23.397906429165868],[-51.936767183005436,-23.397905119704546],[-51.936863099632845,-23.39784814622956],[-51.93698026087029,-23.397719352593125],[-51.9371796386536,-23.397647420148413],[-51.937365635139045,-23.397587039444865],[-51.93752971408425,-23.39750289089752],[-51.93765670555094,-23.397446687065795],[-51.9378553309695,-23.397414906227645],[-51.9380469873991,-23.397276106099255],[-51.93820852349001,-23.397125059191648],[-51.93832000691609,-23.397072771228853],[-51.938515362063264,-23.397018067523412],[-51.93865811699841,-23.39699426865722],[-51.93887768235791,-23.396994862103142],[-51.93929273723739,-23.396959868128945],[-51.93942613764664,-23.39693134496219],[-51.939541688365445,-23.396868516464625],[-51.93975591972481,-23.396879577396955],[-51.939892111944,-23.396820014313036],[-51.94032873970094,-23.39656745324907],[-51.94049838538927,-23.39653871113752],[-51.940883745702415,-23.396405433053445],[-51.94117849844673,-23.396347260937315],[-51.94138964222415,-23.396328783232264],[-51.9415108158834,-23.3963290090276],[-51.94154153287989,-23.39627911646676],[-51.941642978207994,-23.39612556125754],[-51.94169881342828,-23.396112797558533],[-51.941864193401706,-23.396066874338675],[-51.9420140433298,-23.395989552135696],[-51.94208308562201,-23.39595553644537],[-51.94216081809291,-23.395946487405478],[-51.94220956871798,-23.39594899353074],[-51.9422512663338,-23.395936639106743],[-51.942287565556626,-23.395894330473514],[-51.94231744592685,-23.395829841436086],[-51.942374501358685,-23.395802852636002],[-51.94243805277042,-23.39578115362017],[-51.94246966901576,-23.39574086025329],[-51.942521925701406,-23.39572717759476],[-51.94258073335907,-23.395726552035363],[-51.94265887688421,-23.395720300239834],[-51.9427039615108,-23.3957025963039],[-51.942739966910906,-23.3956879277213],[-51.94281909546599,-23.39562412607772],[-51.942905017260145,-23.395472574919488],[-51.943027363838254,-23.395299708490843],[-51.943073245173586,-23.395311625098213],[-51.943135176267084,-23.3953375350119],[-51.94321354909666,-23.395308430223096],[-51.94328935664151,-23.39529017945523],[-51.943366988849,-23.395280859467523],[-51.94344511099048,-23.39528544599461],[-51.94352126269944,-23.39530196681271],[-51.94359808339497,-23.395316225517664],[-51.94367384672431,-23.395291742648705],[-51.94371883299273,-23.395232581456714],[-51.943759495153145,-23.39517082703548],[-51.94378897123797,-23.395140133056746],[-51.943823189711786,-23.395114172188226],[-51.94385283347424,-23.39508863905861],[-51.94386388430633,-23.395084481673738],[-51.94382687516964,-23.394979021762442],[-51.9437790367663,-23.394804858242725],[-51.94376778353864,-23.39467826925505],[-51.94376864537986,-23.394434508011454],[-51.943789797077805,-23.394324469887497],[-51.94365513404585,-23.394126914244307],[-51.94360156837251,-23.393963474760262],[-51.943589048852296,-23.393942915477737],[-51.943515920872116,-23.39378663640133],[-51.94344172760232,-23.393767554862343],[-51.94325745555611,-23.393143702459458],[-51.94333939249396,-23.392762370968],[-51.943385804425446,-23.3922490402488],[-51.943432269889826,-23.392046824395734],[-51.94456111356009,-23.392048372818653],[-51.94524935328642,-23.392067279351142],[-51.94545982457088,-23.391909765810475],[-51.94563848939986,-23.391742678827654],[-51.9458459087542,-23.391155520284308],[-51.94650350127614,-23.389901613004504],[-51.94649118734995,-23.389657560276135],[-51.94414434837988,-23.389642291460174],[-51.94375641843494,-23.38964113452651],[-51.943489018082666,-23.389623084486903],[-51.941935175460074,-23.389691615023395],[-51.93932231329406,-23.38980418835057],[-51.93913710865497,-23.38981588933958],[-51.93864694867951,-23.389832446108922],[-51.93636886049806,-23.389934016334966],[-51.93529598362531,-23.389981838920846],[-51.93018544160878,-23.39020953804178],[-51.9301246720346,-23.390177477672403],[-51.930175387234534,-23.390045171562637],[-51.93018135516676,-23.389974947897947],[-51.930174020745014,-23.389904834083737],[-51.93015360729837,-23.389836961286445],[-51.93012073593748,-23.38977339236807],[-51.93007640454943,-23.389716056980358],[-51.930021960026195,-23.389666698441243],[-51.92995905774197,-23.389626816171344],[-51.929827564314316,-23.389581984824783],[-51.929751678465514,-23.38957454830669],[-51.92967554559456,-23.389579387050095],[-51.92960148084598,-23.38959635632342],[-51.92953173218368,-23.389624938769682],[-51.929468420857305,-23.389664266436952],[-51.9294134701322,-23.389713143781393],[-51.929368549787704,-23.389770086834346],[-51.92933502356871,-23.38983336506114],[-51.9293139113953,-23.389901054874496],[-51.92930585456364,-23.389971101258887],[-51.92931109754261,-23.39004137387776],[-51.92932948064688,-23.39010973937418],[-51.92936044630802,-23.390174119139896],[-51.92940305324952,-23.3902325578763],[-51.929456006230176,-23.39028327941831],[-51.92951769753671,-23.390324743391815],[-51.9295665783739,-23.390348183921777],[-51.92963880029385,-23.390370938299718],[-51.929714206359876,-23.390381772006258],[-51.929763085689146,-23.390386343356646],[-51.92976956465276,-23.390385515414454],[-51.92988490071756,-23.390686355218378],[-51.92989883231809,-23.390681055370212],[-51.93002145383554,-23.39063777991717],[-51.93004515242885,-23.390702027535482],[-51.93032065237761,-23.391412492509073],[-51.93055771026265,-23.392013568484927],[-51.9307094010972,-23.392403244771785],[-51.93093769644172,-23.393000632852434],[-51.93095963567862,-23.393058043476394],[-51.93144448751861,-23.394307150900687],[-51.93147046034974,-23.39437400492079],[-51.93159891354622,-23.394683754679555],[-51.932269928745946,-23.39445346055736],[-51.93325734428568,-23.394111817784285],[-51.934044720705764,-23.39383951194302],[-51.93514526155923,-23.393465673693555],[-51.936017291724234,-23.39316847115998],[-51.936915826449436,-23.392860645762852],[-51.93781756495913,-23.392554265610386],[-51.93832895213863,-23.3923767444603],[-51.93922581782434,-23.39206115666451],[-51.939245453742494,-23.392104039763822]],[[-51.94252642493384,-23.393923449679658],[-51.94252642140575,-23.39392344985177],[-51.94344172760232,-23.393767554862343],[-51.94252642493384,-23.393923449679658]],[[-51.94233767293703,-23.393751120580248],[-51.94213908451413,-23.39333553603753],[-51.94242244508754,-23.393928522188535],[-51.94233767293703,-23.393751120580248]],[[-51.93719937143905,-23.392121815054388],[-51.93727960366442,-23.392324746516117],[-51.93723116511437,-23.39233997250029],[-51.937153105034085,-23.3921376954684],[-51.93691028406001,-23.392221039182207],[-51.93594261057604,-23.392563432628222],[-51.93602091019803,-23.39276979952915],[-51.93560253326022,-23.392919991606686],[-51.935094246397796,-23.39265490111925],[-51.93524035536206,-23.392423261565217],[-51.934090398319086,-23.391818940665047],[-51.93317051116851,-23.39133127123367],[-51.932932289606164,-23.391195625228146],[-51.932936992273994,-23.391171567973657],[-51.93296704754505,-23.391005239997295],[-51.933007821603574,-23.390764586424336],[-51.9330424835105,-23.39053830788909],[-51.93307340076813,-23.390368927286843],[-51.9332551070836,-23.390362586024132],[-51.93424719621563,-23.39030702910536],[-51.93520620853639,-23.39025949285304],[-51.93629826668633,-23.390211360862082],[-51.93684760815471,-23.390182141441993],[-51.93685516324265,-23.390200902948312],[-51.93703506090713,-23.39064764959827],[-51.93757355637447,-23.391993381284742],[-51.93719937143905,-23.392121815054388]]]}},{"type":"Feature","properties":{"NOME":"Jardim Império do Sol","ZONA":32,"COD_BAIRRO_GEO":47,"LT_NOMEFANT":"Lt. 122 (Gleba Ribeirão Maringá) "},"geometry":{"type":"Polygon","coordinates":[[[-51.957972791201506,-23.380187885644954],[-51.94854428811639,-23.38024535202852],[-51.94853670873735,-23.380319824778034],[-51.94847446012234,-23.38039348380552],[-51.94839228142621,-23.380457681452864],[-51.94835562752259,-23.38055792763546],[-51.94839591691048,-23.380620405328422],[-51.94847367773503,-23.380702177866485],[-51.94846910406554,-23.380772380042217],[-51.948429082181654,-23.38089130980962],[-51.94837305122744,-23.38095903670817],[-51.94832630489681,-23.381047121768344],[-51.94830177835217,-23.381140287251228],[-51.94828934142834,-23.381225444674765],[-51.948218749632105,-23.381325882153902],[-51.94808617614144,-23.381440377278487],[-51.94802771334519,-23.381540294053433],[-51.94799410878143,-23.381625686350766],[-51.94795528804257,-23.38174465026916],[-51.94791137529811,-23.38187035503117],[-51.94789492984929,-23.381912123661277],[-51.94782239742906,-23.382063368677205],[-51.94777122768039,-23.3821902482099],[-51.94768373182051,-23.382258201691336],[-51.94766578126196,-23.38230188159146],[-51.94766697439247,-23.382361509173492],[-51.94763314815123,-23.38241413768936],[-51.948177567105986,-23.382407165297778],[-51.94856822202586,-23.382406229634455],[-51.94920972338781,-23.3824030543846],[-51.94975881538762,-23.38240187115429],[-51.950514810092535,-23.3823987936087],[-51.95142678260034,-23.382397486729506],[-51.95184333481358,-23.382395650108197],[-51.95263006456701,-23.38239157682057],[-51.95367777765501,-23.382390926506],[-51.954560032780115,-23.382386260036036],[-51.955373661041236,-23.382381362054833],[-51.95624922889232,-23.38238024221719],[-51.956980958924504,-23.382377939317852],[-51.95731244255417,-23.382375170755466],[-51.95776782757052,-23.382368154503137],[-51.95793432358983,-23.381472619751882],[-51.95817302600157,-23.38027024876211],[-51.95818943388654,-23.380183452341008],[-51.957972791201506,-23.380187885644954]]]}},{"type":"Feature","properties":{"NOME":"Jardim Indaiá","ZONA":43,"COD_BAIRRO_GEO":161,"LT_NOMEFANT":" "},"geometry":{"type":"Polygon","coordinates":[[[-51.96623015600494,-23.409560250114435],[-51.966526740867224,-23.40957394913012],[-51.966973425703586,-23.409582895429253],[-51.96741787436129,-23.409604639218085],[-51.967942443186566,-23.409614200599467],[-51.96824533300165,-23.40961971937257],[-51.9685204247725,-23.40962335868517],[-51.96819014891223,-23.408704836153454],[-51.96779333327479,-23.407557787514392],[-51.96776780055505,-23.407524453754366],[-51.96715623338698,-23.40751105582406],[-51.966290068409414,-23.40749058371506],[-51.96573998811083,-23.407476778306936],[-51.96573878532608,-23.407502131606524],[-51.96575578600522,-23.40754441596247],[-51.96575647280465,-23.407598604288626],[-51.9657383615805,-23.407705656232157],[-51.965727983523806,-23.407759009734317],[-51.96570399338324,-23.407865104476944],[-51.965691858618804,-23.40802703461329],[-51.96572012177078,-23.40813217416005],[-51.965736116440986,-23.408178500270278],[-51.96573047895514,-23.408237785653135],[-51.96571127694835,-23.408288935665222],[-51.96565088179355,-23.40838170725046],[-51.965619604104035,-23.40842760294457],[-51.9655812631022,-23.408508528099716],[-51.96557256583906,-23.408526885385125],[-51.965514470171186,-23.408680338384706],[-51.96548675508225,-23.408785644123167],[-51.965471475901516,-23.40883794403946],[-51.96542737980076,-23.408938111467698],[-51.96539855763043,-23.40898525644102],[-51.96539428776457,-23.408997134736822],[-51.96534310975208,-23.409139505907657],[-51.96532469234018,-23.40919092198937],[-51.9652715671507,-23.409287622641855],[-51.965220699268606,-23.409385212541974],[-51.96519423479857,-23.40943360740788],[-51.965180820644186,-23.40945444783043],[-51.96516612437712,-23.409479329001798],[-51.96520110877794,-23.409483375136837],[-51.965547340904855,-23.409499594557705],[-51.965954817616186,-23.4095423104848],[-51.966018538211316,-23.4095489904682],[-51.96623015600494,-23.409560250114435]]]}},{"type":"Feature","properties":{"NOME":"Jardim Industrial","ZONA":47,"COD_BAIRRO_GEO":311,"LT_NOMEFANT":" "},"geometry":{"type":"Polygon","coordinates":[[[-51.97851741781632,-23.444575340371532],[-51.97884025168473,-23.4444779169086],[-51.97706275619053,-23.441892561063792],[-51.97675356824554,-23.441986802779102],[-51.9756360328886,-23.442325889550137],[-51.97508753547163,-23.442491673526508],[-51.973811302958325,-23.44287149786379],[-51.97262721884313,-23.443228723916942],[-51.9715308818575,-23.443559268857996],[-51.971840668532245,-23.445336431269887],[-51.97232560692567,-23.44519278362769],[-51.973219740777054,-23.44492418019408],[-51.973817152563065,-23.444743663190962],[-51.97448721771353,-23.444542902919334],[-51.975049390609946,-23.444373724262583],[-51.97563726515297,-23.444195161239488],[-51.97619267463587,-23.444025723661262],[-51.97644013920633,-23.443953080854275],[-51.97648717288509,-23.444082084674534],[-51.976603328408366,-23.44440647677868],[-51.97668838899355,-23.44463858889463],[-51.97680637924362,-23.444975386555168],[-51.97683967485469,-23.445067568624246],[-51.97781220555064,-23.44478854660218],[-51.97787418352009,-23.444770764388657],[-51.97851741781632,-23.444575340371532]]]}},{"type":"Feature","properties":{"NOME":"Jardim Inglaterra","ZONA":47,"COD_BAIRRO_GEO":3552,"LT_NOMEFANT":" "},"geometry":{"type":"Polygon","coordinates":[[[-51.97106572248852,-23.459742308208103],[-51.97090855322115,-23.459794161234612],[-51.97079950382636,-23.45982557412198],[-51.97079352350076,-23.45999060660561],[-51.970762643305235,-23.460065403328407],[-51.9707304051452,-23.460083160407038],[-51.97064328474161,-23.4601170867204],[-51.97062919629236,-23.46013180626982],[-51.97066906183868,-23.460187918052],[-51.97068338630326,-23.46027965843552],[-51.97063630919241,-23.46034139535782],[-51.97051498696506,-23.460442844701184],[-51.97047300095061,-23.460514923183784],[-51.97042460214627,-23.460604009117283],[-51.97042593728391,-23.460740315774583],[-51.97049567212646,-23.460918099159265],[-51.97038574184035,-23.46110103492697],[-51.9703173094836,-23.4611629253837],[-51.97023654524332,-23.461244677172846],[-51.97002179694886,-23.46149186908355],[-51.96999295964986,-23.461586681475875],[-51.969993983764745,-23.461675519540716],[-51.96997773032442,-23.461751327965263],[-51.970000243176074,-23.461840235617156],[-51.97003743965197,-23.461993555065213],[-51.970087064349954,-23.46203072212183],[-51.97011300300077,-23.462030802855992],[-51.97014493733138,-23.462024313430017],[-51.9707837173378,-23.461781010288902],[-51.9737407747942,-23.460642881332287],[-51.975200729391915,-23.460080300295544],[-51.97598651418181,-23.459780016224084],[-51.976072278877545,-23.45876145554072],[-51.97611804932289,-23.4581096029083],[-51.97446556302784,-23.458636023903566],[-51.973232774355736,-23.459027334398307],[-51.97223765215493,-23.459355658773145],[-51.97106572248852,-23.459742308208103]]]}},{"type":"Feature","properties":{"NOME":"Jardim Internorte","ZONA":26,"COD_BAIRRO_GEO":308,"LT_NOMEFANT":" "},"geometry":{"type":"Polygon","coordinates":[[[-51.902236219540114,-23.425591291778826],[-51.9021342307953,-23.42541238792612],[-51.90206697848786,-23.425289280208595],[-51.90184845692758,-23.424889264740447],[-51.9017554872689,-23.424719079673398],[-51.901225110408774,-23.423748183894535],[-51.90108140975319,-23.423856322726323],[-51.9007554542197,-23.424042963759543],[-51.899703693750425,-23.424680669339967],[-51.89831117644168,-23.42550280052318],[-51.89600835069183,-23.4268737128797],[-51.89416945630567,-23.42796758419956],[-51.892830495283775,-23.42875602242819],[-51.89008827688636,-23.43039906944824],[-51.8941553921292,-23.4291223065727],[-51.894777117376975,-23.42892506774866],[-51.895399993729654,-23.428724770619613],[-51.89596013402722,-23.428546184036634],[-51.89729501502141,-23.428120583261997],[-51.8974281570051,-23.42807799276307],[-51.89829382731182,-23.427801076762847],[-51.89880568073555,-23.42765943853896],[-51.89944028415471,-23.427454451640745],[-51.90036218789728,-23.427156654028437],[-51.90126931987092,-23.426865175754994],[-51.90267369398191,-23.426401764313276],[-51.90273359895227,-23.426392570099395],[-51.902709006571826,-23.42635264006525],[-51.902236219540114,-23.425591291778826]]]}},{"type":"Feature","properties":{"NOME":"Jardim Ipanema","ZONA":25,"COD_BAIRRO_GEO":301,"LT_NOMEFANT":" "},"geometry":{"type":"Polygon","coordinates":[[[-51.92843252352523,-23.453920402489526],[-51.92841461625937,-23.45391307110652],[-51.92760406468857,-23.454317722138086],[-51.92525715256354,-23.45547489603943],[-51.92338048618213,-23.456406691642105],[-51.92326021061033,-23.456489637286463],[-51.91790614714691,-23.459102574035025],[-51.917899534021544,-23.459177104475152],[-51.91787442982674,-23.459264964035256],[-51.9178441347074,-23.45934574224076],[-51.917814166321534,-23.459473929934603],[-51.91779692308693,-23.459583078005938],[-51.917830952686636,-23.459670588723338],[-51.91789208916701,-23.45975512100489],[-51.91822225899798,-23.46021164380275],[-51.92394952213497,-23.457376589843115],[-51.92427172834411,-23.45792864689388],[-51.92556858038766,-23.45728765430739],[-51.92677364550696,-23.456692013831614],[-51.92991562356304,-23.455132775825778],[-51.93018380931869,-23.455004696000017],[-51.93045641368181,-23.454874504762625],[-51.93075310704889,-23.45470270295974],[-51.930812207737894,-23.454651443620282],[-51.93066392130523,-23.45458659528746],[-51.93061315376353,-23.454564633974172],[-51.9305090641551,-23.45451982332152],[-51.93035922374881,-23.454472079928564],[-51.9302269028832,-23.454448255529165],[-51.93013217234936,-23.454425607798647],[-51.93004089463924,-23.454392733146587],[-51.92994721699897,-23.454366646824752],[-51.929797319245914,-23.454309263255194],[-51.929582788863705,-23.45423469177232],[-51.92939361316376,-23.45418812926057],[-51.92910175838632,-23.45415816483826],[-51.9288694111608,-23.454090088672046],[-51.928730791511605,-23.454042956095492],[-51.92868974285684,-23.45402236878034],[-51.92859897695745,-23.453982236532635],[-51.92846266127186,-23.45393372795689],[-51.92843252352523,-23.453920402489526]]]}},{"type":"Feature","properties":{"NOME":"Jardim Ipanema (cj. Hab. Cidade Alta)","ZONA":25,"COD_BAIRRO_GEO":1901,"LT_NOMEFANT":" "},"geometry":{"type":"Polygon","coordinates":[[[-51.91768503015863,-23.46158157287876],[-51.91628991305527,-23.46321284583665],[-51.91833780572072,-23.466055997122368],[-51.92119184365487,-23.464308713539136],[-51.91860747763345,-23.46074148864401],[-51.919156835902534,-23.46045661387421],[-51.92427172834411,-23.45792864689388],[-51.92394952213497,-23.457376589843115],[-51.91822225899798,-23.46021164380275],[-51.91833205516004,-23.460363457842096],[-51.91851076106545,-23.460609922784077],[-51.91768503015863,-23.46158157287876]]]}},{"type":"Feature","properties":{"NOME":"Jardim Ipiranga","ZONA":7,"COD_BAIRRO_GEO":213,"LT_NOMEFANT":" "},"geometry":{"type":"Polygon","coordinates":[[[-51.949675619802086,-23.415834015115916],[-51.94969203166288,-23.415376039482354],[-51.94970062689383,-23.414984067467845],[-51.9497174966493,-23.414579419136135],[-51.949727402522036,-23.414358725081986],[-51.94905040826936,-23.414139919406953],[-51.94765934194613,-23.413690313450864],[-51.947600348830186,-23.413673284457627],[-51.947570118213946,-23.413664558537143],[-51.94736290825342,-23.414239355821568],[-51.947171690940536,-23.414732804721282],[-51.94696940910543,-23.415298059890333],[-51.947084787182334,-23.415329335951494],[-51.946959949155314,-23.415689989324406],[-51.946838477724846,-23.41564914625898],[-51.946699132521466,-23.41604491934613],[-51.946648307434366,-23.416181886944788],[-51.94660166343982,-23.416307588717675],[-51.946570250814275,-23.416392242937476],[-51.94655808659442,-23.416425025566127],[-51.94651153846096,-23.416550467510092],[-51.946443215143454,-23.416734589380955],[-51.94638240686487,-23.416898291037587],[-51.94612141504447,-23.41758541263224],[-51.94688711512237,-23.417572222274487],[-51.94785753416357,-23.417580080034497],[-51.948522843344016,-23.417563163516242],[-51.94948063760305,-23.417553899736966],[-51.94962382840125,-23.41755056895119],[-51.949630194544184,-23.41740050504061],[-51.94964417466481,-23.417073501796644],[-51.949649456741035,-23.41695735734596],[-51.949653516437394,-23.41655973810052],[-51.949493674519836,-23.416508598963677],[-51.949629509163,-23.41615810668767],[-51.94966316403678,-23.416075106503353],[-51.949675619802086,-23.415834015115916]]]}},{"type":"Feature","properties":{"NOME":"Jardim Itapuã","ZONA":17,"COD_BAIRRO_GEO":251,"LT_NOMEFANT":" "},"geometry":{"type":"Polygon","coordinates":[[[-51.93529879786783,-23.44780820435408],[-51.93514118989459,-23.447790809211167],[-51.93293729982135,-23.447547555405663],[-51.93293578913056,-23.44755770749574],[-51.932920799435465,-23.447614447400547],[-51.93289535898636,-23.44766792415709],[-51.93286023951846,-23.44771651188369],[-51.93281650947558,-23.447758735566385],[-51.932765496112516,-23.44779331102766],[-51.93270875154404,-23.44781918938776],[-51.93264799711733,-23.447835581784794],[-51.93258508154579,-23.447841992141438],[-51.932521914398045,-23.44783822569184],[-51.93251385353928,-23.447918531380758],[-51.93237119230487,-23.44955383333875],[-51.932578685747764,-23.449605849424252],[-51.93294587206661,-23.449702927317635],[-51.933102218390296,-23.449741385104417],[-51.933727309735104,-23.44990619765159],[-51.933873589994825,-23.44994455230787],[-51.9341844672816,-23.450025153669266],[-51.93450480437395,-23.450108207768736],[-51.934648848054785,-23.450143911512722],[-51.93499675356455,-23.450227936595013],[-51.935027117636245,-23.44996764002715],[-51.93507743342914,-23.449480595776144],[-51.93539302492246,-23.449513784082587],[-51.9356225364729,-23.447843933882524],[-51.93529879786783,-23.44780820435408]]]}},{"type":"Feature","properties":{"NOME":"Jardim Itália","ZONA":20,"COD_BAIRRO_GEO":280,"LT_NOMEFANT":" "},"geometry":{"type":"MultiPolygon","coordinates":[[[[-51.93514439384114,-23.45342586960985],[-51.93496497925873,-23.453533398975157],[-51.93480782932806,-23.45365408186388],[-51.93475989272216,-23.45380833474578],[-51.934535768392095,-23.453873443987288],[-51.93445626440606,-23.454027408064213],[-51.93441962131095,-23.454174185982655],[-51.93425509271048,-23.454390797294916],[-51.9341478850988,-23.454527072458237],[-51.93411973033199,-23.45458517110921],[-51.934941574171255,-23.45459617643884],[-51.936247463880576,-23.45461540371318],[-51.93761873269739,-23.454645740355478],[-51.93879993395449,-23.45467263939957],[-51.94047843486597,-23.454713788325677],[-51.94164286468967,-23.454739357900024],[-51.94278308131836,-23.454771458899323],[-51.94261643790411,-23.455554264894907],[-51.94411372283111,-23.455566719294534],[-51.94425961761043,-23.45480848374078],[-51.94428983297578,-23.454808943045464],[-51.944876127359876,-23.454825391311594],[-51.945713377699924,-23.4548411039604],[-51.94649319526628,-23.454860870018763],[-51.94710005963099,-23.45487331758381],[-51.947741277623976,-23.454890333875305],[-51.94859492456078,-23.454910835845745],[-51.949093644659584,-23.454923336117243],[-51.949383800045666,-23.454929337411432],[-51.94938567736794,-23.454911478613962],[-51.94942635325667,-23.454707206523043],[-51.94945502101121,-23.454563240577897],[-51.94949878991235,-23.454343435251946],[-51.9495207239265,-23.454233282996704],[-51.94954265790763,-23.454123130738026],[-51.94955412433989,-23.454065544716002],[-51.94956517114185,-23.454013076109483],[-51.9495883185267,-23.453903129615224],[-51.94962980442236,-23.453708435561055],[-51.94970390475929,-23.45335430211278],[-51.94891460453729,-23.453302996393226],[-51.947718975266056,-23.45322940200639],[-51.94638082108765,-23.453141615538986],[-51.946223116557,-23.45313163960283],[-51.94615108702997,-23.4531270825787],[-51.94588612572497,-23.453110321473858],[-51.94464693737685,-23.453036099528912],[-51.94388663260725,-23.45299051594699],[-51.942688790049985,-23.452912881476024],[-51.941748101459574,-23.452855579620195],[-51.940715452027625,-23.452785844725497],[-51.93952509451162,-23.452710237981034],[-51.93822308101846,-23.452620872924275],[-51.938007102834,-23.452616822688807],[-51.93731770480964,-23.452581322928587],[-51.93686054065431,-23.452559361322027],[-51.93678450317161,-23.452555709166344],[-51.936568933876984,-23.452545352786295],[-51.93560947797557,-23.452489261753175],[-51.93552260414829,-23.45259526854589],[-51.93545386097428,-23.452788124027535],[-51.93539509291905,-23.45293627220666],[-51.93530291640551,-23.4530955187678],[-51.93514439384114,-23.45342586960985]]],[[[-51.94814236584153,-23.45112304579396],[-51.94817683136471,-23.45095432578132],[-51.94796552911451,-23.450926334880744],[-51.94794893387828,-23.451107442169448],[-51.947903451295836,-23.45110342463062],[-51.94767224186824,-23.45107687747143],[-51.94696878894413,-23.451004907591546],[-51.94683362818057,-23.450993053097523],[-51.94654903060904,-23.450978453407902],[-51.94648419964859,-23.45097512816733],[-51.94595817697422,-23.45092385910643],[-51.94518468726509,-23.45085348349477],[-51.94447044612378,-23.450790442554517],[-51.94381107673675,-23.450731343127863],[-51.94367836173223,-23.45071780738063],[-51.94366438225081,-23.450798729099912],[-51.94353365334057,-23.451450216451178],[-51.94334685904711,-23.452382363359856],[-51.943239124585716,-23.452916793759822],[-51.94336550409546,-23.452924173019664],[-51.94394625057823,-23.452960808225974],[-51.9444127644037,-23.452988874863337],[-51.944881979135246,-23.453016488397115],[-51.945604447217875,-23.453059739449742],[-51.94615641359775,-23.453093673131168],[-51.94659257520134,-23.45312472264473],[-51.9470310269517,-23.453150022566195],[-51.94772609402984,-23.453195314159377],[-51.94810101252231,-23.45321870552633],[-51.94858521896602,-23.453253602304407],[-51.9497133573063,-23.453321908851446],[-51.949870911440804,-23.45333106204875],[-51.951247519584584,-23.45341470925701],[-51.952321437158496,-23.453480644908183],[-51.9526828757009,-23.453502059022252],[-51.95328622141923,-23.453537742755117],[-51.95334732395912,-23.453243120046864],[-51.95334889851359,-23.453235529812567],[-51.95342550081031,-23.45284581398839],[-51.95343412100153,-23.452803022476306],[-51.953439663871414,-23.45278022689376],[-51.95366659408329,-23.45162079624921],[-51.953002044549024,-23.451559623347062],[-51.952676735295356,-23.45153093067811],[-51.952572439154274,-23.451519384982078],[-51.95204146224195,-23.451468982400705],[-51.95164608146222,-23.45142027190886],[-51.951381073802025,-23.451394705947244],[-51.95135386386824,-23.451392080941886],[-51.950265025570324,-23.45129348504317],[-51.949824970110456,-23.451258454602034],[-51.948956297710396,-23.451178056358973],[-51.94814236584153,-23.45112304579396]]]]}},{"type":"Feature","properties":{"NOME":"Jardim Ivemar","ZONA":41,"COD_BAIRRO_GEO":157,"LT_NOMEFANT":" "},"geometry":{"type":"Polygon","coordinates":[[[-51.97612229828253,-23.431056902357707],[-51.97590183411496,-23.43137455217011],[-51.97555938377804,-23.431848316100865],[-51.97541326414741,-23.4320528340209],[-51.97526934932887,-23.432240132886793],[-51.97528344280419,-23.432304874195463],[-51.97532135031708,-23.432499023363597],[-51.97547654414917,-23.433156715068495],[-51.97546808508798,-23.433210747055774],[-51.976368049796854,-23.433750185619605],[-51.97646265083778,-23.433718967202534],[-51.976522614796885,-23.43375334565432],[-51.976624368748006,-23.433611221262183],[-51.976945964777556,-23.433163484965856],[-51.97717050338122,-23.432856390179953],[-51.977771396953536,-23.43201418067064],[-51.977631984708395,-23.431929215824805],[-51.977046120266316,-23.43158634971699],[-51.97681020903306,-23.43146138256757],[-51.9767074203911,-23.431373971263],[-51.97644383846343,-23.43122981462701],[-51.97615020510914,-23.431071908957673],[-51.97612229828253,-23.431056902357707]]]}},{"type":"Feature","properties":{"NOME":"Jardim Kakogawa","ZONA":31,"COD_BAIRRO_GEO":41,"LT_NOMEFANT":" "},"geometry":{"type":"Polygon","coordinates":[[[-51.932912216284926,-23.37372075788541],[-51.93209470003527,-23.37339299087754],[-51.93203629854975,-23.37345690472381],[-51.93206362111107,-23.373488042095925],[-51.93294606135896,-23.374455416974026],[-51.93337222636473,-23.374915050972405],[-51.93369898064755,-23.37526627848033],[-51.933813737061655,-23.375390199717735],[-51.93406675139563,-23.37566444356734],[-51.934289965874974,-23.375905047555744],[-51.9344413892976,-23.376069768050588],[-51.93474463985445,-23.376400946650513],[-51.93499319205569,-23.376671780592023],[-51.93579638342184,-23.374877063828055],[-51.93461153712074,-23.37440205094446],[-51.932912216284926,-23.37372075788541]]]}},{"type":"Feature","properties":{"NOME":"Jardim Kosmos","ZONA":19,"COD_BAIRRO_GEO":259,"LT_NOMEFANT":" "},"geometry":{"type":"Polygon","coordinates":[[[-51.97868274069565,-23.416117484180056],[-51.97888828098304,-23.415991615284526],[-51.97859314737571,-23.415580743438742],[-51.97837578201176,-23.415272794728445],[-51.97798554347838,-23.415511306633416],[-51.97790028013386,-23.415389847927432],[-51.977870109737864,-23.415346870748696],[-51.977507688900175,-23.4148290329398],[-51.97629653089268,-23.415580078740806],[-51.97654465335792,-23.41592807874394],[-51.97704770291676,-23.41664200866285],[-51.97706538540249,-23.4166666612728],[-51.977142160181295,-23.416773694211678],[-51.97721331449641,-23.41687289263184],[-51.977296028539605,-23.416988205957605],[-51.977373212095316,-23.417095808843797],[-51.97750032385675,-23.417273016453915],[-51.97753804123809,-23.417327409046734],[-51.97760714816298,-23.41742707168021],[-51.97801632930777,-23.417185247365925],[-51.97831224452103,-23.41698825214377],[-51.9785204266793,-23.416863660545147],[-51.9787641738643,-23.41666108611794],[-51.978785977913326,-23.416641689531286],[-51.978937520959285,-23.416506882058865],[-51.978668540864625,-23.416126441724217],[-51.97868274069565,-23.416117484180056]]]}},{"type":"Feature","properties":{"NOME":"Jardim Laudicéia","ZONA":20,"COD_BAIRRO_GEO":274,"LT_NOMEFANT":" "},"geometry":{"type":"Polygon","coordinates":[[[-51.94852927088464,-23.439421028490003],[-51.94867869677115,-23.43999023947997],[-51.94878517939269,-23.440443691397924],[-51.948898808660196,-23.440364006012473],[-51.94903144682563,-23.440313355136517],[-51.949186980485166,-23.44027629640766],[-51.949275888322134,-23.44025827683315],[-51.94928992594855,-23.440260914635868],[-51.94935488268938,-23.44027312024156],[-51.94948328305273,-23.440260572239104],[-51.94965351487947,-23.440229162629905],[-51.94972819269338,-23.44022104635106],[-51.9498077765103,-23.440190439188687],[-51.949921528961255,-23.440167817055926],[-51.950011628580285,-23.44015303775217],[-51.95017492841122,-23.440138582353274],[-51.95037285657506,-23.44011782200116],[-51.9504622765534,-23.440105478918255],[-51.95056156460929,-23.440055071380883],[-51.95076016907411,-23.440006138057214],[-51.950759961563186,-23.440005319207778],[-51.950771654940745,-23.440002513066624],[-51.950629094007816,-23.43942921162029],[-51.950485055692226,-23.438863903331654],[-51.950373066248424,-23.43841452618477],[-51.950346763584264,-23.43830883837139],[-51.950341478464,-23.438287601785245],[-51.950221092572136,-23.437797058551578],[-51.95020185817393,-23.437801108205218],[-51.95014041541376,-23.437814044931557],[-51.95006966673808,-23.43782894043008],[-51.9500253674261,-23.437837546657406],[-51.949116353314544,-23.43801414039812],[-51.948672977801266,-23.43811363880314],[-51.94828027273588,-23.438191503388907],[-51.94822892769919,-23.43820251470885],[-51.94826766138032,-23.438390916471974],[-51.948388650225255,-23.43886906566009],[-51.94852927088464,-23.439421028490003]]]}},{"type":"Feature","properties":{"NOME":"Jardim Licce","ZONA":31,"COD_BAIRRO_GEO":40,"LT_NOMEFANT":" "},"geometry":{"type":"Polygon","coordinates":[[[-51.9222541301792,-23.382104032748966],[-51.922097492056594,-23.381897716139797],[-51.92207116472551,-23.38185450776576],[-51.92158442230291,-23.381671100306296],[-51.92068079762377,-23.381327859009104],[-51.92032213233434,-23.381192597443455],[-51.919842047577994,-23.38188514825317],[-51.91980856687811,-23.381933446189425],[-51.91903897554157,-23.383032198174597],[-51.918942694303894,-23.383164347867773],[-51.91791975410304,-23.38462477127714],[-51.917838322284354,-23.38475181486092],[-51.917588329558384,-23.38510871558499],[-51.91778307514841,-23.385222810101574],[-51.917902713711456,-23.385341912850524],[-51.91797535767002,-23.385414230890756],[-51.91807476822132,-23.38551319481463],[-51.91870405502379,-23.386249785535696],[-51.91815066440864,-23.386624661427387],[-51.91806883993678,-23.386680091087044],[-51.91808321959568,-23.386707281204124],[-51.91822900782628,-23.386884350523097],[-51.91835053009066,-23.38703654120511],[-51.9185024757095,-23.387233034862756],[-51.91857232075934,-23.387316027013757],[-51.91866842842476,-23.387444172162688],[-51.91866846100093,-23.38744421351942],[-51.91924961365204,-23.388183100338797],[-51.9193424661163,-23.387983988721285],[-51.919680326641235,-23.387306563069878],[-51.91996533125697,-23.38674286504681],[-51.92025471985025,-23.386170054332087],[-51.920565612630625,-23.385557186052502],[-51.92082368118641,-23.38504635431948],[-51.92112271849899,-23.38445671696843],[-51.921469634678765,-23.383767772411286],[-51.92176074961923,-23.383190736238458],[-51.92200584253493,-23.38269886093728],[-51.92229256176882,-23.38215465288269],[-51.9222541301792,-23.382104032748966]]]}},{"type":"Feature","properties":{"NOME":"Jardim Los Angeles","ZONA":21,"COD_BAIRRO_GEO":284,"LT_NOMEFANT":" "},"geometry":{"type":"Polygon","coordinates":[[[-51.96550193261189,-23.40862476912365],[-51.964562197406096,-23.40859944488704],[-51.964364050935146,-23.40859134863658],[-51.96390712704788,-23.40857826072836],[-51.96344090398064,-23.4085685535353],[-51.9629256062319,-23.408558744556807],[-51.96239892633268,-23.408549022950265],[-51.9620465202644,-23.408537506790488],[-51.96158035786243,-23.408527512764337],[-51.96100580186753,-23.408514526947197],[-51.96042250864121,-23.408500891827238],[-51.959952355809214,-23.408490010639863],[-51.95932016009983,-23.408478294898423],[-51.958794352855655,-23.408465106402133],[-51.95820868909849,-23.408449241198895],[-51.957793284815416,-23.408446675025413],[-51.95732654105695,-23.408434602593605],[-51.95687126617766,-23.408425920538765],[-51.95630875938472,-23.408412875242924],[-51.95610425873365,-23.408406388001808],[-51.955895757623736,-23.409483576037204],[-51.95624138566654,-23.409490294550015],[-51.957021510002875,-23.40950552610064],[-51.95758868774453,-23.409519257224947],[-51.95795461059245,-23.409524900091213],[-51.958632894088566,-23.409541531025628],[-51.95914876520069,-23.409553490257764],[-51.95950535862925,-23.409554815218378],[-51.96008541318996,-23.409570621375167],[-51.960678553091824,-23.409582018542206],[-51.961276020175504,-23.409594833774346],[-51.96183464760108,-23.409607884913132],[-51.96251489140727,-23.409628663339266],[-51.96322594268115,-23.409640765027994],[-51.96389548910026,-23.40965833466227],[-51.96455323154805,-23.409675723199538],[-51.9649247817077,-23.409681602197235],[-51.96501570482625,-23.40959413294216],[-51.96509982004677,-23.409499218081493],[-51.96521699260413,-23.409321055185412],[-51.965295581015944,-23.409178380136787],[-51.96534745239642,-23.409011375078727],[-51.965374314415776,-23.408966400895572],[-51.96541779967721,-23.408892648002517],[-51.96547914129992,-23.408692724725476],[-51.96549180138895,-23.40865321598613],[-51.96550193261189,-23.40862476912365]]]}},{"type":"Feature","properties":{"NOME":"Jardim Lucianópolis","ZONA":21,"COD_BAIRRO_GEO":285,"LT_NOMEFANT":" "},"geometry":{"type":"Polygon","coordinates":[[[-51.965705781793005,-23.40821597043363],[-51.965703037850304,-23.40818605774058],[-51.96567755166183,-23.40809946740312],[-51.96566231465615,-23.408033604698165],[-51.96566318631501,-23.40793968268557],[-51.96566960014162,-23.407860063968414],[-51.96569458367621,-23.407770294021947],[-51.96571786749776,-23.407660460744882],[-51.9657257052768,-23.407562910836806],[-51.96570824130664,-23.407511400345754],[-51.965707193567205,-23.407468563980032],[-51.96512588375306,-23.40746220489189],[-51.96470836577096,-23.40744662141437],[-51.9643147310416,-23.40743848903519],[-51.96361143557904,-23.407413126583005],[-51.962919317298116,-23.407402213890094],[-51.96223559911275,-23.407384439807505],[-51.96165549845071,-23.40737271695129],[-51.96090858165439,-23.407352458289694],[-51.96027746718097,-23.40734186232022],[-51.95962096936497,-23.407326915374924],[-51.95886844309359,-23.40731234813617],[-51.95839872878793,-23.407300082970373],[-51.95756202881485,-23.40728416958431],[-51.95675570219969,-23.407265102303853],[-51.95632754436745,-23.407252807668954],[-51.95610989038092,-23.40837729543156],[-51.95626111836843,-23.408379805805986],[-51.95684459265333,-23.40839269036385],[-51.95729599455035,-23.40840214589301],[-51.95778469214107,-23.408413489536517],[-51.95792220783652,-23.408416230479613],[-51.95844272814185,-23.408427376964745],[-51.9591465057128,-23.408441657344994],[-51.959717475787514,-23.408451138680725],[-51.960186016402965,-23.408462530865226],[-51.96075725314145,-23.408479120441424],[-51.961464758953085,-23.408495613721385],[-51.962170383539295,-23.40851057449972],[-51.96266230881963,-23.40852188117793],[-51.9631828392046,-23.408530861239566],[-51.963792160748376,-23.408545275670075],[-51.96439720932411,-23.408559933573166],[-51.96469867156266,-23.408568109089696],[-51.96513610172408,-23.40857974621713],[-51.96551599108933,-23.408588078787023],[-51.965543052953365,-23.40851252970164],[-51.965593556107834,-23.40840683023113],[-51.965658129072445,-23.40831323079762],[-51.965705781793005,-23.40821597043363]]]}},{"type":"Feature","properties":{"NOME":"Jardim Mandacaru","ZONA":21,"COD_BAIRRO_GEO":286,"LT_NOMEFANT":" "},"geometry":{"type":"Polygon","coordinates":[[[-51.962945525145784,-23.41619499340566],[-51.96291244282988,-23.415773676875823],[-51.9628856422985,-23.415554685603194],[-51.962836281081216,-23.415481677265948],[-51.95606442590929,-23.414322124527512],[-51.95547131902788,-23.414214987932432],[-51.95499470765613,-23.414112837123756],[-51.954861457434305,-23.414826230699063],[-51.95556103151843,-23.41498949776585],[-51.955723600658054,-23.415031951311523],[-51.95696804371087,-23.415316180107823],[-51.9571200743956,-23.415349042318624],[-51.95844390071318,-23.415652703017276],[-51.958755813690196,-23.41572424704788],[-51.95889387678809,-23.415755583710425],[-51.95906164693872,-23.415793174141413],[-51.959133720396494,-23.415832125132024],[-51.95920002243058,-23.41586795661469],[-51.95936801414195,-23.415980080023765],[-51.95929925507026,-23.416189873528992],[-51.959443425130914,-23.41640294584354],[-51.95986465496199,-23.416488655863816],[-51.96024726685567,-23.416579504748714],[-51.96053515405281,-23.4166416603488],[-51.96085289405823,-23.416713788376466],[-51.96119914707015,-23.41678992216061],[-51.961514276569595,-23.416859077972244],[-51.9618074078573,-23.416930160554756],[-51.96211738038939,-23.417002333795704],[-51.962297618344095,-23.417042955440373],[-51.96230434011648,-23.41700979245121],[-51.9626778880953,-23.416935364135316],[-51.9630204656393,-23.416851160766523],[-51.962945525145784,-23.41619499340566]]]}},{"type":"Feature","properties":{"NOME":"Jardim Marajoara","ZONA":33,"COD_BAIRRO_GEO":52,"LT_NOMEFANT":" "},"geometry":{"type":"Polygon","coordinates":[[[-52.07048001956687,-23.369182497716107],[-52.07166897912274,-23.369476894246468],[-52.07260319627586,-23.369701976817755],[-52.07252531768833,-23.3694082775152],[-52.07244735505187,-23.3692494381154],[-52.0724493052563,-23.369171878387167],[-52.07242802775866,-23.369050314443566],[-52.07235744210633,-23.369011165256087],[-52.07232494286232,-23.368970349622685],[-52.0723317363299,-23.368940766834406],[-52.07233124628234,-23.36887983264905],[-52.07145326521741,-23.36805675522561],[-52.07041553966295,-23.3670755811423],[-52.06997594043667,-23.366636796137822],[-52.06927903122403,-23.36600570816168],[-52.069159432493244,-23.36590133313113],[-52.06870995238508,-23.36550160719726],[-52.06809844379974,-23.36494858760361],[-52.06805487439127,-23.365036175150042],[-52.067512756093834,-23.366160404063415],[-52.06744686048996,-23.366298225007814],[-52.06737182236223,-23.36645671467852],[-52.06728748063692,-23.36661526687592],[-52.067208735493544,-23.366775497829803],[-52.06716453031612,-23.366861045551175],[-52.06708032452745,-23.36703676825079],[-52.06699427254861,-23.367214220471027],[-52.066908260587915,-23.367396824195428],[-52.066556279034046,-23.368123199456505],[-52.06657733244385,-23.368114695964895],[-52.06650237105236,-23.368385530373182],[-52.06954742772251,-23.369072102148067],[-52.069902070344135,-23.369118452444567],[-52.069964845549094,-23.369046940886918],[-52.070028110593185,-23.36906780821851],[-52.07048001956687,-23.369182497716107]]]}},{"type":"Feature","properties":{"NOME":"Jardim Maravilha","ZONA":21,"COD_BAIRRO_GEO":287,"LT_NOMEFANT":" "},"geometry":{"type":"Polygon","coordinates":[[[-51.96120529206377,-23.41187276438102],[-51.96078626448197,-23.411867828920016],[-51.96041945538403,-23.411858382251395],[-51.95975445848106,-23.41184406045181],[-51.959051993459234,-23.41183120863845],[-51.95804044967436,-23.411807475155115],[-51.95721502502395,-23.411784880033085],[-51.95624257354349,-23.411760923371443],[-51.9554587667564,-23.411740363796575],[-51.95523034927971,-23.412919483406917],[-51.95521367037303,-23.413001827248085],[-51.95551221388107,-23.413009654218506],[-51.956011373965815,-23.413013221933927],[-51.95611644276036,-23.413012270954187],[-51.95773167931303,-23.41304254313422],[-51.958683348178305,-23.413065197045018],[-51.959621505598804,-23.41308978875428],[-51.96070903774794,-23.413113064329526],[-51.9618504513472,-23.41313583259999],[-51.96252670694138,-23.413157356699486],[-51.962677002313086,-23.41318078027189],[-51.96335789463248,-23.413205333166903],[-51.96339554747111,-23.413178907006817],[-51.96341015550482,-23.413139983439198],[-51.96337869405065,-23.41308640759202],[-51.96339572624427,-23.41302476691024],[-51.963490060037735,-23.41299969012647],[-51.96357197396924,-23.41295796154962],[-51.96360971679641,-23.41289559608667],[-51.963635069069795,-23.412820759657833],[-51.96365335341212,-23.412753113916782],[-51.96367362631474,-23.412692072819002],[-51.96369652846105,-23.4126363706284],[-51.96373380597966,-23.412599099162225],[-51.963733152620065,-23.412508890645004],[-51.96374072857018,-23.412392940476398],[-51.96373741216103,-23.412292591795207],[-51.963727798273766,-23.412127161466497],[-51.96372780046325,-23.41203814294283],[-51.96375735695132,-23.412007491754803],[-51.9637812043957,-23.411993006196155],[-51.96389900623485,-23.411990487481624],[-51.96399788762101,-23.411967772245156],[-51.96403908805358,-23.411935853310197],[-51.96404169766621,-23.411932401399223],[-51.96380129854644,-23.41192784664541],[-51.962887328525134,-23.411910527157605],[-51.96120529206377,-23.41187276438102]]]}},{"type":"Feature","properties":{"NOME":"Jardim Michelangelo","ZONA":20,"COD_BAIRRO_GEO":3438,"LT_NOMEFANT":"Lt. 253 (Gleba Patrimônio Maringá)"},"geometry":{"type":"Polygon","coordinates":[[[-51.95086362162858,-23.443406861505526],[-51.95109643296468,-23.44163883173998],[-51.95125362768756,-23.440586864386983],[-51.951339676299014,-23.439893137392726],[-51.951283065093776,-23.439903008554086],[-51.95113739902727,-23.439934356037252],[-51.95089538879207,-23.439993975486267],[-51.950757827238306,-23.44003400456488],[-51.95062733117741,-23.44092992783025],[-51.950337084749556,-23.442939289222153],[-51.950281664627006,-23.44333871377783],[-51.95086362162858,-23.443406861505526]]]}},{"type":"Feature","properties":{"NOME":"Jardim Monte Carlo","ZONA":21,"COD_BAIRRO_GEO":288,"LT_NOMEFANT":" "},"geometry":{"type":"Polygon","coordinates":[[[-51.961255359824754,-23.41184365929911],[-51.96182385928494,-23.411859875745],[-51.96210248983832,-23.411863911802683],[-51.96289928457233,-23.411879614283627],[-51.963064773706584,-23.411882631601802],[-51.96408816350245,-23.411911167443435],[-51.96410614824268,-23.411892179387],[-51.96413220660704,-23.411843267857154],[-51.964148765818415,-23.411770040033975],[-51.96417313500566,-23.411702498487408],[-51.964180332055825,-23.411623592154463],[-51.9642201851519,-23.41154878627087],[-51.964249235321105,-23.411484083513287],[-51.96423007279328,-23.41141250953548],[-51.9641580363997,-23.41133409308214],[-51.96414039685226,-23.411258207705224],[-51.96419537016535,-23.41112595472252],[-51.96419315120407,-23.411034201437356],[-51.96418580016145,-23.411002433960608],[-51.964173447307076,-23.410905724980154],[-51.96417928802475,-23.41081846329129],[-51.96418927362647,-23.41076702259906],[-51.96423285002831,-23.410705815035598],[-51.96429350798554,-23.410679152763322],[-51.96436567130415,-23.410632108080023],[-51.96437829725219,-23.410587819853017],[-51.96442183021119,-23.410520637777164],[-51.96443566426865,-23.410464393530848],[-51.964503847972814,-23.410404228945197],[-51.96455492401329,-23.410305934381025],[-51.9646294156757,-23.41022302772888],[-51.96465467695986,-23.410135646121603],[-51.964607566492916,-23.410066634620712],[-51.96459675932674,-23.410004567756562],[-51.96461301815614,-23.40992560545164],[-51.96464771390182,-23.409889545570667],[-51.96475987152999,-23.40982313464916],[-51.96489479819202,-23.409716690989338],[-51.9642168390564,-23.409699826071673],[-51.963389646882646,-23.409681232027147],[-51.96191046209141,-23.409643488781203],[-51.9605026283819,-23.409611553950505],[-51.95874218228204,-23.409575933029604],[-51.95693714386075,-23.409537648886825],[-51.95588899635151,-23.409518505736735],[-51.9558454523901,-23.409743463948537],[-51.95571647828535,-23.410409987202655],[-51.95546589645327,-23.411703558606717],[-51.95564847228287,-23.411704118304936],[-51.956279265883516,-23.411726256653377],[-51.956427999424946,-23.411728949125354],[-51.95661431972679,-23.4117346845548],[-51.9571751884691,-23.41174268403767],[-51.95785110250314,-23.41176357857197],[-51.95803988072071,-23.411768823043122],[-51.95851697627357,-23.411778623874728],[-51.95892972877234,-23.411786877183374],[-51.95932137335374,-23.411799387583358],[-51.95963093802833,-23.411805851999343],[-51.95984797686413,-23.411810965855565],[-51.9610376449564,-23.411838991423338],[-51.961255359824754,-23.41184365929911]]]}},{"type":"Feature","properties":{"NOME":"Jardim Monte Rei","ZONA":32,"COD_BAIRRO_GEO":48,"LT_NOMEFANT":" "},"geometry":{"type":"Polygon","coordinates":[[[-51.95914733856809,-23.374676568664476],[-51.95876532444349,-23.374682450292717],[-51.958081707318534,-23.374686652415285],[-51.957535706339854,-23.374689975788275],[-51.95685157324164,-23.374690346965647],[-51.95630536982012,-23.374692753228548],[-51.95552676898106,-23.374700388937086],[-51.95509627777058,-23.374697243770598],[-51.954468809429784,-23.374706813644018],[-51.953797841562356,-23.37471090631281],[-51.952928169337405,-23.37471197787064],[-51.95196977969583,-23.374720101236342],[-51.95149396245072,-23.37472302605588],[-51.95083228465982,-23.37472322527802],[-51.95036670060348,-23.374712302292075],[-51.94979671683022,-23.374713466445947],[-51.94978483561051,-23.374905120656702],[-51.94978194394099,-23.375153195670133],[-51.94959867770155,-23.375591635623774],[-51.94944012941968,-23.376011284764864],[-51.94934764166191,-23.376328728631737],[-51.94930961003265,-23.376470342565835],[-51.949288630253356,-23.37654846711122],[-51.94923172080521,-23.376789155551],[-51.94923153177264,-23.37678995243144],[-51.94919054880077,-23.37696328261041],[-51.94918609602204,-23.37698211458832],[-51.9490797615142,-23.377318282891885],[-51.949005513554745,-23.37746704145856],[-51.9489700198567,-23.37771770413544],[-51.94895509866867,-23.377949123613313],[-51.94902256724905,-23.37811695446849],[-51.94897215226907,-23.37859903659526],[-51.94882591818816,-23.378712720094082],[-51.948785560050744,-23.378862086758573],[-51.94872916524232,-23.379086110252665],[-51.94859617259859,-23.379314422537707],[-51.94851259133255,-23.37976463607698],[-51.94848267209842,-23.379953655555113],[-51.94850666339511,-23.380123661450465],[-51.9485043125325,-23.380202349410418],[-51.949295561451954,-23.380204219833733],[-51.95004599817118,-23.380198437362655],[-51.95398060581925,-23.380212287115242],[-51.95461665640491,-23.38020840605822],[-51.95477576466966,-23.38020743480605],[-51.95675297368117,-23.380195351730787],[-51.95688652477526,-23.380194535578333],[-51.957020035741984,-23.380193718654183],[-51.95715346549461,-23.38019290211308],[-51.957753361181084,-23.380189229565328],[-51.957972791201506,-23.380187885644954],[-51.95808111254403,-23.38018566857885],[-51.958470706624375,-23.378199501887092],[-51.95848924116134,-23.378076912466597],[-51.958520611438225,-23.37793930973537],[-51.958707479229815,-23.376925503267856],[-51.95914733856809,-23.374676568664476]]]}},{"type":"Feature","properties":{"NOME":"Jardim Monte Sinai","ZONA":57,"COD_BAIRRO_GEO":2950,"LT_NOMEFANT":" "},"geometry":{"type":"Polygon","coordinates":[[[-51.971607259273355,-23.379554919773025],[-51.97115462873079,-23.37991685339462],[-51.971163169704795,-23.379989909017112],[-51.97118280505201,-23.380339647002195],[-51.97117076041552,-23.380672639254502],[-51.97117613776007,-23.380810897482853],[-51.971292899348875,-23.38090642490524],[-51.97142924762337,-23.381156013282794],[-51.97189768716627,-23.38079055470292],[-51.97201902894347,-23.380696338073843],[-51.97273274496891,-23.380134434920226],[-51.97336778114382,-23.37962478768639],[-51.9739838229892,-23.379150237630572],[-51.97482887108795,-23.378476795339036],[-51.9753837975237,-23.37803744509058],[-51.97594290573859,-23.37760380224537],[-51.97645905169485,-23.377194497167228],[-51.97711660317675,-23.37667881031275],[-51.97773327071386,-23.3761884034327],[-51.97833347820039,-23.375713392137854],[-51.97876903323011,-23.375375643879675],[-51.97799104760136,-23.374512569508667],[-51.97733274848561,-23.375039426347247],[-51.97665498935207,-23.375575098145045],[-51.97608050410989,-23.37603144397256],[-51.975487943261236,-23.376492976548615],[-51.9749705896639,-23.376899632356743],[-51.97440848043885,-23.37734762894395],[-51.97393282226136,-23.37772339289074],[-51.97319747227608,-23.37830071995919],[-51.9725898812071,-23.37878439552976],[-51.97209433125449,-23.379166661691983],[-51.971607259273355,-23.379554919773025]]]}},{"type":"Feature","properties":{"NOME":"Jardim Monte Sião","ZONA":57,"COD_BAIRRO_GEO":2947,"LT_NOMEFANT":" "},"geometry":{"type":"Polygon","coordinates":[[[-51.97189198582554,-23.378117073127317],[-51.971404170474855,-23.378501179479937],[-51.971310535565394,-23.378571753592897],[-51.97081205820724,-23.378947463996713],[-51.97082817085628,-23.378994028419473],[-51.97089176140074,-23.379194372498343],[-51.971004285660584,-23.379501952743745],[-51.971080239771965,-23.379693616868245],[-51.97114120239035,-23.379876562302325],[-51.971596189128974,-23.379528076451955],[-51.9725652652865,-23.378757802702932],[-51.97335970564857,-23.378128401918154],[-51.97434406755603,-23.377356602590638],[-51.97534660000291,-23.37656273054625],[-51.975956245839775,-23.376081286273138],[-51.97663247588494,-23.37555077704744],[-51.97730873198365,-23.37501348082858],[-51.97795071141346,-23.374504785823646],[-51.97731719708373,-23.373827864915675],[-51.976667521357214,-23.374343393928115],[-51.97599231478792,-23.374867868795373],[-51.975267889131025,-23.3754463039179],[-51.97424538732275,-23.376254552409698],[-51.97353238678719,-23.376814169711004],[-51.97273353974511,-23.377435064199446],[-51.97189198582554,-23.378117073127317]]]}},{"type":"Feature","properties":{"NOME":"Jardim Montreal","ZONA":43,"COD_BAIRRO_GEO":164,"LT_NOMEFANT":" "},"geometry":{"type":"Polygon","coordinates":[[[-51.96444152318549,-23.412245432879008],[-51.96375612149069,-23.412233777710217],[-51.96376005046161,-23.412307356906798],[-51.96376501994467,-23.412408388150887],[-51.96375760954183,-23.412529355529674],[-51.96376075982109,-23.412606763715132],[-51.96371914190575,-23.412652425680072],[-51.96370278064173,-23.412681681298825],[-51.963678497585484,-23.412761170799765],[-51.96365670708764,-23.412827262069914],[-51.96362478450616,-23.412924482619797],[-51.96359718896684,-23.41297579344207],[-51.96354144949591,-23.413002424230182],[-51.96342515443473,-23.413034208227863],[-51.963401094727054,-23.413073070858694],[-51.963428379698975,-23.41312213112054],[-51.96345043474349,-23.413164054857432],[-51.963429455529024,-23.413199074306842],[-51.963394857627904,-23.413218260477898],[-51.964073271355005,-23.413227714839834],[-51.964110582819714,-23.413207142509986],[-51.96645464709768,-23.41327097553751],[-51.966627838686,-23.413266771710553],[-51.96780608370271,-23.413259563774385],[-51.96977863367091,-23.413304211142357],[-51.969847732504846,-23.413306638138888],[-51.96908247554699,-23.41123015730144],[-51.96809951007564,-23.411209646276582],[-51.967067567049746,-23.411179486989596],[-51.96678591309963,-23.411174122747173],[-51.966930845111285,-23.4114603821474],[-51.964953070737465,-23.411418166257825],[-51.96484309702519,-23.41142407050907],[-51.964771576073545,-23.41145391886042],[-51.96472006108992,-23.411494671834042],[-51.96468459370014,-23.41155002814593],[-51.96444152318549,-23.412245432879008]]]}},{"type":"Feature","properties":{"NOME":"Jardim Munique","ZONA":53,"COD_BAIRRO_GEO":3114,"LT_NOMEFANT":" "},"geometry":{"type":"Polygon","coordinates":[[[-51.969212153158,-23.37491762777369],[-51.96914570066889,-23.374679063911433],[-51.96908553620086,-23.374510421191772],[-51.968989481028146,-23.374377728252313],[-51.968864430292356,-23.37409053695696],[-51.968759566491265,-23.37390956478953],[-51.96866005508171,-23.373752457503166],[-51.96857572713395,-23.373547460819843],[-51.96844951395882,-23.37327819967142],[-51.9683512360374,-23.373112719862434],[-51.96829225493387,-23.373011520471564],[-51.96816917825092,-23.37281751701776],[-51.968073055949574,-23.37259228064003],[-51.96798745268395,-23.37238968045612],[-51.96791476624378,-23.372183416344477],[-51.96780726554234,-23.37199529093231],[-51.96767528618936,-23.37182285031213],[-51.96754753076298,-23.371518946048578],[-51.96747793709909,-23.37138196610601],[-51.96740072586203,-23.37126534559551],[-51.96734543865081,-23.371137834916965],[-51.96723467484948,-23.370856528438978],[-51.967018781236575,-23.370535246086877],[-51.96678850565355,-23.370193739],[-51.96669844767323,-23.370090341041728],[-51.96600985851676,-23.370098950557622],[-51.964478915653956,-23.37012575227276],[-51.96337080129117,-23.370133570560252],[-51.96210291352264,-23.37014615171872],[-51.96078476585812,-23.37014827850167],[-51.959630620982935,-23.37016133601322],[-51.9586715965879,-23.370158851848952],[-51.958652966190556,-23.37015883865703],[-51.958753011604124,-23.37067277269707],[-51.958904452266104,-23.37143697230193],[-51.95899746975993,-23.371907069151373],[-51.959065620868905,-23.37225024507583],[-51.959084354559934,-23.372365490611063],[-51.95894636436235,-23.37237008578975],[-51.95902136887156,-23.372750196404066],[-51.95906109876081,-23.372950674222906],[-51.95907200425017,-23.373027276735915],[-51.95921913480449,-23.37299908309347],[-51.95933064657517,-23.37360066002585],[-51.95933487260764,-23.37362476709721],[-51.95942427434383,-23.374060203126895],[-51.959446114937954,-23.374212537182878],[-51.95945425918187,-23.374374844534568],[-51.959441686788125,-23.37456396261237],[-51.9593668188092,-23.374994798026627],[-51.960009769361506,-23.374986909946745],[-51.96098413354305,-23.374988706349036],[-51.96190333910243,-23.374979471643442],[-51.96310419709618,-23.37497208249453],[-51.96348959840781,-23.374964929273254],[-51.96483635937799,-23.37496140787152],[-51.965993762036035,-23.3749530696209],[-51.96731453450345,-23.374941322715557],[-51.9675062996911,-23.374940807813392],[-51.968418867012,-23.374938352689576],[-51.969212153158,-23.37491762777369]]]}},{"type":"Feature","properties":{"NOME":"Jardim Nilza","ZONA":45,"COD_BAIRRO_GEO":184,"LT_NOMEFANT":"DISTRITO INDUSTRIAL"},"geometry":{"type":"Polygon","coordinates":[[[-52.00914754113834,-23.44568459238171],[-52.004067454522115,-23.445949828288544],[-52.00027489255989,-23.446066192005],[-51.998058632318916,-23.446173887135533],[-51.99666852860834,-23.44639097226943],[-51.995960081491425,-23.44629730386551],[-51.994777135493756,-23.446215417719138],[-51.993761052570804,-23.44621337416056],[-51.99142149600339,-23.446279001888993],[-51.991894531152475,-23.447247112436035],[-51.99195770839245,-23.447403559702295],[-51.9950271571566,-23.449269303672093],[-51.99729194845613,-23.450628893695225],[-51.999481265294186,-23.451960075620775],[-52.00169663660905,-23.453285606398254],[-52.00284609849047,-23.453946057371986],[-52.003201287731635,-23.453663677052376],[-52.00325789821168,-23.453618670703538],[-52.003404791913695,-23.45348132971655],[-52.0035873950375,-23.45328729552447],[-52.0037202060608,-23.453147581819135],[-52.00383622658619,-23.453000261826958],[-52.004101032704256,-23.452612839339043],[-52.004225244258976,-23.452442322831505],[-52.00448938941857,-23.452060478507924],[-52.00563906942572,-23.450501858735553],[-52.006074815002016,-23.450024989571634],[-52.00708733000833,-23.448619429140805],[-52.00899430266518,-23.44590376673399],[-52.00914754113834,-23.44568459238171]]]}},{"type":"Feature","properties":{"NOME":"Jardim Noroeste","ZONA":19,"COD_BAIRRO_GEO":2831,"LT_NOMEFANT":" "},"geometry":{"type":"Polygon","coordinates":[[[-51.984330400670345,-23.39287112553052],[-51.984283999555196,-23.39284640967119],[-51.98425366069269,-23.392822021694503],[-51.98417818007959,-23.39303100150681],[-51.983884588372355,-23.393774818460106],[-51.983411332541614,-23.394955472632912],[-51.983359495779276,-23.395073461400436],[-51.982854756331356,-23.39629705360243],[-51.98283630117876,-23.396347387083125],[-51.98279762852677,-23.39644329347294],[-51.982618279453916,-23.396888065756734],[-51.982455385719106,-23.39725150715105],[-51.98239917020373,-23.397383301568095],[-51.98224394994931,-23.397756114978744],[-51.98209128871103,-23.39812055388019],[-51.981921839811626,-23.39852596282589],[-51.98183020937426,-23.398740181349936],[-51.98163405503292,-23.399210998236992],[-51.98144163426287,-23.399661716753755],[-51.98138754191514,-23.39978668640282],[-51.98067020192113,-23.40149106441383],[-51.980572132106296,-23.401729042672265],[-51.98050641822823,-23.401886174099545],[-51.98051098525312,-23.40189014123629],[-51.980553228017996,-23.401926833645433],[-51.980858286696986,-23.402191812613932],[-51.981168833583894,-23.40238056463468],[-51.98130725673878,-23.402469048009372],[-51.981354199688624,-23.402342120881272],[-51.981557129979294,-23.40173496152219],[-51.98168980846979,-23.401345706602932],[-51.98192336221616,-23.40071454316774],[-51.982173028998545,-23.399986493150866],[-51.98238607801262,-23.399384134730106],[-51.98262693689617,-23.398712733437314],[-51.98284146565946,-23.39809501058388],[-51.98305435285799,-23.397508758289383],[-51.983062044137554,-23.397486578624587],[-51.983350472542156,-23.39665481876532],[-51.983734485979774,-23.39559328783503],[-51.983822878790775,-23.395346168522448],[-51.9839766147957,-23.394917915061],[-51.984125234248864,-23.394486254249564],[-51.98432025235165,-23.393929430892726],[-51.98455034998387,-23.39330552823357],[-51.984689176836795,-23.392931997599366],[-51.98467326159746,-23.392932891764744],[-51.98462083475843,-23.39293322197593],[-51.984550228760476,-23.392925899978135],[-51.98442773772146,-23.39290456626019],[-51.984330400670345,-23.39287112553052]]]}},{"type":"Feature","properties":{"NOME":"Jardim Nova América","ZONA":36,"COD_BAIRRO_GEO":99,"LT_NOMEFANT":" "},"geometry":{"type":"Polygon","coordinates":[[[-51.885191454040196,-23.424801234189896],[-51.885093696833025,-23.42493976169834],[-51.88468187408127,-23.425515463041094],[-51.88410665639862,-23.426328258377023],[-51.883818385006215,-23.426740142493173],[-51.88491174121315,-23.42739472398668],[-51.88508055845182,-23.42785618950641],[-51.88576729605063,-23.427422901476376],[-51.88671917788157,-23.42686068142884],[-51.88749815731046,-23.426391444184386],[-51.88881259328891,-23.42560328659209],[-51.886499138976305,-23.42416106115361],[-51.88604365481537,-23.424784213421244],[-51.88547270066449,-23.425585711766395],[-51.885191454040196,-23.424801234189896]]]}},{"type":"Feature","properties":{"NOME":"Jardim Novo Alvorada","ZONA":46,"COD_BAIRRO_GEO":191,"LT_NOMEFANT":" "},"geometry":{"type":"Polygon","coordinates":[[[-51.91181032350654,-23.38241387196944],[-51.91080121674478,-23.381777126912166],[-51.91027790280855,-23.3820073775381],[-51.908411096160236,-23.382828717451503],[-51.90436749104218,-23.38462065471914],[-51.90217088166981,-23.385600491930745],[-51.900545995603714,-23.386322853792603],[-51.90051344499488,-23.386266175209194],[-51.897510338643954,-23.387595364890018],[-51.897179232745266,-23.387741910075878],[-51.89668452565159,-23.38799698491514],[-51.896231716324564,-23.388193626969525],[-51.89606105981379,-23.388273932526428],[-51.895441932559194,-23.388545129128463],[-51.89544971190148,-23.388569011884886],[-51.89545881810966,-23.38859696780799],[-51.895503449673456,-23.388642234684653],[-51.89551762645411,-23.38869869531305],[-51.895518100738514,-23.38875469248666],[-51.8955205345689,-23.388764334011768],[-51.89553425803809,-23.388784654724375],[-51.89576379388322,-23.388906677808503],[-51.896171487862325,-23.389146328785927],[-51.8962750446362,-23.38916375631227],[-51.89645116939011,-23.389174217534986],[-51.89655154976116,-23.38916312663568],[-51.89667357963076,-23.389137572837022],[-51.89718684746191,-23.388913406354234],[-51.897532583292076,-23.388758733913036],[-51.89823592143887,-23.388445096047057],[-51.898871949627136,-23.388164979520358],[-51.89950527593455,-23.387885529940327],[-51.90056138999762,-23.387413541045078],[-51.90123236700283,-23.387116704720285],[-51.90200987890496,-23.3867700687457],[-51.90264643027984,-23.38648768425662],[-51.90325052960037,-23.3862166991123],[-51.90375059847043,-23.38600239950996],[-51.90438280897103,-23.38572123177398],[-51.90486639728921,-23.385502497045213],[-51.90543681947192,-23.385253869927634],[-51.906122061491146,-23.38494166060322],[-51.906707406961594,-23.38468486586122],[-51.90725685047969,-23.38443745943541],[-51.907918499325774,-23.38414722824877],[-51.90842280928044,-23.38391947475003],[-51.90913741281172,-23.383599159779447],[-51.909468557083066,-23.383457027992282],[-51.910023649731144,-23.38321176681354],[-51.91063899942677,-23.382941485840522],[-51.9112357137807,-23.38267226669581],[-51.91181032350654,-23.38241387196944]]]}},{"type":"Feature","properties":{"NOME":"Jardim Novo Horizonte","ZONA":17,"COD_BAIRRO_GEO":255,"LT_NOMEFANT":" "},"geometry":{"type":"Polygon","coordinates":[[[-51.933471924644614,-23.449862189365625],[-51.93322857292906,-23.449796264541266],[-51.93317212967264,-23.44978278478138],[-51.93312332149608,-23.449771128086283],[-51.933106113268,-23.449976271545115],[-51.93304153874252,-23.450739465086535],[-51.9329403761837,-23.45184258741507],[-51.93254659223537,-23.451741817365296],[-51.93253633818207,-23.451762986679665],[-51.93252719384815,-23.451781861528872],[-51.932475478980805,-23.451936917654006],[-51.93244819721887,-23.452023320136416],[-51.93230986510216,-23.451987298476944],[-51.9322948811408,-23.452117056524582],[-51.9327476364076,-23.452245569924028],[-51.93274420290606,-23.452257949077858],[-51.932724899538194,-23.452327554773042],[-51.93274944423658,-23.45233249944249],[-51.93371590991319,-23.452588836793637],[-51.93390688313978,-23.452236962861022],[-51.934004549066884,-23.452054757131602],[-51.93423322575955,-23.451643784973008],[-51.934376457070684,-23.45138483499777],[-51.93453042792002,-23.451106223623277],[-51.93465316998965,-23.4508803741318],[-51.93479858256102,-23.45060719961134],[-51.934992017417144,-23.450264946918175],[-51.93489937101318,-23.45023653517403],[-51.93433057953516,-23.45009177757427],[-51.93387122510333,-23.449965481203314],[-51.933471924644614,-23.449862189365625]]]}},{"type":"Feature","properties":{"NOME":"Jardim Novo Horizonte 2ª Parte","ZONA":27,"COD_BAIRRO_GEO":4,"LT_NOMEFANT":" "},"geometry":{"type":"Polygon","coordinates":[[[-51.93071156431798,-23.443830405084785],[-51.93122567152161,-23.44357471465551],[-51.93180902728618,-23.443282816688306],[-51.93241078064442,-23.442978004568186],[-51.93274924713,-23.442817353857254],[-51.93276315562191,-23.44248003775314],[-51.93277322611966,-23.442235784394647],[-51.93279261030997,-23.441765677889876],[-51.928211525018966,-23.44406082897683],[-51.92848645613815,-23.44452643425738],[-51.92852782830103,-23.44459906558955],[-51.92868456895657,-23.444867644215126],[-51.92891606470225,-23.445264314715104],[-51.92965364570272,-23.444896022391728],[-51.92942030357749,-23.444491012003603],[-51.929265812738414,-23.444234085718115],[-51.929242972621175,-23.444198574643995],[-51.92957641426168,-23.444027394805488],[-51.92989354884312,-23.443871013012668],[-51.929957724380664,-23.443842482036857],[-51.930123480269984,-23.44412285470803],[-51.93071156431798,-23.443830405084785]]]}},{"type":"Feature","properties":{"NOME":"Jardim Novo Horizonte 4ª Parte","ZONA":27,"COD_BAIRRO_GEO":5,"LT_NOMEFANT":" "},"geometry":{"type":"Polygon","coordinates":[[[-51.929191944171805,-23.44572118065787],[-51.929561719140416,-23.4455326631702],[-51.929954718118786,-23.445340336694507],[-51.93064760154848,-23.44498340564021],[-51.93137702168392,-23.4446205913181],[-51.93138124049493,-23.44462709907018],[-51.93140938369076,-23.444670506554782],[-51.93166119425381,-23.445099720705354],[-51.93219944949028,-23.444825156589967],[-51.93267634485684,-23.44458543655751],[-51.93269159273285,-23.44421563033085],[-51.932695382955835,-23.444123707731844],[-51.93272136986675,-23.443493455909934],[-51.93272687073931,-23.44336004851419],[-51.932744566903786,-23.442930861318104],[-51.93274668825845,-23.44287941074663],[-51.932748308547914,-23.442840112267024],[-51.932742165025445,-23.44284306545173],[-51.93252917474473,-23.442945445475125],[-51.931689475215066,-23.443368787255],[-51.930946099950496,-23.44373853699555],[-51.93022563635375,-23.44410285209851],[-51.93007461495208,-23.444177655655675],[-51.92991619502584,-23.44390201721502],[-51.929258658878496,-23.44422823033913],[-51.92941639125089,-23.444484221471736],[-51.92965364570272,-23.444896022391728],[-51.92901465582319,-23.445215086285955],[-51.928920777498746,-23.445261961796515],[-51.92891606470225,-23.445264314715104],[-51.92916778457901,-23.445680266299654],[-51.929191944171805,-23.44572118065787]]]}},{"type":"Feature","properties":{"NOME":"Jardim Novo Horizonte Iiiª Parte","ZONA":17,"COD_BAIRRO_GEO":253,"LT_NOMEFANT":" "},"geometry":{"type":"Polygon","coordinates":[[[-51.940692228388144,-23.443825549843286],[-51.93995594575314,-23.443734377502206],[-51.93810425038334,-23.443525589440245],[-51.93769520038616,-23.443477862476993],[-51.936947901779334,-23.44339560251247],[-51.93695067694186,-23.443382680778306],[-51.936963905317256,-23.44332107465285],[-51.932748308547914,-23.442840112267024],[-51.93272687073931,-23.44336004851419],[-51.93272136986675,-23.443493455909934],[-51.932695382955835,-23.444123707731844],[-51.93269159273285,-23.44421563033085],[-51.93266889315935,-23.444766151347856],[-51.932641464716134,-23.44543136686587],[-51.93310023543213,-23.445480586304033],[-51.933146594399325,-23.445484399761362],[-51.93312913963727,-23.44576798415868],[-51.93320357073804,-23.44577847698768],[-51.93318788348636,-23.445977805605292],[-51.93322969650182,-23.44598232723729],[-51.93353105598395,-23.44601492092805],[-51.933634836806156,-23.4460196859406],[-51.93369247095324,-23.446028306405527],[-51.93398058226392,-23.446057511057063],[-51.93399105756234,-23.446058572862484],[-51.9340248669291,-23.446062000521344],[-51.9343003628244,-23.446090383192956],[-51.93464093716547,-23.44612546945307],[-51.935243433879926,-23.446196028905117],[-51.9355135813359,-23.44622650169549],[-51.9355211888784,-23.446227360205075],[-51.935835614006685,-23.446262826394495],[-51.935986370551376,-23.446278692196543],[-51.93623856000979,-23.446306447990782],[-51.93674544807724,-23.446347359148405],[-51.93729861047414,-23.446407327560273],[-51.93771896473282,-23.4464577241168],[-51.93782304046566,-23.446469399535083],[-51.937944962815436,-23.44648307752133],[-51.938058393944495,-23.44649580298569],[-51.93817782294055,-23.44650920042633],[-51.93829275013774,-23.44652209285108],[-51.93840791738964,-23.44653501264979],[-51.93861326609971,-23.446558048772953],[-51.938893294435076,-23.446585616548717],[-51.93891892749417,-23.44656031877079],[-51.938960842344194,-23.446518952467677],[-51.939032286618925,-23.44648985289947],[-51.93909800306568,-23.446451199290248],[-51.939153853591435,-23.446388993312542],[-51.93920491918573,-23.44628707487481],[-51.93926539262854,-23.446214273480678],[-51.93932596006413,-23.44614092957245],[-51.939392739847314,-23.446073961037847],[-51.93948179680642,-23.44596179090303],[-51.939523478487246,-23.445888197521715],[-51.939560530182874,-23.445810929746845],[-51.939658672512664,-23.44565227711698],[-51.93972971389679,-23.445495865000904],[-51.939770040896434,-23.445273703481874],[-51.939790203114036,-23.44519012546896],[-51.93982872057401,-23.445099662843848],[-51.93990618129332,-23.444983096841842],[-51.93999751691228,-23.44486841713553],[-51.94005554334468,-23.444795810830904],[-51.940117873634314,-23.444722726975215],[-51.94024988005583,-23.444590966296197],[-51.94042045711486,-23.44437623906903],[-51.9405415875038,-23.444193522262182],[-51.940608375318114,-23.44406693139206],[-51.94067389339553,-23.443904952252524],[-51.940692228388144,-23.443825549843286]]]}},{"type":"Feature","properties":{"NOME":"Jardim Novo Horizonte Iª Parte","ZONA":17,"COD_BAIRRO_GEO":252,"LT_NOMEFANT":" "},"geometry":{"type":"Polygon","coordinates":[[[-51.93661077987754,-23.441134231011652],[-51.93605475308453,-23.44106802469147],[-51.93544027546408,-23.440997657856652],[-51.93494276553574,-23.44094492590372],[-51.93433623667934,-23.440879015908806],[-51.933829211185945,-23.44081967796269],[-51.93323976611884,-23.440752227166655],[-51.93283590017852,-23.440715743620718],[-51.93282419942507,-23.440999527696924],[-51.93279880032743,-23.441615546997827],[-51.93279261030997,-23.441765677889876],[-51.93277322611966,-23.442235784394647],[-51.93276315562191,-23.44248003775314],[-51.932748308547914,-23.442840112267024],[-51.93695424537829,-23.443319972921653],[-51.936998261734544,-23.44306443694495],[-51.93704420300063,-23.442773021994075],[-51.93706281107443,-23.442645019247543],[-51.937191256415026,-23.442661214846414],[-51.93721781412964,-23.442423992363967],[-51.93710237521194,-23.442418947406555],[-51.93713771257824,-23.44223483429807],[-51.937195719259904,-23.441994614896167],[-51.937272976672986,-23.44160127595931],[-51.93731628701672,-23.44135224271059],[-51.93734108795016,-23.44121712426754],[-51.93661077987754,-23.441134231011652]]]}},{"type":"Feature","properties":{"NOME":"Jardim Novo Oásis","ZONA":37,"COD_BAIRRO_GEO":116,"LT_NOMEFANT":" "},"geometry":{"type":"Polygon","coordinates":[[[-51.89797503282084,-23.40726853936835],[-51.897993254323715,-23.40729214783174],[-51.898002801179786,-23.407306071223648],[-51.8981860441379,-23.407573325398623],[-51.89875674219419,-23.407215173665644],[-51.89849913151358,-23.407020897253847],[-51.898472255354,-23.407000288534327],[-51.89846005582099,-23.40699093356294],[-51.898662046028626,-23.40687864689898],[-51.899243172159785,-23.4065440807324],[-51.899886313687325,-23.40617389990805],[-51.899884966283196,-23.4061609021835],[-51.900222722908474,-23.405968478247004],[-51.90033339432398,-23.40590761836954],[-51.90051012415443,-23.405761908505912],[-51.900488542601515,-23.40572048920875],[-51.90048130506649,-23.40556925760803],[-51.90044997147052,-23.40532532724838],[-51.90043948433813,-23.405128584779685],[-51.90045512752443,-23.4050295575816],[-51.90048529629396,-23.404896034850154],[-51.900483947006,-23.404811444201908],[-51.90045608927625,-23.40476419373011],[-51.900420097748984,-23.404741493611866],[-51.90036440426831,-23.404711285616887],[-51.90031466136697,-23.40467824242944],[-51.90026967029552,-23.40463875988177],[-51.900227079953964,-23.404592489329815],[-51.900187718428604,-23.404546109844024],[-51.900147009481934,-23.40450308002806],[-51.90010412747772,-23.404457082086072],[-51.90006586998182,-23.404414760704466],[-51.9000299416185,-23.404369535589677],[-51.89999838890648,-23.404320130447086],[-51.89997708956973,-23.404267414651468],[-51.89996995625936,-23.40424063637486],[-51.89994841416254,-23.404190079768494],[-51.89992489415969,-23.404043243905146],[-51.89988631547232,-23.403852045406758],[-51.89986816583687,-23.40369514109969],[-51.89984120622927,-23.403555125371476],[-51.89984057010269,-23.403235308185213],[-51.89988361676711,-23.40299317394606],[-51.89995418198976,-23.402860134924026],[-51.900074183259576,-23.402685945801714],[-51.90008090098262,-23.40241562343828],[-51.900034418881965,-23.402204395442233],[-51.899988563700866,-23.401970939137804],[-51.89998146111241,-23.40160964525348],[-51.89997796800379,-23.40143760160935],[-51.899963428713036,-23.40135523833834],[-51.89993552552127,-23.401249292119246],[-51.89992314183017,-23.401141106863896],[-51.89991943879519,-23.40105294482636],[-51.8999141876501,-23.400972609087137],[-51.89990778903723,-23.400888429518723],[-51.898535654062364,-23.40168535811787],[-51.89838950788082,-23.401766911106243],[-51.89719592913285,-23.402449293848274],[-51.897072830588904,-23.40251409584257],[-51.89487074450632,-23.403787058094657],[-51.894578410780404,-23.40394540745678],[-51.89304868281379,-23.40483903396975],[-51.89138576512145,-23.405792046556083],[-51.8912446938432,-23.4058640676077],[-51.89006921870665,-23.406551165211418],[-51.88992042454601,-23.406623229087167],[-51.88874658620634,-23.40730350732143],[-51.88781020232559,-23.4078391144772],[-51.88956401162074,-23.408865382213364],[-51.88957399155556,-23.408851087895204],[-51.889622429027845,-23.408795863662498],[-51.889680520858725,-23.408749240931936],[-51.889746502178205,-23.408712636060418],[-51.88981836827454,-23.40868716148274],[-51.889893936023654,-23.408673591943913],[-51.88997090928049,-23.408672337934416],[-51.890046948323224,-23.408683439875837],[-51.89011974416008,-23.408706557762535],[-51.89018708325533,-23.40874099156659],[-51.89024692101522,-23.4087856943667],[-51.89029743878279,-23.40883930724812],[-51.890337101860744,-23.408900201421925],[-51.89036470485547,-23.40896652673944],[-51.89037940826875,-23.409036268385307],[-51.890380767279424,-23.409107306325215],[-51.890368739056065,-23.409177483908515],[-51.89034368902472,-23.40924466654181],[-51.89030637863916,-23.40930681492013],[-51.89205844785828,-23.410345931622935],[-51.89220091914266,-23.410430427465318],[-51.892336709616835,-23.410508724579273],[-51.89254628985461,-23.410391833764766],[-51.89327268518989,-23.409973179496156],[-51.8938705606253,-23.40962858440916],[-51.89437664525013,-23.409332731941966],[-51.8951783290991,-23.40887025904234],[-51.8960583678917,-23.408368718287864],[-51.89697302736685,-23.40784280376661],[-51.89702076030682,-23.40781555774955],[-51.897951742148365,-23.407281965922213],[-51.89797503282084,-23.40726853936835]]]}},{"type":"Feature","properties":{"NOME":"Jardim Novo Paulista","ZONA":54,"COD_BAIRRO_GEO":2953,"LT_NOMEFANT":" "},"geometry":{"type":"Polygon","coordinates":[[[-51.86001363131813,-23.413665437004934],[-51.86022624158845,-23.413464625278113],[-51.86023961735394,-23.41348016390869],[-51.86045447424463,-23.41368830808768],[-51.86064066282637,-23.41351812072846],[-51.86039752771171,-23.41330464633824],[-51.86041777607761,-23.413283718148776],[-51.860650905717556,-23.413063523408056],[-51.86125823687574,-23.412477067619786],[-51.86199350623886,-23.411814384933983],[-51.86251890805851,-23.411327791907897],[-51.86438432963788,-23.40953415087899],[-51.865168059869426,-23.40878233074093],[-51.866567144753276,-23.407454355710676],[-51.86678909502828,-23.40725185325145],[-51.86813790423163,-23.405982226437345],[-51.868651420706655,-23.405516894543748],[-51.86864050716433,-23.40529080893263],[-51.86889511115774,-23.40528708664908],[-51.869039144153255,-23.40513816288915],[-51.86949203817722,-23.404704525476532],[-51.86959411998672,-23.40459288769606],[-51.869398213320814,-23.404611367527956],[-51.86902229078456,-23.404619193935304],[-51.867225567697545,-23.404659520713672],[-51.866715178863245,-23.404675866317397],[-51.8663833593356,-23.405011732303944],[-51.86572088951578,-23.405671402198816],[-51.86514703070554,-23.406204837869648],[-51.86458771185955,-23.406769251236284],[-51.86416144521258,-23.40716767969764],[-51.864117819083475,-23.407218179225413],[-51.863897902926944,-23.4074559124729],[-51.86370899873991,-23.40767442765676],[-51.86281374958262,-23.408579131533426],[-51.861205495850484,-23.410146148814615],[-51.86002197018575,-23.411326056880363],[-51.858691458014114,-23.41260474545667],[-51.85860505943132,-23.412685435929856],[-51.85867036027093,-23.412731130805685],[-51.85860858870411,-23.412794042281828],[-51.85813777142501,-23.413252310038313],[-51.858198333224365,-23.413280214974108],[-51.85850268081392,-23.413420447998],[-51.85873944071258,-23.413542926871017],[-51.858859018743885,-23.41359165259312],[-51.85901681944241,-23.41365595285953],[-51.8592438249185,-23.413684856944013],[-51.8595206048869,-23.413868864517216],[-51.859689266233325,-23.413968783612283],[-51.86001363131813,-23.413665437004934]]]}},{"type":"Feature","properties":{"NOME":"Jardim Olímpico","ZONA":19,"COD_BAIRRO_GEO":263,"LT_NOMEFANT":" "},"geometry":{"type":"Polygon","coordinates":[[[-51.97606714379615,-23.410992622809054],[-51.976439684281196,-23.411723457115894],[-51.97585467190279,-23.412070478203233],[-51.97586933822586,-23.412092064469025],[-51.97619472065518,-23.41255513908494],[-51.97634084676914,-23.412768978773908],[-51.9765474329462,-23.41305402586707],[-51.97670425488302,-23.41328406777922],[-51.97691796549356,-23.413578829831987],[-51.977528658442345,-23.414458426267387],[-51.97763118631804,-23.41461640852215],[-51.97769950235995,-23.41470959291793],[-51.97800665317393,-23.414518334748152],[-51.97856753866437,-23.414179198981444],[-51.97912817206802,-23.413843172583423],[-51.97969022808011,-23.41349724430287],[-51.980248843277245,-23.413157199268756],[-51.98081759827359,-23.412821608285523],[-51.981371443270305,-23.412489235853847],[-51.98216437575343,-23.41201139124026],[-51.98120654284011,-23.41065927750874],[-51.98112376763837,-23.410534494607784],[-51.98077506297285,-23.41004277452927],[-51.9801187624156,-23.40908804693556],[-51.97982606240602,-23.408667732008205],[-51.98046186066025,-23.40842904633477],[-51.98113563645322,-23.408198228654342],[-51.98123096458979,-23.408163761601873],[-51.98190630592356,-23.40791377833776],[-51.98088907347569,-23.4067665248744],[-51.98093960000897,-23.406719136169585],[-51.98298248320904,-23.405179726710724],[-51.98245270772337,-23.4046110556729],[-51.98240226364981,-23.40455646234432],[-51.98229023744112,-23.404428782939345],[-51.981577785821024,-23.403649395196485],[-51.98148396164785,-23.403552521217964],[-51.981108227632745,-23.40314507017094],[-51.98080380646827,-23.40276310438847],[-51.980746675539635,-23.40269743215284],[-51.9806577356486,-23.402595072511016],[-51.980503956981266,-23.40270557386332],[-51.97991975891552,-23.40315804722488],[-51.97979056037423,-23.4032612972723],[-51.97945267580635,-23.40353131656195],[-51.978912900902515,-23.403949704434588],[-51.97829553848316,-23.404433667706456],[-51.97772529447402,-23.4048755108059],[-51.9767537961536,-23.40563666148888],[-51.97616969124739,-23.406091861111367],[-51.975553238374935,-23.406575395511926],[-51.97501657364398,-23.40699942587189],[-51.974841817712786,-23.40713893191818],[-51.97443247258233,-23.40746934783374],[-51.97446597663617,-23.407545129389987],[-51.974514235002445,-23.407628946887986],[-51.9746365023788,-23.407635831758697],[-51.974753545198475,-23.407673779734292],[-51.97500683964148,-23.407860235542955],[-51.975229551335445,-23.408052499749676],[-51.97543860434967,-23.40827050449817],[-51.97555328147066,-23.40854395452135],[-51.97561203820598,-23.408790672739894],[-51.9756303482839,-23.408985090350956],[-51.97564934378891,-23.409315711881895],[-51.97585811520908,-23.409819122233177],[-51.97599971867415,-23.410202507322193],[-51.97605809269436,-23.410586423051164],[-51.976046829073134,-23.4109457422992],[-51.97606714379615,-23.410992622809054]]]}},{"type":"Feature","properties":{"NOME":"Jardim Oriental","ZONA":16,"COD_BAIRRO_GEO":2672,"LT_NOMEFANT":" "},"geometry":{"type":"Polygon","coordinates":[[[-51.95061648624674,-23.3687429418195],[-51.95030794870638,-23.36862151536173],[-51.9495861784546,-23.368341476536703],[-51.948864594368395,-23.36806119922807],[-51.94828875610648,-23.36783318502967],[-51.94747836025281,-23.36751691691653],[-51.9467534575938,-23.367231427295152],[-51.94593093455674,-23.36690885483575],[-51.94539322105254,-23.36669260024145],[-51.94480067638129,-23.366463506831572],[-51.94366952157287,-23.36602590274514],[-51.94235399235924,-23.36551020928165],[-51.94063483312336,-23.364828033052767],[-51.93901360132438,-23.37015086145849],[-51.940871257336525,-23.370891793250625],[-51.94549095425712,-23.372703878276106],[-51.94658180049951,-23.37314013587042],[-51.94789292171645,-23.373631199494174],[-51.94895210928267,-23.374053211177472],[-51.949772419530646,-23.374421743297262],[-51.94980775404333,-23.3742365148603],[-51.94989832770704,-23.373959588865418],[-51.94995387288539,-23.373798658823556],[-51.9499680338413,-23.37371112524278],[-51.94977721547456,-23.373417298024602],[-51.949742038335565,-23.37313073952911],[-51.94991029893021,-23.372925418493107],[-51.94982157525746,-23.37272241200875],[-51.9499309370958,-23.372417330640666],[-51.949962903498864,-23.37213957994971],[-51.95010911118748,-23.371561193556694],[-51.95049895485279,-23.37114696690741],[-51.95057459374386,-23.370873427082948],[-51.95050218452448,-23.37064755441799],[-51.95053800120541,-23.370502080634836],[-51.95066793629667,-23.370362512817234],[-51.95069556287392,-23.37015641429916],[-51.950713682645535,-23.3699772352027],[-51.95092617839823,-23.369855072621675],[-51.951067974885824,-23.369551946602844],[-51.951158179272554,-23.369257894422454],[-51.95116306120681,-23.36917928400593],[-51.95124167034184,-23.36898546446191],[-51.95061648624674,-23.3687429418195]]]}},{"type":"Feature","properties":{"NOME":"Jardim Ouro Cola","ZONA":19,"COD_BAIRRO_GEO":261,"LT_NOMEFANT":" "},"geometry":{"type":"Polygon","coordinates":[[[-51.994092618037705,-23.410886138344047],[-51.994084208435055,-23.41086977883048],[-51.99404474761957,-23.410783205812464],[-51.99339993950284,-23.411328709127577],[-51.99340225051025,-23.411389322902235],[-51.99260014604689,-23.412073459668434],[-51.99216027724133,-23.41244376383076],[-51.992071116562066,-23.412525717751844],[-51.99192423508187,-23.41265771524153],[-51.99172580588446,-23.412829890096965],[-51.99161459090529,-23.41292326388229],[-51.991475312665656,-23.41304458560815],[-51.99125586482261,-23.413231061845266],[-51.99086143629392,-23.413554621482103],[-51.991227289691544,-23.41391651405173],[-51.991605968563164,-23.414291091072272],[-51.99205075308054,-23.414731053843642],[-51.99242167694503,-23.415097951963006],[-51.9925063606426,-23.41518486123586],[-51.99268910004005,-23.415372401932416],[-51.99303332624979,-23.415069507842126],[-51.99395219822066,-23.414286147689392],[-51.99474694986236,-23.413611077423365],[-51.99498244435904,-23.41341499431501],[-51.995671160939565,-23.412830329899325],[-51.995663295099405,-23.41275732984425],[-51.99562900365485,-23.412637615619122],[-51.9955053383123,-23.412548431968865],[-51.99537762919468,-23.412366617948123],[-51.99527901711796,-23.41226717124832],[-51.995104607343585,-23.412122053585776],[-51.99505469486718,-23.412065547342113],[-51.994853633446226,-23.411894147000528],[-51.99466554819999,-23.411804753241785],[-51.99446396624788,-23.41168000073516],[-51.99434836966037,-23.411491915423277],[-51.994252902362526,-23.411256880732935],[-51.9941782905816,-23.411087820556233],[-51.994092618037705,-23.410886138344047]]]}},{"type":"Feature","properties":{"NOME":"Jardim Oásis","ZONA":37,"COD_BAIRRO_GEO":113,"LT_NOMEFANT":" "},"geometry":{"type":"Polygon","coordinates":[[[-51.90256680088641,-23.40462882250698],[-51.903557213140736,-23.40405552688416],[-51.90444964169936,-23.40354373166732],[-51.905250494425026,-23.403083842585435],[-51.905970442090975,-23.402675407152337],[-51.90620258872684,-23.40253456060393],[-51.90670668115107,-23.40224969923709],[-51.90670418079198,-23.402228437478797],[-51.906686355973264,-23.402168928330358],[-51.906676285371525,-23.402112806432207],[-51.90667615082958,-23.402049943057442],[-51.906673205458056,-23.401991070159657],[-51.90666523855545,-23.401927710289602],[-51.90665517290523,-23.401872310935506],[-51.906637282281274,-23.401817498003027],[-51.90662017023992,-23.401762049199945],[-51.906609419000524,-23.401706563495978],[-51.90660059910333,-23.401647273060405],[-51.90659639577032,-23.40159048486193],[-51.90659431887402,-23.40152980047888],[-51.90657694905792,-23.401465230633836],[-51.906560232829364,-23.40141041177851],[-51.90655218600234,-23.401349671699567],[-51.906542998713064,-23.401293905948776],[-51.90653892225781,-23.401227000937087],[-51.906528934901885,-23.401168710806807],[-51.90651965223964,-23.40111330689431],[-51.90651358228869,-23.401055445650357],[-51.90649818203566,-23.40099267080794],[-51.90647714786806,-23.400936070540777],[-51.906463960164714,-23.400882044102392],[-51.9064485704116,-23.400820804667095],[-51.906436945994436,-23.40076640787016],[-51.906439863005886,-23.40070614612426],[-51.90645015499222,-23.40065108028633],[-51.906469462769564,-23.400597858921785],[-51.90647232372306,-23.40054373940126],[-51.90646663541833,-23.40048443078339],[-51.90645460238138,-23.400427507336424],[-51.9064594081872,-23.400371570093732],[-51.906453904319314,-23.400280703673666],[-51.906441739846045,-23.40022416304838],[-51.90642951826299,-23.400174612779086],[-51.90636987728253,-23.399929715210494],[-51.90629480955072,-23.39981144289484],[-51.90623684150683,-23.399791998474758],[-51.90622520990397,-23.399736517827108],[-51.90625304717673,-23.399685595404055],[-51.906288335066556,-23.399636616860466],[-51.90629714137017,-23.399578940299623],[-51.90629036079279,-23.399517289624168],[-51.90625971723674,-23.39947221593488],[-51.90625669642217,-23.3994165950372],[-51.90625336667269,-23.399358717877796],[-51.906229147272505,-23.39930854889423],[-51.90619873711578,-23.399254622270796],[-51.906181929028136,-23.399200616780423],[-51.90617265651166,-23.39914665792141],[-51.90616775619069,-23.399088067285838],[-51.90616631096478,-23.399033882401657],[-51.90616577546006,-23.398969576167037],[-51.90615892232979,-23.398911629105875],[-51.90612967243486,-23.398855618328238],[-51.906114681902764,-23.398795460385642],[-51.90612419290073,-23.398740670050273],[-51.90612203012725,-23.39868170134751],[-51.90611828261311,-23.39861994274908],[-51.90612638182099,-23.398559018693526],[-51.90613117297506,-23.398500913800355],[-51.906115703042715,-23.3984422037872],[-51.90611432559396,-23.398383592720997],[-51.90611458342326,-23.398320817357202],[-51.90611405287592,-23.398257233664157],[-51.9061064169705,-23.39819929113186],[-51.90609173976772,-23.39814202167137],[-51.90608361951908,-23.398084804521325],[-51.90605143166687,-23.397970914270488],[-51.90602564200892,-23.397920031763576],[-51.90600033857588,-23.39786869482269],[-51.90596383217888,-23.397824829224106],[-51.905930920033136,-23.397777058933244],[-51.90590598412266,-23.397722197281603],[-51.905882628665076,-23.397669494196602],[-51.90587244800055,-23.397649732007686],[-51.9058431877271,-23.397589832850112],[-51.90531097160514,-23.39786295053385],[-51.905133106930016,-23.39788577352627],[-51.90229529016611,-23.399520844510345],[-51.90214395321456,-23.399595308074403],[-51.90052188381748,-23.400534712431178],[-51.90037574015783,-23.400616267212303],[-51.89992918463132,-23.400875993603215],[-51.89994657247457,-23.40101624965066],[-51.89996223427245,-23.401226459327205],[-51.90001158776995,-23.401441255734156],[-51.90002036093095,-23.401972930985572],[-51.90010164940404,-23.40231539626566],[-51.9001016775186,-23.40270254040824],[-51.89999007334688,-23.402854933422514],[-51.899914604927226,-23.40299039061859],[-51.899867141476726,-23.40322003435452],[-51.899866715914925,-23.40354058564961],[-51.89991516912974,-23.403839954021997],[-51.899988949980774,-23.40422069856876],[-51.90005327462604,-23.404351765806343],[-51.90022410492934,-23.404533600171334],[-51.90034016636917,-23.404657199460964],[-51.900483099475565,-23.404734043916577],[-51.90051839381832,-23.40478402622636],[-51.90051280139939,-23.4049143011672],[-51.90047393770397,-23.40510212238316],[-51.90048431716502,-23.40529682960854],[-51.90050343625817,-23.405443690704054],[-51.90051305709818,-23.405636913780423],[-51.90052053992674,-23.405675401175785],[-51.90053898694291,-23.40574200227687],[-51.90100673184672,-23.405487419334346],[-51.90107007164983,-23.40546336353037],[-51.90107495166422,-23.405482515293514],[-51.90154200091207,-23.405218565687093],[-51.90156138517195,-23.40520761068556],[-51.90256680088641,-23.40462882250698]]]}},{"type":"Feature","properties":{"NOME":"Jardim Paris","ZONA":48,"COD_BAIRRO_GEO":325,"LT_NOMEFANT":" "},"geometry":{"type":"MultiPolygon","coordinates":[[[[-51.958455738111134,-23.38734791843323],[-51.95764078873241,-23.38735298406208],[-51.957008541999166,-23.38735206801829],[-51.95677207016651,-23.387355859019923],[-51.956719070901904,-23.387619862022465],[-51.956655171989446,-23.38798186079724],[-51.9568448326914,-23.387978709573844],[-51.95798815080899,-23.387976924748653],[-51.95892866558265,-23.387976099096942],[-51.959598953763326,-23.387976622991463],[-51.95960284393683,-23.387341901493794],[-51.959159744184426,-23.387344599465983],[-51.958455738111134,-23.38734791843323]]],[[[-51.96430869139016,-23.38734114932595],[-51.963532839336715,-23.38733768324669],[-51.962592847436234,-23.387335100152768],[-51.96167465977641,-23.38734069950147],[-51.96095370858034,-23.387341603134566],[-51.9606989160933,-23.387342079556298],[-51.96073342686062,-23.387421708805498],[-51.96093474444963,-23.387961050779378],[-51.96140318458768,-23.38795333894943],[-51.9628119819186,-23.387948465488993],[-51.96406060978889,-23.387948765116768],[-51.965743535816216,-23.38793422470513],[-51.966408496387864,-23.3879336034224],[-51.96647245445281,-23.38775540366751],[-51.96657449820561,-23.38747517198836],[-51.96659732919712,-23.387410508121874],[-51.96663731997091,-23.38732868643633],[-51.96603192891671,-23.38733659801413],[-51.96521883508373,-23.38733797225489],[-51.96430869139016,-23.38734114932595]]],[[[-51.96462348909219,-23.38415625535626],[-51.96408076860982,-23.384162471763513],[-51.96294422311393,-23.384166636726512],[-51.96190440733481,-23.384165825093017],[-51.96060957361606,-23.3841651633999],[-51.959297074107376,-23.38416994547331],[-51.95805851729098,-23.384170806927457],[-51.95741589620317,-23.3841506956808],[-51.95764065408117,-23.383031091086],[-51.95776231852343,-23.38240051787761],[-51.95721173904329,-23.382403309914935],[-51.9567230893102,-23.382403312283547],[-51.956371665770725,-23.38240546180997],[-51.955086942676466,-23.38240630883349],[-51.95074157549733,-23.382432785959825],[-51.94832148690706,-23.382431962016636],[-51.947611668903654,-23.38243975297615],[-51.9476055277214,-23.382451820117417],[-51.94759141668824,-23.38247954582658],[-51.94760176852948,-23.38261433319284],[-51.94763682055874,-23.38275511274771],[-51.9476127744484,-23.383116273723545],[-51.94753971444886,-23.38338444577034],[-51.947435617750756,-23.383594271134985],[-51.94745911466224,-23.383757018274814],[-51.94748635213226,-23.383833865916603],[-51.9474858963069,-23.383966812063104],[-51.94748119068692,-23.384160269586918],[-51.9475192308543,-23.384239197802525],[-51.947528083817474,-23.384284552413064],[-51.94747656628667,-23.384469864764274],[-51.947359513904296,-23.38460047619456],[-51.94733680865184,-23.384626564934027],[-51.947266117411694,-23.384689134399352],[-51.94719680363533,-23.384752779348837],[-51.94716119374259,-23.38478172090836],[-51.9470987501689,-23.384903914885722],[-51.94708059752002,-23.384989441914282],[-51.94755978624248,-23.384985085655885],[-51.94814724556156,-23.384992104111053],[-51.94883911424989,-23.38498834284302],[-51.95008401810442,-23.384983693265642],[-51.9509682127199,-23.384980233390095],[-51.95084928387223,-23.385350394918348],[-51.95067209185359,-23.385925431817626],[-51.95063526211428,-23.385926837777024],[-51.95080872466839,-23.385339329682985],[-51.9509164223747,-23.385012472467523],[-51.948749409780916,-23.385020855526236],[-51.948230825278834,-23.385024001059815],[-51.94821935786255,-23.385024070597293],[-51.947725230258534,-23.385027297371575],[-51.94707239155079,-23.3850301399219],[-51.94706329940474,-23.385068820996793],[-51.94703920180252,-23.38517133737913],[-51.94697268232983,-23.38536495517224],[-51.946885918394486,-23.3856305526365],[-51.94680772489453,-23.385803360518572],[-51.94678324197417,-23.385831181474362],[-51.946722502966296,-23.38590020082516],[-51.94662346695884,-23.38594105761992],[-51.94656393741122,-23.385965615133173],[-51.94634139289779,-23.386048570370082],[-51.946241455405044,-23.386084872952242],[-51.946226428544634,-23.386089963183306],[-51.94620907064425,-23.38609584428398],[-51.94601563367318,-23.386161377834018],[-51.945921723431184,-23.38623749181262],[-51.947132858971464,-23.386226501521122],[-51.94782223494903,-23.386233990259935],[-51.94843578609588,-23.386229672036805],[-51.94906230666148,-23.38622885845217],[-51.949604024833626,-23.386226166572904],[-51.95019561273736,-23.386227949590637],[-51.95055159527451,-23.386228175870045],[-51.95055540137536,-23.38620386438669],[-51.95058896752572,-23.38620464844931],[-51.950587277003066,-23.38608935705024],[-51.95058493198289,-23.385929372242302],[-51.95062339953081,-23.385927563545934],[-51.950618056285165,-23.386143065655506],[-51.95061556540708,-23.38624350381833],[-51.950586327543164,-23.386243872144092],[-51.95006701619904,-23.386250422594138],[-51.94807034262631,-23.386259606075125],[-51.94775372324534,-23.38625942459472],[-51.94713981785697,-23.386254413882984],[-51.94654515198247,-23.386268310527548],[-51.9458906444941,-23.386261912188257],[-51.94585983738839,-23.386304638188854],[-51.945781182950014,-23.38641372110341],[-51.945723952069784,-23.386557453623812],[-51.94572128782606,-23.38663812417255],[-51.94570585011694,-23.386742769252237],[-51.9456830435947,-23.38679011464862],[-51.945620359565204,-23.386920243364823],[-51.94557742423342,-23.38697545916261],[-51.945541326069055,-23.387059405533222],[-51.94550836728126,-23.387144507092277],[-51.94547638884156,-23.387229873681306],[-51.94542959194011,-23.387309187999154],[-51.94539589602614,-23.387361722235987],[-51.94607530011658,-23.387359006549858],[-51.94663998737078,-23.387361889645412],[-51.947656698178214,-23.387361172795412],[-51.94936567962101,-23.387350037115354],[-51.95028943141224,-23.3873512187411],[-51.95138677061973,-23.387344918744382],[-51.95189140996932,-23.387343925695372],[-51.952648945651625,-23.387334217079054],[-51.95338057746552,-23.38733262637957],[-51.954199195528574,-23.387330500535246],[-51.95537140218138,-23.387324776042806],[-51.95606820740704,-23.387325490042162],[-51.9562277436103,-23.387326660504613],[-51.95677751974633,-23.387330691953597],[-51.95678056015542,-23.387315546517915],[-51.95696907305586,-23.387319658421557],[-51.95796362466299,-23.387312759920874],[-51.959023481851105,-23.38731489313596],[-51.95960133880472,-23.387308456627927],[-51.96005753513283,-23.38730758367638],[-51.96090391852699,-23.387308394516843],[-51.96155669455485,-23.387303611094808],[-51.96228763617914,-23.387300160271],[-51.96282884398644,-23.387292826431707],[-51.96353281733017,-23.387295270343998],[-51.96415907155575,-23.38729563605949],[-51.96456274360473,-23.387297516117044],[-51.965278100211734,-23.387298140552147],[-51.96578139764836,-23.38729570826099],[-51.9659403480886,-23.3872949404565],[-51.96665299285642,-23.38729149193224],[-51.96679776892837,-23.386786471059008],[-51.96686955798119,-23.38659749889364],[-51.9669513765482,-23.386313090037326],[-51.96699841464508,-23.386159376902523],[-51.9670717029504,-23.385983994130097],[-51.9671496514156,-23.38580858159791],[-51.96723352138397,-23.385592985543216],[-51.96729454938024,-23.385440620085117],[-51.96742264109934,-23.385111474977414],[-51.967425445752674,-23.38506987646721],[-51.967397080729434,-23.38501413140294],[-51.96737956736373,-23.384955451502595],[-51.96736674556693,-23.38490104457358],[-51.967403691081,-23.38485493285465],[-51.967487079655314,-23.384787026509077],[-51.96753194715263,-23.384762373025367],[-51.9675534431202,-23.384727827653034],[-51.967643941411566,-23.384569544319184],[-51.967731030954276,-23.384369699968147],[-51.96779379809613,-23.384243131932703],[-51.9678058285046,-23.384188571227412],[-51.96780412837603,-23.38416762091404],[-51.96704924783078,-23.384168517411943],[-51.96522155184209,-23.384149699090973],[-51.96462348909219,-23.38415625535626]]],[[[-51.97027080446465,-23.380527217246254],[-51.96935560743079,-23.380520943875425],[-51.968562529113676,-23.38051749284558],[-51.96753303720868,-23.380522600695095],[-51.96634759275696,-23.380526443561674],[-51.96530884896956,-23.380531284133045],[-51.9646207598757,-23.380527522719174],[-51.9635675665638,-23.38052921637477],[-51.9624301306375,-23.38052381903177],[-51.96176293202078,-23.380534667756802],[-51.96143942164448,-23.38053997799926],[-51.959999036221475,-23.38054739821115],[-51.958830335905134,-23.380543368763092],[-51.95830510419997,-23.38053226934977],[-51.9580884340568,-23.38166636886279],[-51.95784896846066,-23.382919766820486],[-51.958242576628656,-23.38291822253893],[-51.95897531811399,-23.382909396374973],[-51.95968551995907,-23.382906504634978],[-51.96050740274014,-23.382903361817267],[-51.96117511125041,-23.38289735802672],[-51.96194868591875,-23.382899012479434],[-51.962618548312676,-23.382891052788285],[-51.962701223415046,-23.38289214615499],[-51.963290714901795,-23.38290340464441],[-51.96471637443526,-23.382899396993345],[-51.966090634618936,-23.382889216948996],[-51.96714533375061,-23.382886912101533],[-51.96860323988722,-23.382863595551342],[-51.96868132462619,-23.382763431632615],[-51.968908344844536,-23.382475255508798],[-51.969175284391596,-23.382123024289378],[-51.9693561423447,-23.381895355267105],[-51.96945987618126,-23.38184882908894],[-51.96955306537929,-23.381847534222093],[-51.96995750759795,-23.38171382846818],[-51.97011336301774,-23.38167916652305],[-51.97020394061845,-23.38163917401604],[-51.97031084729103,-23.381601946938694],[-51.97038123841291,-23.381562796726946],[-51.97047125303529,-23.38155220077622],[-51.97062424067228,-23.381443712259138],[-51.970758551720415,-23.381330321286647],[-51.97084512118442,-23.381273147118044],[-51.97100837438513,-23.38108143131058],[-51.97109123537416,-23.380941833082566],[-51.971129971006825,-23.380821866448073],[-51.97114826489856,-23.38058377106029],[-51.971144944437604,-23.380550394528633],[-51.97114328795478,-23.38053375049679],[-51.97027080446465,-23.380527217246254]]]]}},{"type":"Feature","properties":{"NOME":"Jardim Parque Horto","ZONA":40,"COD_BAIRRO_GEO":151,"LT_NOMEFANT":" "},"geometry":{"type":"Polygon","coordinates":[[[-51.96619647044319,-23.439009896747933],[-51.96640810191845,-23.437872510750992],[-51.96620783761901,-23.4378365645435],[-51.96621658057561,-23.437794910564165],[-51.96626540406691,-23.437557160906547],[-51.96589908915463,-23.43748553303199],[-51.96491576830423,-23.437321515253903],[-51.96399445331158,-23.437166668759733],[-51.96369466477105,-23.437118014249236],[-51.96348291052715,-23.43819618832132],[-51.963338848098175,-23.4389165139155],[-51.963438712038716,-23.43894070053011],[-51.96458830887651,-23.439138137343445],[-51.965351034074516,-23.439267780442993],[-51.965925241914015,-23.439358001798578],[-51.96595945978185,-23.439151269307597],[-51.965729561078696,-23.439113875636917],[-51.965761468089646,-23.438942573083505],[-51.96601655895212,-23.4389823750148],[-51.96619647044319,-23.439009896747933]]]}},{"type":"Feature","properties":{"NOME":"Jardim Paulista","ZONA":36,"COD_BAIRRO_GEO":98,"LT_NOMEFANT":" "},"geometry":{"type":"MultiPolygon","coordinates":[[[[-51.87841796985221,-23.402358478775266],[-51.87709298006816,-23.40150149463568],[-51.876814024859335,-23.401746663467506],[-51.876878645793944,-23.40178443871724],[-51.87706221611004,-23.401891750577033],[-51.87707601630707,-23.401897183711448],[-51.87695033590622,-23.40208703887663],[-51.87706761003284,-23.40215389419323],[-51.87694656281625,-23.40233581561383],[-51.876982703952606,-23.40235710235859],[-51.876980060017495,-23.402360717452098],[-51.876926796862314,-23.402329345621254],[-51.87691734711465,-23.402325024322426],[-51.877026502601986,-23.402157893137332],[-51.87692025940866,-23.402095316798032],[-51.876908816592845,-23.402091350810164],[-51.87703607743935,-23.401906382291035],[-51.87684540462764,-23.401794076572223],[-51.87679703649961,-23.401749281484726],[-51.87710503577601,-23.401477879885118],[-51.87684634679677,-23.40132569184428],[-51.876457314081534,-23.40166516558572],[-51.875971797832456,-23.402084883461395],[-51.875876676375064,-23.402163775935836],[-51.87555620812732,-23.402447376272733],[-51.87522841649584,-23.40272950679509],[-51.87495214884572,-23.40297220148971],[-51.8746444922296,-23.40324094790728],[-51.874328471692074,-23.403516369308857],[-51.87397337239665,-23.40382827226248],[-51.87365671092305,-23.404106962002512],[-51.87334419848731,-23.404374750385898],[-51.873008965730094,-23.404676005874467],[-51.87265159244674,-23.404985329084024],[-51.87230272265326,-23.405294004296117],[-51.87203512169562,-23.405526030923674],[-51.87172436864727,-23.40579792687939],[-51.87168965296775,-23.405828300930565],[-51.87118928896321,-23.406262724066526],[-51.870429167433635,-23.406922663341746],[-51.87024254819393,-23.407084721797933],[-51.86899990677442,-23.408180015121868],[-51.868381820866475,-23.408731501070257],[-51.868132060278974,-23.408948376151507],[-51.867509741234294,-23.409488899056836],[-51.86652500292791,-23.410343782798428],[-51.86636225896332,-23.410485065643165],[-51.86617787462638,-23.41064632843868],[-51.86582124963293,-23.410958231000212],[-51.86519445769373,-23.411504013017094],[-51.86481084207981,-23.41184102799502],[-51.8646904013957,-23.411946838319125],[-51.86432553296265,-23.412263310178474],[-51.86397181138875,-23.41257512756891],[-51.86343178224313,-23.41304827048342],[-51.86307693614753,-23.413358773421344],[-51.86261811919568,-23.41376105210775],[-51.862172516333935,-23.41415007216731],[-51.86179291018597,-23.41447745023907],[-51.861536693127846,-23.414703568183647],[-51.86116063689106,-23.415039153590286],[-51.86117632903468,-23.415049618582525],[-51.86132428547722,-23.415146561835037],[-51.86139368509835,-23.41518963793747],[-51.86150336530959,-23.415258557194495],[-51.86196424955901,-23.41486240857492],[-51.862123928871505,-23.414727699067047],[-51.86217783901654,-23.41474869421608],[-51.8622598366452,-23.41477678813435],[-51.862341835285896,-23.414804882003047],[-51.86246196892963,-23.414815898444974],[-51.8625579261437,-23.41480518116716],[-51.86264990907486,-23.414780628474475],[-51.86273164192044,-23.41473949399788],[-51.862784218932624,-23.41470280270096],[-51.862824547056164,-23.414668809234197],[-51.86328614869779,-23.414267252474733],[-51.86342358335023,-23.414120146781332],[-51.86342395775333,-23.41412053038982],[-51.86347165203929,-23.41416943392177],[-51.8629981173646,-23.414582855981212],[-51.86281030912446,-23.4147522051007],[-51.862716836235315,-23.41481382911359],[-51.86259651512357,-23.41484802129674],[-51.86251823585576,-23.41485650847991],[-51.86237813053739,-23.414850513174652],[-51.86222655459569,-23.414801480884282],[-51.86214152896192,-23.414766466878753],[-51.861846428825636,-23.415010522113487],[-51.86154027146655,-23.415276429036783],[-51.861571027306304,-23.41528614071744],[-51.86172226742907,-23.41533389471061],[-51.861879589844634,-23.415386841067072],[-51.8621459735221,-23.41550129578397],[-51.86230532694403,-23.415569762376393],[-51.86231771596948,-23.41557508534916],[-51.86235334902282,-23.415590395245097],[-51.863059240777936,-23.414994029214586],[-51.86376596664012,-23.414411940918963],[-51.864097444621734,-23.414138919511853],[-51.864317209655496,-23.41395288021338],[-51.865402597191405,-23.413062486600836],[-51.86563077756825,-23.412868334896864],[-51.86569949805036,-23.412809863124203],[-51.86629096285797,-23.41232862440845],[-51.86702570575569,-23.411718393587673],[-51.86763870509069,-23.411210450293243],[-51.86818965146052,-23.410767157387887],[-51.86858711331307,-23.41044210008878],[-51.86899771853098,-23.410104832967427],[-51.869361464478054,-23.409804183092792],[-51.869814671677545,-23.409431103295415],[-51.870019215888625,-23.40926059878653],[-51.87006408176358,-23.409223636438202],[-51.87095721115067,-23.408487828008237],[-51.87134354910478,-23.40816480219385],[-51.87144439798142,-23.408084286232874],[-51.87215246093323,-23.407503280131547],[-51.872350220048595,-23.407343691706025],[-51.87260561538691,-23.407132904288613],[-51.87296734503964,-23.406833505818923],[-51.87368507337961,-23.406239638493815],[-51.87423218748239,-23.405787673644248],[-51.87457986328114,-23.405500354963298],[-51.87493964156138,-23.40520142364835],[-51.87539259364903,-23.404825565774498],[-51.875866936556335,-23.40443203165321],[-51.87621849404433,-23.40414629182284],[-51.87693858317628,-23.4035549439191],[-51.877457377298036,-23.403122783064298],[-51.87841796985221,-23.402358478775266]],[[-51.87679561986532,-23.402551148792675],[-51.87683471755929,-23.40259012762448],[-51.87695809773139,-23.40271313209209],[-51.87688219235451,-23.40278584856719],[-51.87683423242142,-23.402827156614247],[-51.87691424239986,-23.40290689515523],[-51.876851443745345,-23.40296460233525],[-51.87671856119613,-23.403074799815638],[-51.87671046118705,-23.403065760612552],[-51.87667641540203,-23.403030393414568],[-51.87631842069953,-23.40333193882762],[-51.87603688477479,-23.40356643836626],[-51.87575133733734,-23.403807922861347],[-51.87555833667429,-23.403967032646385],[-51.87543111748458,-23.404075751274533],[-51.87538230858962,-23.40411187713354],[-51.87536916762171,-23.40409618332341],[-51.87554208288088,-23.403950145776218],[-51.87602026735223,-23.40354946868042],[-51.876488415641575,-23.40315885148882],[-51.876681592473076,-23.402997712768187],[-51.87672362560653,-23.403041508316534],[-51.87687572952151,-23.402910067507037],[-51.87679952737094,-23.402833142807793],[-51.87679072312829,-23.402825200462335],[-51.87690491322051,-23.40272521761308],[-51.87691529490318,-23.40271575949249],[-51.87692052270757,-23.402710996353584],[-51.87677661875323,-23.40257076687277],[-51.876980060017495,-23.402360717452098],[-51.87679561986532,-23.402551148792675]],[[-51.875423261451054,-23.40415842236699],[-51.87535963554139,-23.404210467668054],[-51.87529912255283,-23.404259967379982],[-51.87517241702823,-23.404364871316062],[-51.87513086606366,-23.40432444349351],[-51.874995799929096,-23.404439943785363],[-51.874745913826594,-23.404651821414962],[-51.874446022805394,-23.404907202345104],[-51.87400625771236,-23.40527303204793],[-51.87395001597706,-23.40531544052743],[-51.873916781413364,-23.405286154132707],[-51.873909677132964,-23.40527989362196],[-51.87393241437524,-23.40529896567451],[-51.87412217541344,-23.405140563306023],[-51.874512026653896,-23.40481197351901],[-51.87492503672295,-23.40446597533153],[-51.875131290417464,-23.404295060088362],[-51.87517438323499,-23.4043354142442],[-51.875362013928736,-23.404169137190493],[-51.87540329676301,-23.40413694259374],[-51.875382317085396,-23.404111887279754],[-51.875423261451054,-23.40415842236699]],[[-51.873840137191,-23.405337586992477],[-51.873673534855406,-23.405478161748487],[-51.87371116702376,-23.40551572605871],[-51.87368550383201,-23.405537955218605],[-51.87367474401178,-23.405547275246338],[-51.87320385650267,-23.4059389464423],[-51.87256432286538,-23.406470885167295],[-51.87250334465827,-23.406523184624287],[-51.872387327614476,-23.406620915600804],[-51.87128529686081,-23.40754924073834],[-51.87128003348649,-23.407541902472126],[-51.87115869374855,-23.40741940787745],[-51.87110918517012,-23.407369496293043],[-51.87112760128193,-23.407353596040746],[-51.87128488485562,-23.407506785092302],[-51.87208138210668,-23.406836667104972],[-51.87270876470621,-23.406310287959933],[-51.87335972326434,-23.405767826362016],[-51.87366395294963,-23.40551619957711],[-51.87362898253268,-23.405476516761663],[-51.87389335849192,-23.405266205507285],[-51.87390967636636,-23.405279892978932],[-51.873840137191,-23.405337586992477]],[[-51.871099363792986,-23.40770784514892],[-51.87082237830802,-23.407935382500934],[-51.870265664865535,-23.408401484993913],[-51.869860918505,-23.4087379874722],[-51.86966520515448,-23.408905592941554],[-51.8696652378882,-23.408905627624158],[-51.86963829574643,-23.408877497025024],[-51.8699873919572,-23.408588518396716],[-51.87061372130946,-23.408063022146127],[-51.87107421199428,-23.407683032840747],[-51.8709236732487,-23.40752966508355],[-51.871099363792986,-23.40770784514892]],[[-51.86977774293751,-23.409024830960128],[-51.86971570522044,-23.409086823267856],[-51.86977774244699,-23.409024830440405],[-51.86977774293751,-23.409024830960128]],[[-51.86956095951756,-23.409213934759627],[-51.86925405037627,-23.409465558711897],[-51.86959092424599,-23.409189321078856],[-51.86956095951756,-23.409213934759627]],[[-51.86922933609927,-23.409485821073684],[-51.8690944983639,-23.40959636820103],[-51.86908221895891,-23.409606435442058],[-51.86912476074594,-23.409571557153136],[-51.869235703636484,-23.409480600555085],[-51.86922933609927,-23.409485821073684]],[[-51.868904820266486,-23.409751875663535],[-51.868904926709924,-23.409751788394164],[-51.86890509158089,-23.409751653225985],[-51.868904820266486,-23.409751875663535]],[[-51.86854424024818,-23.410047496736368],[-51.8683519744426,-23.410209291775793],[-51.86809632797115,-23.40994272603905],[-51.86813205591471,-23.409978421742732],[-51.86820529214164,-23.410053720523006],[-51.868310539876866,-23.410161933771004],[-51.868349178873466,-23.410206376343606],[-51.86860333050558,-23.4099990515903],[-51.86862555514979,-23.409980830884898],[-51.86854424024818,-23.410047496736368]],[[-51.8674085682115,-23.40998299447053],[-51.867406809242055,-23.409984523735126],[-51.86780427520211,-23.4096384617766],[-51.8674085682115,-23.40998299447053]],[[-51.8667349307602,-23.411250083603857],[-51.86646816096943,-23.411488772183194],[-51.86646051168741,-23.411481143503217],[-51.86645674270296,-23.41147738440282],[-51.86637855557123,-23.411399408005295],[-51.866124245196595,-23.41162328897993],[-51.86578043421993,-23.411913164812326],[-51.865452717625146,-23.412189209074306],[-51.86546441337688,-23.412200377712985],[-51.86555042416103,-23.412287668643888],[-51.86553720990688,-23.4122989906325],[-51.865497464946166,-23.412333045674224],[-51.86541215277623,-23.412407197144248],[-51.865336717618334,-23.41246945708159],[-51.865306768605144,-23.412443335457],[-51.86550425725968,-23.41228099665826],[-51.8654299483538,-23.4122056610186],[-51.86540737115493,-23.412184680386726],[-51.865939932868066,-23.411735137408932],[-51.8663859693816,-23.41135358415697],[-51.866468954317085,-23.411437008399012],[-51.86670482540997,-23.41121904053156],[-51.8667349307602,-23.411250083603857]],[[-51.86508075511068,-23.412640015469375],[-51.865074132311534,-23.412633109942217],[-51.8649673427863,-23.412521751709274],[-51.8645167753761,-23.412915763547858],[-51.8636487432974,-23.41367721089759],[-51.86351984407269,-23.413785908667766],[-51.863453565909985,-23.413842711300017],[-51.86350353544725,-23.413894754511496],[-51.86347795170186,-23.413916465870123],[-51.86334250504967,-23.41403591167132],[-51.86331272412088,-23.414004971212588],[-51.86344800116184,-23.413887542092564],[-51.863396346731406,-23.413836320175022],[-51.863622716526585,-23.413641512939453],[-51.86421281190877,-23.413129264515863],[-51.864947441098224,-23.41249154148234],[-51.86496904476262,-23.41247507799507],[-51.865082540751565,-23.412591162710136],[-51.86522103903753,-23.412470932332273],[-51.86523593582581,-23.412460376923065],[-51.86528202106385,-23.412420769021097],[-51.865306768605144,-23.412443335457],[-51.86508075511068,-23.412640015469375]]],[[[-51.864817458727885,-23.41057732222808],[-51.86339594918719,-23.411891139740906],[-51.86318159191751,-23.41207105379174],[-51.86272781400838,-23.412485851633853],[-51.86258084313594,-23.412620196197995],[-51.86204765802017,-23.413109543001788],[-51.86114971219368,-23.413925113295047],[-51.86036516965895,-23.414638602745907],[-51.86059165721309,-23.414668090254178],[-51.86108264114773,-23.414987137654695],[-51.86112429352497,-23.41501491622315],[-51.86181435777141,-23.414414416761645],[-51.86232099950186,-23.413973152346365],[-51.863305683918995,-23.413107098096983],[-51.863490640587386,-23.41294262986072],[-51.864680694069385,-23.411909553561053],[-51.86501932453445,-23.411602249404762],[-51.86596027777614,-23.41077976243919],[-51.86683802167698,-23.410003726789057],[-51.86748417279696,-23.409444414404206],[-51.868349495864145,-23.408688423399393],[-51.869128477245084,-23.4080130449849],[-51.87017387628168,-23.40709942307239],[-51.87119056505385,-23.40620783602903],[-51.87195129275949,-23.40554048786114],[-51.87280286118684,-23.40479540657506],[-51.873778079767135,-23.403948361614667],[-51.874615276065434,-23.403210725993734],[-51.87580268977828,-23.40217594514345],[-51.876646014506576,-23.401424206876367],[-51.876424453274616,-23.401295078767607],[-51.87633781706175,-23.401244585600292],[-51.87555724925002,-23.400789659110636],[-51.875193996846576,-23.401122041343925],[-51.87474486164028,-23.40150658787088],[-51.874323529857634,-23.40189698316314],[-51.87390075968121,-23.402285994435356],[-51.873212795867836,-23.402899277237793],[-51.872608119055954,-23.40346287981569],[-51.87201436323527,-23.4040022082207],[-51.871559144580075,-23.404418757681327],[-51.871040079142205,-23.4048882963589],[-51.87070163368428,-23.40519284004151],[-51.87011635294613,-23.405738553370956],[-51.86966600500275,-23.4061374312844],[-51.869469200599426,-23.40632071171955],[-51.86872855035929,-23.40699174904692],[-51.86818295685621,-23.407489371875805],[-51.86760815161356,-23.408016554186982],[-51.86705542609802,-23.408526820054462],[-51.86646616846366,-23.409068121876196],[-51.86589590902792,-23.409591947223483],[-51.865438519905716,-23.4100088392565],[-51.864817458727885,-23.41057732222808]]]]}},{"type":"Feature","properties":{"NOME":"Jardim Paulista 4","ZONA":36,"COD_BAIRRO_GEO":2791,"LT_NOMEFANT":" "},"geometry":{"type":"Polygon","coordinates":[[[-51.87029592931473,-23.40402143939764],[-51.87003002777252,-23.40428844960221],[-51.8700352350565,-23.404362104026497],[-51.869733507182744,-23.404579578834934],[-51.86957170114837,-23.404702109571133],[-51.869521988849115,-23.404742589702074],[-51.86936485757683,-23.404870536160217],[-51.8688957733966,-23.405317173961727],[-51.86866748755072,-23.405328278348016],[-51.86867886717486,-23.40554269619224],[-51.86835849701945,-23.405837456391613],[-51.868080040950076,-23.406102421419117],[-51.86718141744935,-23.406968007978783],[-51.86670903956313,-23.40741982960904],[-51.866090033677146,-23.407992287424435],[-51.86520703439572,-23.408819745171026],[-51.86450899714222,-23.40948254535433],[-51.86309103324131,-23.410833400749713],[-51.86259970070968,-23.411312389336985],[-51.86184376422523,-23.412004883277177],[-51.86165952570418,-23.412176246293953],[-51.861471855477234,-23.412350801963303],[-51.86080786629222,-23.41299581443591],[-51.86047086384208,-23.413312219741577],[-51.86066852083886,-23.413492976774414],[-51.860662720402864,-23.41349863944648],[-51.86065434653436,-23.41350681462124],[-51.86065303108603,-23.413508016837334],[-51.860454481972006,-23.413689503014524],[-51.86025239411578,-23.413493729575436],[-51.8597269912369,-23.413993207920253],[-51.85979526936517,-23.4140425331404],[-51.859880001369575,-23.414106784820287],[-51.85996668265014,-23.414209737131017],[-51.85997246055952,-23.41426539017771],[-51.85998650382048,-23.414302726344474],[-51.86004084238147,-23.41436933194896],[-51.86006927562828,-23.414425258589876],[-51.86006655277706,-23.414468251832073],[-51.860131273719155,-23.41451729028311],[-51.86072244636565,-23.413973227165492],[-51.86074172715028,-23.413987903150268],[-51.860853641455805,-23.41407861088252],[-51.8609003163048,-23.41408839124318],[-51.860968059787446,-23.414035810500103],[-51.86131268779579,-23.41371756105913],[-51.86144109496964,-23.413599402866257],[-51.86239571662018,-23.412720967857016],[-51.86329653826837,-23.4118995823729],[-51.86478916128213,-23.410544569788836],[-51.86480194394723,-23.410532964832875],[-51.86504279730504,-23.410314312487056],[-51.86539541187313,-23.4099849582583],[-51.865976631442166,-23.409454980764995],[-51.86630536879265,-23.409153047880658],[-51.86713372075751,-23.4083949923066],[-51.86757836384511,-23.407989253364015],[-51.868022827989854,-23.40758125161253],[-51.86870563968319,-23.406953350194428],[-51.86940204539046,-23.406319451424526],[-51.870068586704896,-23.405705177761252],[-51.87094340098862,-23.404905326305688],[-51.87100209797181,-23.404849452549872],[-51.871695299820814,-23.404222219461452],[-51.872376417997295,-23.403590844536243],[-51.87243261769135,-23.403541005108888],[-51.8732937343131,-23.40275849976318],[-51.873979498360775,-23.40212737485085],[-51.87451048299803,-23.40163996561018],[-51.87489459083001,-23.40129474351757],[-51.87384660275501,-23.400645849639307],[-51.87029592931473,-23.40402143939764]]]}},{"type":"Feature","properties":{"NOME":"Jardim Petrópolis","ZONA":48,"COD_BAIRRO_GEO":327,"LT_NOMEFANT":" "},"geometry":{"type":"Polygon","coordinates":[[[-51.964900622569495,-23.39710248091089],[-51.9656701003751,-23.3971012542473],[-51.96563035070854,-23.397045399589288],[-51.96551144893428,-23.39689438473926],[-51.965472224156294,-23.396840857980973],[-51.96541991090181,-23.396702014372945],[-51.96444339483571,-23.39632777806571],[-51.96412289833551,-23.39565332592483],[-51.96391794768158,-23.395659160123497],[-51.96321765486566,-23.39566825575947],[-51.96241431009071,-23.395670860943724],[-51.96234002135288,-23.395672227842514],[-51.96236629268693,-23.396154795590455],[-51.96240216897123,-23.39681988201442],[-51.96241046897217,-23.397108512603385],[-51.963446087370485,-23.397110343873276],[-51.96411875027752,-23.397109695364065],[-51.964900622569495,-23.39710248091089]]]}},{"type":"Feature","properties":{"NOME":"Jardim Pilar","ZONA":48,"COD_BAIRRO_GEO":2792,"LT_NOMEFANT":" "},"geometry":{"type":"Polygon","coordinates":[[[-51.96015850759851,-23.376158011295804],[-51.96006702785876,-23.376639962421518],[-51.959982713723726,-23.377063522782997],[-51.960521830147606,-23.377060887714595],[-51.96121533170525,-23.377054558141403],[-51.96172297419783,-23.37705767162999],[-51.962798494300664,-23.377041841253494],[-51.963348808765424,-23.377035602269192],[-51.96433776056309,-23.37703382008559],[-51.96522887981089,-23.377028224116547],[-51.96603001058107,-23.377021922512952],[-51.966863552469576,-23.377011292390666],[-51.96803320597662,-23.377003813017435],[-51.96912029784726,-23.376999625586226],[-51.97007682964663,-23.376986380930223],[-51.97004733517397,-23.376942583744007],[-51.969975021760945,-23.376824022257793],[-51.9699387147978,-23.376743951841775],[-51.96976293206237,-23.37649411768781],[-51.96964178376765,-23.376281224722803],[-51.96954917602716,-23.376148450319764],[-51.96950740516847,-23.376028311023802],[-51.96881521098781,-23.376033989005307],[-51.967511463199585,-23.376053510553493],[-51.96634572263039,-23.376057868120967],[-51.965222009197156,-23.37606768132435],[-51.964021710289735,-23.376072210433115],[-51.962831843713275,-23.376076710370903],[-51.96155145704196,-23.376090297628277],[-51.960569889582,-23.376094881647912],[-51.95985174241301,-23.376082718931897],[-51.95985159749858,-23.376082568081205],[-51.95911245468989,-23.3760898930083],[-51.958965337049754,-23.376091660309026],[-51.958961633732194,-23.37612443807951],[-51.959317942428704,-23.37612460608715],[-51.95982147991626,-23.37611724844864],[-51.960163154194504,-23.376111566601914],[-51.96015998801057,-23.376143213884458],[-51.96015850759851,-23.376158011295804]]]}},{"type":"Feature","properties":{"NOME":"Jardim Pinheiros","ZONA":37,"COD_BAIRRO_GEO":117,"LT_NOMEFANT":" "},"geometry":{"type":"MultiPolygon","coordinates":[[[[-51.89683122134359,-23.413513857018245],[-51.89695203563953,-23.4134173660059],[-51.898031053906486,-23.41255559314821],[-51.898151905399025,-23.41245907121968],[-51.899014931271594,-23.411769787650254],[-51.89911685469764,-23.411688383639547],[-51.89916791985956,-23.411511352022828],[-51.899239613612075,-23.411298955273956],[-51.899417870584756,-23.410872624184986],[-51.899465735935046,-23.410703875361836],[-51.89943709078579,-23.41042051290094],[-51.89942737482976,-23.410301405088152],[-51.89939701992829,-23.409105833530127],[-51.899410597379905,-23.40870502417478],[-51.89941070200646,-23.408693425310123],[-51.89941093828507,-23.408666985764583],[-51.89919735740726,-23.408788660465646],[-51.898541249105804,-23.409166727936338],[-51.89796018820893,-23.409497667615177],[-51.8974773770937,-23.409773578437036],[-51.897987857296265,-23.41053640809044],[-51.898174589973635,-23.41081380504705],[-51.89831422772511,-23.410785280596862],[-51.89843215361281,-23.41076261723085],[-51.89844179244853,-23.410804614873502],[-51.898531648768646,-23.411192759563264],[-51.89851676410453,-23.41119656824108],[-51.89850427649346,-23.4111997636067],[-51.89841219637375,-23.410828460288556],[-51.898404595451844,-23.410797810737048],[-51.898211722273096,-23.41083161445608],[-51.898148416390775,-23.410846070436545],[-51.89785325492071,-23.41039084084475],[-51.897635427144856,-23.41007649609686],[-51.897430176048765,-23.40978255028281],[-51.89741507717936,-23.40977010480903],[-51.897716357363606,-23.4095972660429],[-51.89816004261142,-23.409333234582594],[-51.89861753621374,-23.40907558412879],[-51.89942530705868,-23.408606291498316],[-51.89944731740113,-23.408480012807953],[-51.8994742966173,-23.40834536426303],[-51.899511444199575,-23.408169016874634],[-51.89958292874576,-23.40801720741265],[-51.89962604608236,-23.407879533170767],[-51.89973287947909,-23.407670202609527],[-51.89981628229288,-23.407494305057657],[-51.899878921105035,-23.40733078826963],[-51.899914598200056,-23.407181543178506],[-51.89994378763474,-23.40702042376124],[-51.89995225612942,-23.406863401462278],[-51.89995531186556,-23.406725951525637],[-51.89994268417505,-23.40662607198054],[-51.899933744999146,-23.406552815314633],[-51.89989745950712,-23.40630792795834],[-51.8998914409236,-23.406230073328278],[-51.89988875567447,-23.406207229163623],[-51.8993882192739,-23.40649660271145],[-51.898756956073875,-23.406860894672437],[-51.89848563244103,-23.40701054627789],[-51.8984992124406,-23.40702085253067],[-51.89852105751512,-23.407037432904048],[-51.89875674219419,-23.407215173665644],[-51.898149513546784,-23.407596250492407],[-51.8979843612656,-23.40734234579699],[-51.89796978081694,-23.407322282327517],[-51.89796107897551,-23.407310307745746],[-51.89758513711202,-23.407528016998437],[-51.89695104300729,-23.40789921421985],[-51.89626285688986,-23.408295087233945],[-51.89564304674127,-23.40864545848569],[-51.89492564470293,-23.4090588775421],[-51.89416462284351,-23.409495541763466],[-51.893465216850814,-23.409900868632892],[-51.892765680431154,-23.410297899816545],[-51.892358459372204,-23.410521767532337],[-51.89238977278478,-23.410539320743727],[-51.89242826076967,-23.410561513465904],[-51.892622110981534,-23.410674636604675],[-51.89269892546382,-23.410718996649273],[-51.89515919014185,-23.40929542125651],[-51.895177410216355,-23.409288437934688],[-51.895582281115395,-23.40988690837826],[-51.89574896942441,-23.410138440321976],[-51.89489397824781,-23.410618730502748],[-51.89492208763017,-23.410653289341763],[-51.89574629253397,-23.41176222900139],[-51.89569650542344,-23.411772400521944],[-51.89480381984434,-23.41195476389241],[-51.89510205199315,-23.41246080600981],[-51.89550079813739,-23.413125435213185],[-51.89589686201278,-23.413789225081555],[-51.89609085056345,-23.414105153051274],[-51.89683122134359,-23.413513857018245]]],[[[-51.906514812902735,-23.403897959563363],[-51.90666235759344,-23.40380692519858],[-51.90712305526008,-23.403553670387495],[-51.90711937238614,-23.40354400833914],[-51.90708544897842,-23.40349172813979],[-51.90706258557007,-23.403439654704876],[-51.907057839733305,-23.403375101991163],[-51.907035498891666,-23.403313540800085],[-51.907021914331985,-23.403258794163506],[-51.907000166844114,-23.40319813364547],[-51.90698345819877,-23.403144488999793],[-51.90696440032985,-23.40309076766317],[-51.90694290276481,-23.40303805402426],[-51.90691806323766,-23.40298319204633],[-51.90689278491828,-23.402921377812078],[-51.90687300026878,-23.402861518779133],[-51.906856031401546,-23.40279839180986],[-51.90684104495659,-23.402738956538798],[-51.90682157362445,-23.402681985984362],[-51.90680101601816,-23.402623576576683],[-51.90678312030704,-23.402568042026413],[-51.906761859884654,-23.40250701735013],[-51.90674270680672,-23.402453657818242],[-51.90672841777085,-23.402396024926436],[-51.90672358470066,-23.402347369377527],[-51.9067110368428,-23.402286745753024],[-51.90671083113657,-23.40228499289207],[-51.90609042534124,-23.40263679706991],[-51.90554897677102,-23.402952447888673],[-51.90495403704877,-23.403294530493543],[-51.904352530418166,-23.40363587754661],[-51.90393581309868,-23.40387937437907],[-51.90343582462011,-23.404165681901002],[-51.90293993868624,-23.404450013205235],[-51.90274121865621,-23.40456316519436],[-51.90232097718303,-23.404803773437955],[-51.90172275070041,-23.405147684851734],[-51.901200849191135,-23.40544899062199],[-51.90107750103202,-23.405523570061124],[-51.90109209494155,-23.405659212052782],[-51.90118178584375,-23.405822473220447],[-51.901210277372215,-23.405874222446666],[-51.901597624541886,-23.406443369320602],[-51.901731593738944,-23.406645876111842],[-51.902217451026885,-23.40636756490057],[-51.90334194460432,-23.40572167571371],[-51.90424624843841,-23.405200993767956],[-51.90512681698391,-23.40469787907558],[-51.90611533813229,-23.404122982467758],[-51.906514812902735,-23.403897959563363]]]]}},{"type":"Feature","properties":{"NOME":"Jardim Portugal","ZONA":20,"COD_BAIRRO_GEO":2973,"LT_NOMEFANT":" "},"geometry":{"type":"Polygon","coordinates":[[[-51.94076042389436,-23.458181376331506],[-51.94075703725308,-23.458053679481658],[-51.94057918586483,-23.458053837868363],[-51.93981135378566,-23.45805625988869],[-51.93926458478981,-23.458058431127608],[-51.93806232609671,-23.45806566522752],[-51.93694731906961,-23.458067334267383],[-51.936835819079135,-23.458068006616045],[-51.93589480984119,-23.458073680180508],[-51.93526728036763,-23.458077429231075],[-51.93456481943199,-23.458083789669015],[-51.93397885019318,-23.458079413080426],[-51.933824834837644,-23.458085673072084],[-51.93361192042163,-23.45809784738171],[-51.93344133108585,-23.45810760225348],[-51.93331231121471,-23.458110644874935],[-51.93291601704259,-23.458114996056107],[-51.9329240167872,-23.458167535795713],[-51.932931185445426,-23.45826607013718],[-51.93286775409354,-23.458417281878308],[-51.932852467257575,-23.458526498186668],[-51.93285141000589,-23.458714625023642],[-51.93286394380372,-23.45877735295],[-51.936751360259535,-23.458469339005433],[-51.937416826802824,-23.458418977998978],[-51.94076042389436,-23.458181376331506]]]}},{"type":"Feature","properties":{"NOME":"Jardim Primavera","ZONA":33,"COD_BAIRRO_GEO":2826,"LT_NOMEFANT":" "},"geometry":{"type":"Polygon","coordinates":[[[-52.07335556480842,-23.37527682025116],[-52.07335166897449,-23.375192998222513],[-52.073364169539204,-23.37481653503186],[-52.07338080768088,-23.37463241347698],[-52.07337538355385,-23.374602773602614],[-52.07273342284561,-23.374589026020896],[-52.071729899337484,-23.374553077360684],[-52.07081292406011,-23.37452707907768],[-52.06987336799521,-23.374495137815224],[-52.06883755404266,-23.37446875931937],[-52.06849766195967,-23.374464851221056],[-52.0681207087258,-23.375838499450076],[-52.06876529253355,-23.375770450189208],[-52.06957695208655,-23.37568112734641],[-52.0702477808945,-23.37560372694907],[-52.07123270081564,-23.37550534406807],[-52.071843515664426,-23.375438397700375],[-52.07257540368999,-23.375357172064355],[-52.07335556480842,-23.37527682025116]]]}},{"type":"Feature","properties":{"NOME":"Jardim Pro-lar","ZONA":39,"COD_BAIRRO_GEO":149,"LT_NOMEFANT":" "},"geometry":{"type":"Polygon","coordinates":[[[-51.909404007218875,-23.456215260037983],[-51.90911926021456,-23.456322596562394],[-51.90840435763464,-23.456585574224114],[-51.90841490419383,-23.456601961246573],[-51.908429573605495,-23.45662338226035],[-51.908793068696895,-23.457151440136585],[-51.90949759810073,-23.45687822539274],[-51.91451787378975,-23.454996383160264],[-51.91447626877931,-23.45494009671574],[-51.91415394869475,-23.454489982425837],[-51.914108813153796,-23.454419678814727],[-51.90991230751452,-23.455991644691366],[-51.90980064686954,-23.456036592221288],[-51.90939511188859,-23.45619983080105],[-51.909404007218875,-23.456215260037983]]]}},{"type":"Feature","properties":{"NOME":"Jardim Real","ZONA":48,"COD_BAIRRO_GEO":318,"LT_NOMEFANT":" "},"geometry":{"type":"Polygon","coordinates":[[[-51.945424944313515,-23.395395550264173],[-51.94641039440629,-23.39538776440903],[-51.94745267823412,-23.395385184455264],[-51.948300901194806,-23.39538864416028],[-51.94920042471078,-23.39537841296875],[-51.94998379652243,-23.39538320568956],[-51.95094759347644,-23.3953763610019],[-51.951341524639396,-23.39538163957575],[-51.95134811051076,-23.395580415751883],[-51.95138914998169,-23.396224503092803],[-51.951977390693024,-23.396217429902574],[-51.95281644163684,-23.39621875400166],[-51.953553920127895,-23.396211265506505],[-51.9543360482168,-23.396203983258463],[-51.95504554048344,-23.396204455120188],[-51.95582971524663,-23.396202742876948],[-51.95642923437683,-23.396196932466736],[-51.956303131558094,-23.3940485610062],[-51.9562390405067,-23.394045075570897],[-51.95616473257349,-23.394029761804855],[-51.95609443509688,-23.39400277022336],[-51.95603028429802,-23.393964921432342],[-51.95597422794164,-23.39391736596278],[-51.9559279702785,-23.393861548477624],[-51.955892915952255,-23.393799163855938],[-51.95588828997834,-23.39373871662187],[-51.94627345912901,-23.393800883204957],[-51.94432171475659,-23.393805410777173],[-51.94372458674819,-23.393803423993138],[-51.943727397475456,-23.39406626518116],[-51.94377467812433,-23.39415997913604],[-51.94387087959871,-23.394288712504988],[-51.944029895484256,-23.394510411943664],[-51.9441270495487,-23.394633891704927],[-51.94421065173248,-23.394747303829956],[-51.94435332866249,-23.39498224878203],[-51.944450562497835,-23.395127095187913],[-51.94464923666993,-23.39539678055435],[-51.945424944313515,-23.395395550264173]]]}},{"type":"Feature","properties":{"NOME":"Jardim Rebouças","ZONA":48,"COD_BAIRRO_GEO":319,"LT_NOMEFANT":" "},"geometry":{"type":"Polygon","coordinates":[[[-51.96180178716902,-23.380487313590745],[-51.963145288800895,-23.380483295109556],[-51.96409427383539,-23.380486106164245],[-51.96497206499016,-23.38048642433919],[-51.9659891057368,-23.380484461317653],[-51.96702163853431,-23.380478108341492],[-51.967974671296886,-23.380477899243928],[-51.969034820803735,-23.38047564236565],[-51.969861037298145,-23.38046621976779],[-51.97071764329571,-23.380476677161756],[-51.97114609897655,-23.38048365808923],[-51.97113589736875,-23.38024972279991],[-51.971122550663864,-23.38001680508007],[-51.971112515682314,-23.379918648545136],[-51.97106901368743,-23.379810662416368],[-51.970946924251514,-23.37946944730966],[-51.970843870849144,-23.379182599259916],[-51.97074970461212,-23.378879833753913],[-51.969638941403794,-23.378877613332794],[-51.96446239453333,-23.37890027123791],[-51.96418233828163,-23.37888464182404],[-51.95844053519551,-23.37888329882756],[-51.95817285713252,-23.380270713145467],[-51.95814145778728,-23.38046576398969],[-51.95932023747045,-23.380497095124113],[-51.95989772470984,-23.38050579301845],[-51.9602490083099,-23.380498267858858],[-51.96123466035687,-23.38049467418711],[-51.96180178716902,-23.380487313590745]]]}},{"type":"Feature","properties":{"NOME":"Jardim San Remo","ZONA":40,"COD_BAIRRO_GEO":154,"LT_NOMEFANT":" "},"geometry":{"type":"Polygon","coordinates":[[[-51.961496951549925,-23.44181816749184],[-51.96154708043267,-23.44156481003644],[-51.961645180710356,-23.441081298188045],[-51.96051363120721,-23.440892647277444],[-51.96044390724583,-23.44088020201605],[-51.96031775158087,-23.44153699896251],[-51.96027609440385,-23.441749538635154],[-51.96067976024941,-23.441815527599264],[-51.961143682205744,-23.441895608412665],[-51.9611443649108,-23.44188348498372],[-51.96116018551243,-23.44187213478023],[-51.961174106797905,-23.441858521684846],[-51.961185808270876,-23.441842959098764],[-51.9611950205396,-23.441825805304422],[-51.96120153151887,-23.441807455217113],[-51.96120519131267,-23.441788331293235],[-51.96120591566512,-23.441768873804477],[-51.961496951549925,-23.44181816749184]]]}},{"type":"Feature","properties":{"NOME":"Jardim Santa Alice","ZONA":37,"COD_BAIRRO_GEO":122,"LT_NOMEFANT":" "},"geometry":{"type":"Polygon","coordinates":[[[-51.90227147617719,-23.40802393152911],[-51.90225742818999,-23.40803328872297],[-51.90222068750451,-23.40805775957042],[-51.900884824040176,-23.40887609075081],[-51.90092558552633,-23.408912474109517],[-51.90100406827799,-23.408995716717833],[-51.90106473185904,-23.409069055260986],[-51.9011656681618,-23.409206580120113],[-51.90123044218037,-23.409304457973438],[-51.90129734424038,-23.40942506752193],[-51.901353517141786,-23.409553766756574],[-51.90139112203048,-23.409692348643762],[-51.901411130590276,-23.409777368082757],[-51.90147346607912,-23.410042243701636],[-51.90162522997865,-23.40994407850628],[-51.90236469249715,-23.409351173610723],[-51.90298396230364,-23.40885129350265],[-51.90366544225787,-23.408298475698416],[-51.90444577171135,-23.407672945394943],[-51.90504132250989,-23.407199665384322],[-51.90457924785233,-23.406535197086416],[-51.90460906891195,-23.40651567205272],[-51.90465528680471,-23.40648541034447],[-51.90533112441233,-23.406074161926803],[-51.905510263107494,-23.405956497449857],[-51.90655428091797,-23.40530456316347],[-51.90694657417793,-23.40506604331333],[-51.90708719370889,-23.405005418603306],[-51.90715822200123,-23.404961644501224],[-51.9072406073772,-23.404919300166707],[-51.90730202130742,-23.404892028554144],[-51.907316786254015,-23.404734257742554],[-51.907317106543964,-23.404728698368974],[-51.90731847095459,-23.404670432743206],[-51.90731925805265,-23.404613615621273],[-51.90732012577387,-23.404554269014216],[-51.90731758008185,-23.404496658343383],[-51.90730959421182,-23.40443058898696],[-51.907307302710414,-23.404367196229444],[-51.90730848248803,-23.404310557469547],[-51.9073044910695,-23.404256206783163],[-51.907288169285465,-23.40420192768337],[-51.907264951760595,-23.404141004784854],[-51.907252602256584,-23.40408083168654],[-51.90724609112137,-23.40401574730281],[-51.90723156963995,-23.40395278682759],[-51.90721465091949,-23.403897066029263],[-51.90718966646997,-23.403835340474032],[-51.90716847580602,-23.403784612179575],[-51.90715900678506,-23.403730654568843],[-51.907152535109674,-23.40367135055803],[-51.90714348647011,-23.403607274436876],[-51.9071344416917,-23.40358354424306],[-51.90667289998821,-23.403835163737426],[-51.906557890287615,-23.403914013709908],[-51.906521005410426,-23.40393930197714],[-51.906046317500554,-23.40420894201588],[-51.90554473361999,-23.404497864007507],[-51.904824320009574,-23.404911503820223],[-51.90439595120324,-23.40515073211808],[-51.90366191738985,-23.40557590560689],[-51.90336306629548,-23.405752887245047],[-51.90248907383425,-23.406261286007222],[-51.90169070981137,-23.406721938334805],[-51.901480921903634,-23.40684004812425],[-51.90164153652806,-23.407077392936802],[-51.90188008233412,-23.407430658761115],[-51.90212495288525,-23.407800138406714],[-51.90227147617719,-23.40802393152911]]]}},{"type":"Feature","properties":{"NOME":"Jardim Santa Clara","ZONA":46,"COD_BAIRRO_GEO":192,"LT_NOMEFANT":" "},"geometry":{"type":"Polygon","coordinates":[[[-51.90910198913808,-23.385533578070973],[-51.90927778853668,-23.38545325482433],[-51.910424365305424,-23.3849426587576],[-51.91099086802285,-23.38468916974653],[-51.91182515617379,-23.3843200667944],[-51.91278248023096,-23.383896465367908],[-51.91343608511307,-23.383605934782192],[-51.914644880088936,-23.383054940445017],[-51.91489176819086,-23.382947955749643],[-51.91434996691975,-23.382227797653954],[-51.91394895439789,-23.381708850091297],[-51.9136577025778,-23.381634274836614],[-51.907865727249224,-23.384198489925325],[-51.906279662908794,-23.384904920960146],[-51.90568887713478,-23.385169636201983],[-51.90576201266475,-23.38530256258212],[-51.905902372294605,-23.38557478196268],[-51.906082721486186,-23.38592144972464],[-51.90624204244179,-23.38622163915556],[-51.906391538850464,-23.386504558828467],[-51.90648912949028,-23.386697983595024],[-51.90672029717148,-23.386596671015553],[-51.90718331695554,-23.386384641048654],[-51.907685089542376,-23.38616091296744],[-51.90815006903443,-23.38595892259325],[-51.90910198913808,-23.385533578070973]]]}},{"type":"Feature","properties":{"NOME":"Jardim Santa Helena","ZONA":48,"COD_BAIRRO_GEO":321,"LT_NOMEFANT":" "},"geometry":{"type":"Polygon","coordinates":[[[-51.945369265924114,-23.38741563901929],[-51.94535030686884,-23.38747114785207],[-51.94532984386145,-23.38749701321142],[-51.94531225836362,-23.387500913035417],[-51.94525209643216,-23.387572179164906],[-51.945225164163595,-23.387610277029328],[-51.94519638535573,-23.387677740554818],[-51.94515655833806,-23.38776026423708],[-51.945146089769125,-23.387776475203744],[-51.94511416527729,-23.38782591329094],[-51.94508115423056,-23.387862331765902],[-51.9450701574706,-23.38789843653153],[-51.945025563533235,-23.387998692017923],[-51.94498896900738,-23.388123105319718],[-51.94498338252827,-23.388137431564868],[-51.94495715880682,-23.38820467728541],[-51.94489803587558,-23.38829833674988],[-51.94489023486275,-23.388317886121655],[-51.9448574636782,-23.388400013030374],[-51.94481973668573,-23.388502755966176],[-51.944782574163774,-23.388533328567725],[-51.9447676017255,-23.388546967271232],[-51.94475672622393,-23.38857259398349],[-51.94475026313243,-23.388627096927983],[-51.94475107071288,-23.388671981855957],[-51.94473451393365,-23.38872437807234],[-51.94470527280859,-23.38878190893465],[-51.94468400378859,-23.38881834670456],[-51.94467216066116,-23.388845514723744],[-51.94466868646887,-23.388879948222787],[-51.94467838857042,-23.388923424586824],[-51.944722478490036,-23.389000383107263],[-51.94474225879914,-23.389029979374303],[-51.94473917418358,-23.389040144734732],[-51.94472896795682,-23.389073775308425],[-51.94471824244196,-23.38913435554739],[-51.94471370938088,-23.389185054224406],[-51.944724083648715,-23.3892267200908],[-51.94474347483287,-23.389284228062387],[-51.944766561933804,-23.389335253901336],[-51.944688849883576,-23.389529434262798],[-51.944672001449334,-23.38956817922931],[-51.94466581122203,-23.389581414413925],[-51.944659575696576,-23.389594747419252],[-51.94486114136812,-23.389602100036228],[-51.94552756712966,-23.389603806616165],[-51.94619787639777,-23.389605486851586],[-51.94663822897984,-23.389599953571583],[-51.94732848061859,-23.389595056548387],[-51.94813009318467,-23.389590175772963],[-51.94876711180396,-23.38959063424071],[-51.949418688464206,-23.389579509208136],[-51.95017831889776,-23.389581347101466],[-51.9510244834412,-23.389580502602787],[-51.95170127436446,-23.389579952095943],[-51.95258792654769,-23.389576719285895],[-51.95333712538114,-23.38957430608432],[-51.95413006008015,-23.389571611557262],[-51.954834464933484,-23.38956730765867],[-51.95543754630603,-23.38956556080867],[-51.956114544086674,-23.389563797687547],[-51.95637005884824,-23.38956366562155],[-51.95637253380789,-23.389550756210053],[-51.95637509652349,-23.38953739465507],[-51.95654027596522,-23.38867601663161],[-51.95661151284713,-23.38822919380474],[-51.956649710025076,-23.38801280398389],[-51.956719070901904,-23.387619862022465],[-51.95676768669726,-23.387377692124225],[-51.95603051344986,-23.387378675930005],[-51.95571075513818,-23.387373902668138],[-51.95512003394345,-23.387371349572163],[-51.95471876796463,-23.387370397780217],[-51.95418410480713,-23.387371732213442],[-51.95361910589135,-23.38737374750628],[-51.95303676155127,-23.387375853836417],[-51.95249664348142,-23.38737971945655],[-51.951881383567105,-23.3873841020944],[-51.95183679681102,-23.387384637260805],[-51.951352245514784,-23.387394049613903],[-51.95041729434514,-23.387395987992008],[-51.949033967465105,-23.387406350281143],[-51.94759035064076,-23.387407423900846],[-51.94654757716592,-23.387405700458313],[-51.94603472429982,-23.387399241010723],[-51.94537685395037,-23.387390499105415],[-51.94537301960153,-23.3874017284829],[-51.945369265924114,-23.38741563901929]]]}},{"type":"Feature","properties":{"NOME":"Jardim Santa Mônica","ZONA":8,"COD_BAIRRO_GEO":228,"LT_NOMEFANT":" "},"geometry":{"type":"Polygon","coordinates":[[[-51.912900929681626,-23.4329920309127],[-51.91301445255883,-23.432782632049964],[-51.913261583508074,-23.4323318231412],[-51.913262705885366,-23.43232977621094],[-51.91327787484713,-23.43230210506939],[-51.913284593620304,-23.43228984886764],[-51.913013575957464,-23.432169143894853],[-51.91245087690725,-23.431916489891925],[-51.91187574423467,-23.43166318835771],[-51.9118087375212,-23.43163561971674],[-51.911645024114534,-23.431949877989926],[-51.91084386083624,-23.431600305082085],[-51.91065405556245,-23.431972934119294],[-51.910987093816644,-23.432119854929667],[-51.911004131093165,-23.432128354142137],[-51.91115106675491,-23.431838491842036],[-51.91117508193602,-23.431791117084657],[-51.91130756160327,-23.43184913154713],[-51.91117923123611,-23.432090305006774],[-51.91169574275057,-23.4323166760707],[-51.91181151728347,-23.43237313293561],[-51.91171159764689,-23.43255753089717],[-51.91245567841235,-23.432889692652004],[-51.912873220728834,-23.433062352945942],[-51.912900929681626,-23.4329920309127]]]}},{"type":"Feature","properties":{"NOME":"Jardim Santa Rita","ZONA":8,"COD_BAIRRO_GEO":226,"LT_NOMEFANT":" "},"geometry":{"type":"Polygon","coordinates":[[[-51.913465274024794,-23.43196025516478],[-51.91419378790021,-23.430564503851883],[-51.9139816258336,-23.430413268567975],[-51.91382535920736,-23.43030174272533],[-51.913323059216744,-23.430444589854435],[-51.913382990226566,-23.43032478170679],[-51.91302223477144,-23.43017275863982],[-51.91294555740026,-23.43032089460046],[-51.91276765580783,-23.430663193303054],[-51.912574307448565,-23.43101920349925],[-51.912606218322324,-23.431033297741006],[-51.912949159063494,-23.43118477284597],[-51.912932258987674,-23.431210364037337],[-51.91282258962794,-23.431410878866878],[-51.91245084683792,-23.43125651172196],[-51.912378023570724,-23.43140032287322],[-51.91218709319785,-23.431769222732864],[-51.91320670232821,-23.432217792475694],[-51.91329941261388,-23.432262815635326],[-51.913465274024794,-23.43196025516478]]]}},{"type":"Feature","properties":{"NOME":"Jardim Santa Rosa","ZONA":44,"COD_BAIRRO_GEO":181,"LT_NOMEFANT":" "},"geometry":{"type":"Polygon","coordinates":[[[-51.96374577829708,-23.454574503078366],[-51.962967348823895,-23.45450924354597],[-51.96179284948251,-23.454410891968156],[-51.9605455318245,-23.45430645959192],[-51.95925722135832,-23.454201904334823],[-51.958732301687824,-23.454157746873932],[-51.9581412387278,-23.45410862609747],[-51.957239434288,-23.45403691224677],[-51.95649253552201,-23.45398371036843],[-51.95644521390093,-23.45445349596569],[-51.95644216063536,-23.454486151126833],[-51.956665953464,-23.454504931364674],[-51.95671078158476,-23.454508692908142],[-51.9568808435519,-23.45508635111342],[-51.956997734389994,-23.45547426822325],[-51.95716167394151,-23.455987364469312],[-51.957350282572946,-23.456579961888202],[-51.957466190324816,-23.45695429400327],[-51.957601298715495,-23.45694410390615],[-51.95774078678352,-23.456933583327906],[-51.95788670151857,-23.456922577884878],[-51.95817393006957,-23.45690091458449],[-51.95825317073644,-23.45689493728692],[-51.95837769470844,-23.45688554493694],[-51.96048714194099,-23.456726422408618],[-51.96068965754298,-23.456703046919674],[-51.960767271387866,-23.45669308981579],[-51.96281135876837,-23.456224805785414],[-51.96287978962739,-23.456209128320943],[-51.96288554962952,-23.456183677496615],[-51.96345394257984,-23.456066338374825],[-51.96363200119852,-23.45517394650644],[-51.96374577829708,-23.454574503078366]]]}},{"type":"Feature","properties":{"NOME":"Jardim Seminário","ZONA":21,"COD_BAIRRO_GEO":291,"LT_NOMEFANT":" "},"geometry":{"type":"Polygon","coordinates":[[[-51.96288073930077,-23.415297796172382],[-51.96283751822487,-23.415161307667184],[-51.96292784202814,-23.415046998962946],[-51.96295820897545,-23.414949310345357],[-51.96296246793255,-23.414822149267685],[-51.9629791895128,-23.414699691148876],[-51.96307288938949,-23.414624452449832],[-51.963068118249545,-23.41458592476481],[-51.96293632777596,-23.414502084789387],[-51.96290162921019,-23.414430605527336],[-51.96294245006238,-23.414346235325283],[-51.963081845661435,-23.414142725682797],[-51.96313834780333,-23.414078331681946],[-51.963139817646265,-23.413995159626687],[-51.96318342023674,-23.41386584477903],[-51.96322075390491,-23.41372892109826],[-51.963259572718194,-23.41365412182489],[-51.9632502069386,-23.41350505881397],[-51.963308489901586,-23.413400507025326],[-51.96328994084333,-23.413270618869543],[-51.96328648386494,-23.41323462832594],[-51.962915685323026,-23.413224175342204],[-51.96251781177334,-23.413199188554145],[-51.96219760053117,-23.413184867151283],[-51.961721098271305,-23.413179437461427],[-51.96123351866513,-23.413163917880322],[-51.96069934376943,-23.413150475280222],[-51.960156775038165,-23.41314006935302],[-51.95965239487708,-23.413128829942185],[-51.95913116665776,-23.413115302442534],[-51.958532253684396,-23.413101652830733],[-51.95845806021445,-23.41310008212486],[-51.95842283161084,-23.413099337232712],[-51.95840743080685,-23.41320816467596],[-51.95833812775824,-23.41356287040848],[-51.95828184664803,-23.413838036313155],[-51.95820722195139,-23.414173059349746],[-51.95814925252452,-23.41448348423398],[-51.95811482880282,-23.41467325116656],[-51.95812637906134,-23.414675228807546],[-51.962846421359565,-23.415483413958558],[-51.96278702464466,-23.415340371199623],[-51.96288073930077,-23.415297796172382]]]}},{"type":"Feature","properties":{"NOME":"Jardim Social","ZONA":17,"COD_BAIRRO_GEO":254,"LT_NOMEFANT":" "},"geometry":{"type":"Polygon","coordinates":[[[-51.934699154094844,-23.438981188249432],[-51.9347596195243,-23.438379469696457],[-51.93331813594909,-23.438259109077393],[-51.93299318255888,-23.438237541015337],[-51.93296728976338,-23.43844358835579],[-51.93291832754124,-23.43871658324724],[-51.93284805860327,-23.440420882520502],[-51.93284246323597,-23.440556567524606],[-51.93284096262084,-23.4405929686997],[-51.932837381660704,-23.44067982397234],[-51.93327041116237,-23.44072622924697],[-51.933946894109866,-23.44080394802602],[-51.93453625597905,-23.440867569726414],[-51.93460698640011,-23.440067089675257],[-51.934660374036326,-23.439448928179367],[-51.934664144911416,-23.439403441544343],[-51.93509829424025,-23.43943840409573],[-51.9348870986293,-23.439154920874017],[-51.9348045287261,-23.4390616267953],[-51.93469334028289,-23.43905130776427],[-51.934699154094844,-23.438981188249432]]]}},{"type":"Feature","properties":{"NOME":"Jardim Sofia","ZONA":19,"COD_BAIRRO_GEO":3096,"LT_NOMEFANT":" "},"geometry":{"type":"Polygon","coordinates":[[[-51.98621886731655,-23.39454658174123],[-51.986084415977736,-23.39448656911193],[-51.985969083725486,-23.39443567829467],[-51.98581720613445,-23.39427461160706],[-51.985690162679525,-23.39411052048721],[-51.98565106856301,-23.39405418646644],[-51.98560694196783,-23.393990602506044],[-51.98535380059552,-23.395679833072492],[-51.98495078512364,-23.39831299092927],[-51.98464890443216,-23.40038082349436],[-51.984391237457416,-23.402161249123438],[-51.98410330812912,-23.40419195084094],[-51.98399632342578,-23.404956145607496],[-51.98408420368148,-23.404878079943856],[-51.985950609584975,-23.4032641937847],[-51.98596604873193,-23.4024572079937],[-51.98598962642175,-23.40179510109037],[-51.986007866212496,-23.401111520658972],[-51.98608580734511,-23.398488788859993],[-51.98611417903253,-23.397425175952264],[-51.98615498225272,-23.39629218140977],[-51.986187964648956,-23.39515206730201],[-51.98621886731655,-23.39454658174123]]]}},{"type":"Feature","properties":{"NOME":"Jardim Solimões","ZONA":19,"COD_BAIRRO_GEO":4291,"LT_NOMEFANT":"LOTE 69 – GLEBA PATRIMÔNIO MARINGÁ"},"geometry":{"type":"Polygon","coordinates":[[[-51.98747088489157,-23.402144170907867],[-51.99079409112278,-23.405434331925274],[-51.99162518208613,-23.4047223800042],[-51.989207816200924,-23.40065142126683],[-51.98747088489157,-23.402144170907867]]]}},{"type":"Feature","properties":{"NOME":"Jardim São Basílio","ZONA":22,"COD_BAIRRO_GEO":3101,"LT_NOMEFANT":" "},"geometry":{"type":"Polygon","coordinates":[[[-51.95986620037358,-23.46092267440254],[-51.95910622585573,-23.460438503105824],[-51.959072312013916,-23.460495725525185],[-51.95597241528123,-23.466225668112468],[-51.956777559602294,-23.466598874485275],[-51.95719734774609,-23.465801655628677],[-51.957855895270804,-23.46459912601534],[-51.95847647353334,-23.463460016185454],[-51.95873000223989,-23.46300191158185],[-51.95898382714314,-23.46255251707671],[-51.95946530028601,-23.461643622988284],[-51.95986620037358,-23.46092267440254]]]}},{"type":"Feature","properties":{"NOME":"Jardim São Clemente","ZONA":22,"COD_BAIRRO_GEO":295,"LT_NOMEFANT":" "},"geometry":{"type":"Polygon","coordinates":[[[-51.954863548698896,-23.468165459443306],[-51.954943337467306,-23.468022293441713],[-51.95523135407136,-23.467489272663602],[-51.955530850498924,-23.466939968518428],[-51.95615735482206,-23.465791016899697],[-51.95655079631203,-23.465047038921664],[-51.95702727003648,-23.46417642160035],[-51.95748387553917,-23.463332835848927],[-51.9578866446544,-23.462606052228175],[-51.958313958082655,-23.461810344103096],[-51.95865013078815,-23.461189791738885],[-51.95907543022653,-23.46041711760094],[-51.956262700518174,-23.458463852935083],[-51.956048891460306,-23.459226619886238],[-51.95588756906331,-23.4598329630148],[-51.95572645798438,-23.460417579875614],[-51.95556892814979,-23.460988899313726],[-51.95537402562649,-23.461687551970865],[-51.95517161381355,-23.46241288046807],[-51.955029614233894,-23.46293247522085],[-51.95488986256088,-23.46342567074418],[-51.95473553727793,-23.463973564038316],[-51.95469192129167,-23.464124749379433],[-51.954627894693225,-23.464295839829497],[-51.954611907209845,-23.464338558128407],[-51.954522546953434,-23.4646044188479],[-51.954461899552214,-23.4649603827694],[-51.954435949917354,-23.465170311863258],[-51.95440448613808,-23.46533396285249],[-51.954380075259024,-23.465613711105167],[-51.9543318957787,-23.465830515919293],[-51.95424700318319,-23.466129273667537],[-51.95415566652197,-23.466396527262223],[-51.95408891902333,-23.46662491630117],[-51.95401147665367,-23.466879179817134],[-51.95394170265373,-23.46711905800943],[-51.9539173936698,-23.46741314391721],[-51.9538655440551,-23.467700081404335],[-51.95385784559022,-23.46774233616064],[-51.954159580026044,-23.467913745793535],[-51.9545562449243,-23.468137148424336],[-51.95460223211481,-23.46804360652461],[-51.954863548698896,-23.468165459443306]]]}},{"type":"Feature","properties":{"NOME":"Jardim São Conrado","ZONA":20,"COD_BAIRRO_GEO":2816,"LT_NOMEFANT":" "},"geometry":{"type":"Polygon","coordinates":[[[-51.943392212174565,-23.450972234712076],[-51.94255603924499,-23.45090157921296],[-51.94258918212283,-23.45063570463861],[-51.94246115725212,-23.450623917032633],[-51.94143543397927,-23.450529925054948],[-51.941334669418424,-23.45104200943141],[-51.9411526642112,-23.45196949631081],[-51.94099539111682,-23.452774040722748],[-51.941799443118995,-23.452825544218115],[-51.94299866720393,-23.452901289498868],[-51.943392212174565,-23.450972234712076]]]}},{"type":"Feature","properties":{"NOME":"Jardim São Domingos","ZONA":49,"COD_BAIRRO_GEO":329,"LT_NOMEFANT":" "},"geometry":{"type":"Polygon","coordinates":[[[-52.02979065616004,-23.387348745663992],[-52.032318771881755,-23.38803104785564],[-52.03538709349263,-23.386663258357903],[-52.0355087771982,-23.38660878629022],[-52.034693296357595,-23.385441103747127],[-52.03407638665268,-23.384542086750354],[-52.03357239434631,-23.383823590082432],[-52.03311192239508,-23.38315907912176],[-52.032868082642494,-23.382807688762796],[-52.03056568766702,-23.38379440311317],[-52.030462836693395,-23.383838479658138],[-52.030305542939104,-23.3839058516159],[-52.030177023377945,-23.38396089846618],[-52.02990875015347,-23.38407580313218],[-52.02978107249517,-23.384128036071363],[-52.02855352601895,-23.384675214568695],[-52.027722794251574,-23.385332771007562],[-52.02801581980087,-23.386869714532004],[-52.02979065616004,-23.387348745663992]]]}},{"type":"Feature","properties":{"NOME":"Jardim São Jorge","ZONA":21,"COD_BAIRRO_GEO":292,"LT_NOMEFANT":" "},"geometry":{"type":"Polygon","coordinates":[[[-51.9641029705996,-23.39827620741365],[-51.96376064711928,-23.39828029657382],[-51.96295242848724,-23.39828080342185],[-51.96232668004079,-23.398287046267725],[-51.96136856940403,-23.398282157870888],[-51.961373061799925,-23.398615399870042],[-51.961369253736805,-23.399154907785],[-51.96136959266903,-23.39974112501372],[-51.96137358410974,-23.400293904533715],[-51.96147745094229,-23.40029351850388],[-51.961595272233396,-23.400293079969487],[-51.9617158482033,-23.400292630718454],[-51.961831654604865,-23.400292199887964],[-51.96195504005466,-23.40029174038842],[-51.962070572445384,-23.40029131016415],[-51.96218665087321,-23.400290877396092],[-51.96230799109372,-23.40029042569285],[-51.9624326183335,-23.40028996088008],[-51.96254863901368,-23.40028952819874],[-51.9626649835985,-23.400289094339445],[-51.962801585635596,-23.40028858528089],[-51.96294943063121,-23.400276010386996],[-51.96305140138717,-23.40027569370201],[-51.96317325683426,-23.40027531402217],[-51.96329209337225,-23.400274944725076],[-51.96340890620617,-23.400274581489484],[-51.963526721097146,-23.400274214698655],[-51.9636478269401,-23.400273837463534],[-51.96376236163091,-23.40027348078423],[-51.96388069222169,-23.40027311235294],[-51.96403690354752,-23.40027262579426],[-51.964106695137474,-23.400271114151852],[-51.9641029705996,-23.39827620741365]]]}},{"type":"Feature","properties":{"NOME":"Jardim São Miguel","ZONA":43,"COD_BAIRRO_GEO":172,"LT_NOMEFANT":" "},"geometry":{"type":"Polygon","coordinates":[[[-51.97505120221482,-23.407973543418716],[-51.97497796199001,-23.407915470763868],[-51.974443604288126,-23.408386768719385],[-51.974186718631806,-23.408604047550877],[-51.97360265422463,-23.409113101453983],[-51.97312050008476,-23.40954216092587],[-51.972425508938244,-23.41016679490846],[-51.97199310249288,-23.41056282541593],[-51.971519699187276,-23.410978900803574],[-51.970856302851686,-23.411564546066103],[-51.970352651800866,-23.41201937120122],[-51.97001464661353,-23.412319866675112],[-51.969830476768905,-23.41247797679711],[-51.969802370497725,-23.41250210615787],[-51.96998250580361,-23.412910356124858],[-51.96999390311102,-23.412942771951776],[-51.97021713204685,-23.413645561125264],[-51.97245011043657,-23.41140260416184],[-51.97313186318058,-23.41065054931235],[-51.97380625818486,-23.409958102230306],[-51.97454050677664,-23.40923660131322],[-51.97542486790826,-23.40837371940346],[-51.9753434109964,-23.408273783068594],[-51.97520773311855,-23.408133157794527],[-51.97505120221482,-23.407973543418716]]]}},{"type":"Feature","properties":{"NOME":"Jardim São Miguel 2ª Parte","ZONA":43,"COD_BAIRRO_GEO":2668,"LT_NOMEFANT":" "},"geometry":{"type":"Polygon","coordinates":[[[-51.972299364389194,-23.41282676845288],[-51.97263786996529,-23.41245898690763],[-51.97296710472901,-23.412093235907445],[-51.973321592129864,-23.4116953100217],[-51.973711005834254,-23.411265597692346],[-51.97380123962095,-23.411159225433643],[-51.97338237707932,-23.410801167565076],[-51.9732072396024,-23.410649065513805],[-51.972411974576175,-23.411427429551352],[-51.97021421085983,-23.41364921558244],[-51.97059851153804,-23.414703418204116],[-51.97071690275491,-23.414573470582077],[-51.97113716830535,-23.414111072534364],[-51.97152041650024,-23.4136861835148],[-51.97169298768981,-23.413497696441098],[-51.97224616997251,-23.412886151223884],[-51.972299364389194,-23.41282676845288]]]}},{"type":"Feature","properties":{"NOME":"Jardim São Paulo","ZONA":25,"COD_BAIRRO_GEO":306,"LT_NOMEFANT":" "},"geometry":{"type":"Polygon","coordinates":[[[-51.929798343584835,-23.4646326048646],[-51.92849185783254,-23.462360670876443],[-51.928264382231724,-23.46247199424588],[-51.927928160270916,-23.46264127747426],[-51.927574926610006,-23.462813009510665],[-51.9271921470549,-23.46300498212267],[-51.926930337271045,-23.463128098586846],[-51.926597976367454,-23.46329262505852],[-51.92618236285111,-23.463500611843173],[-51.925778572777446,-23.463700666729867],[-51.925660642167884,-23.46376382637812],[-51.9254672964631,-23.463880945044103],[-51.92560280446429,-23.464079757649625],[-51.925986309724536,-23.464627344823818],[-51.92622861371643,-23.464976143861062],[-51.926475716464,-23.465332087261807],[-51.926754000822534,-23.46572675973781],[-51.926967948736426,-23.466036194281344],[-51.92728622237088,-23.465879302408396],[-51.92777802580555,-23.465637642031066],[-51.92804528332327,-23.46550359985169],[-51.92858246847195,-23.46522625571131],[-51.929798343584835,-23.4646326048646]]]}},{"type":"Feature","properties":{"NOME":"Jardim São Pedro","ZONA":33,"COD_BAIRRO_GEO":572,"LT_NOMEFANT":" "},"geometry":{"type":"Polygon","coordinates":[[[-52.07178188180924,-23.366585735614752],[-52.07168769719317,-23.366292736251523],[-52.07093798243399,-23.36660316082304],[-52.070293345302524,-23.366868058389517],[-52.07078657116907,-23.367347820024474],[-52.07107891336503,-23.36762587946586],[-52.07136589832197,-23.367906118277958],[-52.071620466391515,-23.368152785574846],[-52.072032653365184,-23.368543903117946],[-52.072351987239756,-23.368854288176696],[-52.072340648489146,-23.368796295988826],[-52.07238518229376,-23.368740034306157],[-52.072335523055514,-23.368448629711708],[-52.072291506224396,-23.368286192224275],[-52.07220516281982,-23.367978512346046],[-52.07211744695917,-23.367693065778354],[-52.07199702886243,-23.36730030628374],[-52.07191077446711,-23.367006201458082],[-52.07178188180924,-23.366585735614752]]]}},{"type":"Feature","properties":{"NOME":"Jardim São Silvestre","ZONA":39,"COD_BAIRRO_GEO":141,"LT_NOMEFANT":" "},"geometry":{"type":"Polygon","coordinates":[[[-51.90264510180104,-23.456096687163335],[-51.90242541605944,-23.456225627541073],[-51.90205836020208,-23.4564498184362],[-51.90185866222095,-23.456296832963876],[-51.90058565572284,-23.455191549760045],[-51.899964733453594,-23.455548385852808],[-51.8999951901022,-23.455576460038994],[-51.90008078045881,-23.455661184672458],[-51.90029567940348,-23.455873911988018],[-51.9005172687652,-23.45607394450981],[-51.900751081591686,-23.45629298022654],[-51.90081622425087,-23.456350177765778],[-51.90088689910441,-23.456412232435447],[-51.900977445905085,-23.45648952516473],[-51.90107373047966,-23.45656820093969],[-51.90119772748935,-23.456669521855687],[-51.9012417803637,-23.456696579703024],[-51.90139865556183,-23.456826776886338],[-51.901421780369326,-23.456838626228908],[-51.9015796339766,-23.45691951375177],[-51.90180134007926,-23.457047107598957],[-51.90209048200933,-23.457223087519232],[-51.902310905281894,-23.45733219560329],[-51.90239257812964,-23.457370235385337],[-51.9026222866382,-23.45743838450056],[-51.90274219379367,-23.457489238973128],[-51.90290415949246,-23.457570784144224],[-51.90309473498365,-23.457621997045813],[-51.90321606435078,-23.457645696785693],[-51.90335694000952,-23.45767757475845],[-51.90346876941389,-23.45772710164382],[-51.903564578569906,-23.45787094732178],[-51.90362890401648,-23.457968894186482],[-51.903757302351664,-23.458130805831775],[-51.90390847362127,-23.458232057374364],[-51.90543401408583,-23.45764955634871],[-51.9063073363786,-23.457324257717023],[-51.90724910831158,-23.456971073231124],[-51.908384701760525,-23.456552231815376],[-51.90845281972671,-23.45652953120075],[-51.90909319034091,-23.456284636456342],[-51.90938483955788,-23.456175036937807],[-51.90938992643732,-23.456187313577747],[-51.90939511188859,-23.45619983080105],[-51.91022308573826,-23.45587523654156],[-51.914108813153796,-23.454419678814727],[-51.91406123232229,-23.45434556711547],[-51.91376574459411,-23.453928581748535],[-51.913625263829104,-23.45372345457524],[-51.9131894786236,-23.453131664089778],[-51.91286425861468,-23.452644057827648],[-51.912777352312816,-23.452515159196455],[-51.91213463802288,-23.45160990511259],[-51.91195565731804,-23.45136307320125],[-51.91161738089313,-23.450889168011084],[-51.91160728139435,-23.450874573266923],[-51.91097208685974,-23.451240057326704],[-51.909924847731276,-23.451851937558867],[-51.90925425173792,-23.452236512896988],[-51.90859265317769,-23.45262444899523],[-51.907894515463695,-23.453041600822615],[-51.90773706997771,-23.453131561221156],[-51.90653080672152,-23.453820782562087],[-51.90639759877779,-23.45389829451527],[-51.90573377292225,-23.454287539620715],[-51.90518436589347,-23.454609538599225],[-51.9038349251092,-23.455399052192373],[-51.90264510180104,-23.456096687163335]]]}},{"type":"Feature","properties":{"NOME":"Jardim Tabaetê","ZONA":27,"COD_BAIRRO_GEO":7,"LT_NOMEFANT":" "},"geometry":{"type":"Polygon","coordinates":[[[-51.92480068506291,-23.44807226857682],[-51.92553131121453,-23.44770661144944],[-51.92626601847717,-23.44734671454684],[-51.926979316838995,-23.44698484057042],[-51.92771132815509,-23.446621201104062],[-51.928446627765524,-23.446255065732846],[-51.92926565346821,-23.445846008217856],[-51.929198110137754,-23.44573162300894],[-51.929080012890104,-23.445531626127845],[-51.92891606470225,-23.445264314715104],[-51.928610430256185,-23.444740606022748],[-51.92791750152359,-23.445091836375862],[-51.927480309960934,-23.445306325122786],[-51.92704112325073,-23.44552563955094],[-51.92692239891185,-23.445584925283402],[-51.92675157122375,-23.445669738931254],[-51.92644091568698,-23.445823972465522],[-51.92630024484671,-23.445895751186832],[-51.92618806925094,-23.44595058440945],[-51.926125397512905,-23.445844031356067],[-51.9260629299552,-23.44573782479867],[-51.926009390516015,-23.445646797010223],[-51.925970897609496,-23.44558135193097],[-51.92595496548378,-23.445554263380576],[-51.9258234648307,-23.445330687386985],[-51.92579224357026,-23.445270847809226],[-51.92262939510009,-23.44684853529027],[-51.92261399566937,-23.446805325407208],[-51.92190534827577,-23.4471654731644],[-51.92190755300204,-23.447175647478208],[-51.92191582491275,-23.447212993431563],[-51.92195212952699,-23.44728142313265],[-51.92200844289683,-23.447355334528105],[-51.9220539323776,-23.44743536138095],[-51.92210312800068,-23.447513379250957],[-51.922149787905575,-23.44759276690651],[-51.92220142215894,-23.44766950583272],[-51.92226484744373,-23.447738407425536],[-51.922326616159985,-23.447808402636543],[-51.92238526808245,-23.447880674275332],[-51.92243943774069,-23.447955952987037],[-51.92248765863397,-23.448034518409322],[-51.92254153599349,-23.44810997945151],[-51.92260057785539,-23.44818197773113],[-51.922653772605315,-23.44825780405075],[-51.92271463653879,-23.448337003662356],[-51.92275334376787,-23.448372103944877],[-51.92278896580834,-23.4484126281887],[-51.92281491851197,-23.44844228073232],[-51.92283470464411,-23.44847206006023],[-51.92288024272305,-23.448530771437298],[-51.92292285724502,-23.448591395933732],[-51.922970929303844,-23.448648465608724],[-51.92302104647559,-23.44870398770928],[-51.9230746683606,-23.448756689101874],[-51.92312468835218,-23.448812302062322],[-51.92317314963816,-23.448869008081598],[-51.92319192946426,-23.44889159290228],[-51.923200290199965,-23.44890164677369],[-51.923920728709255,-23.448512643292712],[-51.92407044884576,-23.44843574331819],[-51.92480068506291,-23.44807226857682]]]}},{"type":"Feature","properties":{"NOME":"Jardim Tropical","ZONA":48,"COD_BAIRRO_GEO":316,"LT_NOMEFANT":" "},"geometry":{"type":"Polygon","coordinates":[[[-51.958270731139905,-23.39825545399736],[-51.9592989952432,-23.398250606096187],[-51.96009822242504,-23.398242818529653],[-51.96116690873278,-23.398241947005282],[-51.96199193570438,-23.39824673631602],[-51.96287422955391,-23.398237203049103],[-51.96375906160037,-23.39823321744837],[-51.964454899616356,-23.39823034254024],[-51.96551529978056,-23.398234412193606],[-51.96626064112235,-23.39823018385034],[-51.96625303909329,-23.398210576985587],[-51.96622161669942,-23.39816202044651],[-51.96617771138887,-23.398105893579235],[-51.96614681111658,-23.397986597960806],[-51.96608110933695,-23.397923913901813],[-51.96602155892881,-23.397852589618203],[-51.965972302035475,-23.39777259861506],[-51.96593311774079,-23.397653353234112],[-51.965901210248525,-23.397537887066516],[-51.965894684532095,-23.397494911083143],[-51.96583585772169,-23.397380566838756],[-51.96572301301327,-23.397243614765454],[-51.96568827624944,-23.397166401639474],[-51.96568292780996,-23.39713097643677],[-51.965411509973926,-23.39713274244665],[-51.9650604889986,-23.397136555711363],[-51.9643235317349,-23.397141404753352],[-51.96402869650304,-23.397142232589843],[-51.96350025820454,-23.397143582327057],[-51.962991942919444,-23.397147721870233],[-51.96249830754125,-23.39714879689912],[-51.96170704825889,-23.397146975305606],[-51.96103515728484,-23.39714821655296],[-51.96046607200623,-23.397154664309735],[-51.95956332779393,-23.397161106545905],[-51.958518396695446,-23.397163708913155],[-51.95758268328443,-23.39716751121327],[-51.95648609440102,-23.3971656059404],[-51.95655074961097,-23.398267046201035],[-51.958026586774295,-23.39825873536034],[-51.958270731139905,-23.39825545399736]]]}},{"type":"Feature","properties":{"NOME":"Jardim Três Lagoas","ZONA":19,"COD_BAIRRO_GEO":269,"LT_NOMEFANT":" "},"geometry":{"type":"Polygon","coordinates":[[[-51.973979731185054,-23.38488388274843],[-51.97343680714982,-23.385593014181524],[-51.972907417656465,-23.38626848817736],[-51.972929736602616,-23.386298966338668],[-51.973513569962435,-23.387097937054403],[-51.9725540088611,-23.38835278480193],[-51.97196406757441,-23.38766017634814],[-51.971916585819756,-23.387608971335176],[-51.97190058169794,-23.387591711107405],[-51.97177824457474,-23.38775019555364],[-51.97134462361178,-23.388309022068213],[-51.971268093222264,-23.388407917647864],[-51.9709352509473,-23.388838096840832],[-51.97065561320417,-23.38919962169081],[-51.970254701080066,-23.389717514689085],[-51.969992074597705,-23.3900602725092],[-51.96996553056475,-23.3900923060772],[-51.96993026526195,-23.390134866474185],[-51.969836065570654,-23.39024854998364],[-51.96988735709398,-23.390308244734847],[-51.96992010304674,-23.39034635578764],[-51.97253874629808,-23.393286241573065],[-51.97270180959102,-23.393070424781286],[-51.97297031187156,-23.39271817841916],[-51.973291076478546,-23.392296288513414],[-51.973619743528424,-23.39188106864941],[-51.97392826745743,-23.39147910357536],[-51.974244364824415,-23.391064761011528],[-51.97451454095645,-23.390716227439516],[-51.974823840730885,-23.390314972095823],[-51.97511390020619,-23.38993821199731],[-51.975379103953415,-23.389588749712612],[-51.97571582434545,-23.38915982972702],[-51.977239694508974,-23.387152255686484],[-51.976926605717864,-23.38703070725709],[-51.97671999022317,-23.38700116064695],[-51.9766774588407,-23.386879444218128],[-51.97661718004622,-23.386706939134843],[-51.97651248062621,-23.38664336849352],[-51.976503070941035,-23.386615805293715],[-51.97630954983228,-23.386472015123324],[-51.976303857470086,-23.386362194142848],[-51.97629468705009,-23.386185272827454],[-51.976165212710775,-23.38607468828251],[-51.9760501982968,-23.385924374184164],[-51.97589964065379,-23.38572839875078],[-51.9755894447114,-23.385510477690207],[-51.97542724478287,-23.38542163461416],[-51.97538154054759,-23.385341034524092],[-51.975318137008536,-23.385229223289105],[-51.975004985357046,-23.38506774840215],[-51.97480561257651,-23.38506421161878],[-51.97473763457178,-23.38496367813002],[-51.974620829606934,-23.384931537458257],[-51.97457980178753,-23.384792421474952],[-51.974466551762376,-23.38461510989217],[-51.97427105014778,-23.384503531530083],[-51.973979731185054,-23.38488388274843]]]}},{"type":"Feature","properties":{"NOME":"Jardim Tupinambá","ZONA":37,"COD_BAIRRO_GEO":109,"LT_NOMEFANT":" "},"geometry":{"type":"Polygon","coordinates":[[[-51.903187032362354,-23.413709967374935],[-51.90417952861557,-23.412918553377036],[-51.90423038107368,-23.41288009531426],[-51.90429016037767,-23.412834886384253],[-51.90663640715741,-23.41097115962005],[-51.90679299056342,-23.41083700795744],[-51.907818717476566,-23.410019392242095],[-51.908987391656574,-23.409096574194542],[-51.90921823569004,-23.40891349972538],[-51.90933534795203,-23.40882960008934],[-51.9104696841161,-23.407919073409488],[-51.91074927249022,-23.40769311600076],[-51.91125071771719,-23.407287457889844],[-51.911391156639866,-23.40717326856194],[-51.91185799647006,-23.406795457042506],[-51.911811243179606,-23.40673733222469],[-51.911790958753194,-23.406726504472434],[-51.911745110149546,-23.40669100451191],[-51.911694606892674,-23.406661763907064],[-51.91165966255646,-23.406617981004672],[-51.911611195389376,-23.40657165764842],[-51.91157988002784,-23.406529027740586],[-51.911540955601865,-23.406489964767673],[-51.911505478003406,-23.406454042946024],[-51.911469953897374,-23.4064256181072],[-51.91139904644033,-23.40641790271402],[-51.910772723608346,-23.406921590265842],[-51.910214451697854,-23.407357511485962],[-51.9098178526018,-23.40767431498597],[-51.909345039443544,-23.408054651853757],[-51.90890312539106,-23.40840995371654],[-51.90847863384773,-23.40873838706766],[-51.907947411303,-23.409171615987464],[-51.90758978774976,-23.409480200372073],[-51.90740347319925,-23.4096230690161],[-51.907214919789425,-23.409773371297735],[-51.90677074081657,-23.410127438564285],[-51.90657755073262,-23.410265932124467],[-51.90633685096429,-23.41043848508652],[-51.90631188307529,-23.410459371456806],[-51.906044645319774,-23.410682925578275],[-51.905566334666325,-23.411063661738734],[-51.90511025025731,-23.411427264613625],[-51.904606670000256,-23.411827696326228],[-51.90409634523809,-23.41223242147329],[-51.903604215394516,-23.412628793379],[-51.90295067777847,-23.413153277353302],[-51.90228507747636,-23.41367331406288],[-51.90172256325266,-23.41412105995945],[-51.901234245004424,-23.41451293352388],[-51.9004985864686,-23.41509072150681],[-51.9002925118193,-23.415251546202594],[-51.900301778647204,-23.415261279188506],[-51.90041561357579,-23.41538084081179],[-51.900697239966455,-23.415695254934743],[-51.903187032362354,-23.413709967374935]]]}},{"type":"Feature","properties":{"NOME":"Jardim Tóquio","ZONA":31,"COD_BAIRRO_GEO":43,"LT_NOMEFANT":" "},"geometry":{"type":"Polygon","coordinates":[[[-51.92757113256691,-23.373820491522157],[-51.92744824363869,-23.37413827843998],[-51.92670588665016,-23.37599009389137],[-51.9266595638989,-23.376109438924217],[-51.92638390188169,-23.37681302551427],[-51.926100087189184,-23.37754597661901],[-51.92581626189643,-23.37827797258193],[-51.92558314603449,-23.37885672120835],[-51.92536912372358,-23.37939305061134],[-51.925186108632865,-23.379851801200815],[-51.92501919363408,-23.380284860009734],[-51.92495765908769,-23.38044047660861],[-51.92475595381579,-23.38094791060461],[-51.92455519303711,-23.381455031669695],[-51.92437184042939,-23.38193064915313],[-51.92416331865039,-23.382453171242755],[-51.9239228322781,-23.38306347165268],[-51.923675324258156,-23.383698490947523],[-51.92351517719108,-23.384107441929096],[-51.923261596523496,-23.384746228554317],[-51.923021047737635,-23.385353747874888],[-51.922770179698524,-23.385997319229528],[-51.9225290380826,-23.386608449675435],[-51.922334839233216,-23.387080898010293],[-51.922118114561975,-23.38764056016314],[-51.92195707123657,-23.388043061375523],[-51.92168148193468,-23.38875453723234],[-51.92148317953762,-23.389268349990942],[-51.921337264733516,-23.38964301722586],[-51.9210856810942,-23.390271951690742],[-51.92101622060203,-23.390444864065124],[-51.921746508473,-23.391377281758572],[-51.922657385574,-23.392551159611003],[-51.92275011619242,-23.392671528022927],[-51.92281685500666,-23.392461317240347],[-51.92302431498471,-23.3917622800231],[-51.923239269675264,-23.391029948970267],[-51.923351548462925,-23.39066309291446],[-51.923533230344866,-23.39006648687],[-51.92365912844014,-23.389658521416507],[-51.92380885329039,-23.389147180750708],[-51.923955567705384,-23.388667808202083],[-51.92411152479951,-23.388141688070004],[-51.92425934077243,-23.387654256523504],[-51.924490214336835,-23.386893639249642],[-51.92468164098734,-23.386269640115373],[-51.9248187027788,-23.38579032021548],[-51.925029966303335,-23.385120914104462],[-51.92524092683243,-23.38440703588068],[-51.9254905960524,-23.38360764269334],[-51.92571491734238,-23.382853805804384],[-51.92595389249949,-23.38205570987443],[-51.92617606766915,-23.381322383588525],[-51.92638512439363,-23.38064791531828],[-51.92652405940219,-23.380170974526358],[-51.92663124227571,-23.380159928107012],[-51.92665875948542,-23.38008211076238],[-51.92691302861052,-23.379246457199176],[-51.927320690620654,-23.377890330240856],[-51.927376302592116,-23.377375257375913],[-51.92757264115223,-23.376703506634207],[-51.92800702049129,-23.37534448173957],[-51.92809081205754,-23.37503508519889],[-51.9284332406922,-23.373829715775386],[-51.92887917189761,-23.372361630122104],[-51.92882903107651,-23.37230269014511],[-51.928779048820275,-23.37218827794456],[-51.928681823118815,-23.371980944704234],[-51.92860360002624,-23.3719001571645],[-51.928401307736124,-23.371846392345997],[-51.92835333976978,-23.371815190749555],[-51.927967387031934,-23.37283536559261],[-51.92757113256691,-23.373820491522157]]]}},{"type":"Feature","properties":{"NOME":"Jardim Universitário","ZONA":7,"COD_BAIRRO_GEO":214,"LT_NOMEFANT":" "},"geometry":{"type":"Polygon","coordinates":[[[-51.94411622932982,-23.40800089042533],[-51.94357663652226,-23.406662348392167],[-51.944063799975865,-23.40649622142009],[-51.943768477425465,-23.405789904805452],[-51.94218724072308,-23.406327040167895],[-51.940545879844734,-23.406881183320245],[-51.939797785614964,-23.40712745226504],[-51.93906155616234,-23.407380581268683],[-51.93927495112629,-23.407915560491034],[-51.939345051533735,-23.408109952465313],[-51.93951899066411,-23.408965670355663],[-51.93961852594629,-23.409508596233866],[-51.939619037033594,-23.40952886489579],[-51.939694907135,-23.409503567523263],[-51.93975971425635,-23.409482006412635],[-51.93989674010783,-23.409436417108285],[-51.940035772320556,-23.40939016078488],[-51.940052960457336,-23.409384442093256],[-51.940139073940045,-23.409355791568274],[-51.940141684425235,-23.409353211636606],[-51.94198872389474,-23.408721004858187],[-51.943832689096375,-23.408100143193142],[-51.94411622932982,-23.40800089042533]]]}},{"type":"Feature","properties":{"NOME":"Jardim Universo","ZONA":20,"COD_BAIRRO_GEO":278,"LT_NOMEFANT":" "},"geometry":{"type":"Polygon","coordinates":[[[-51.948796212400744,-23.45759374742194],[-51.94900191107663,-23.457600552840244],[-51.95038819126413,-23.45751257987326],[-51.95097230726939,-23.457476769457],[-51.952862094443006,-23.456511153251373],[-51.95292231606344,-23.45622841149546],[-51.95275867274549,-23.456235621414248],[-51.95167558163897,-23.456227845020887],[-51.950969935987324,-23.456238565255543],[-51.95078503300173,-23.45624137401743],[-51.946925447171324,-23.456242339482188],[-51.94566407969086,-23.4562432742562],[-51.94404047788553,-23.45625093975941],[-51.94261400741303,-23.456257127349293],[-51.94168662785832,-23.456260641468717],[-51.93873993844104,-23.456258141234553],[-51.93858447264412,-23.45625719072994],[-51.9361832857294,-23.45625712815839],[-51.934535889609755,-23.456273634774625],[-51.93311706355116,-23.456259854329716],[-51.93299762593296,-23.45641850394905],[-51.932888497384646,-23.456561166438334],[-51.932841145880616,-23.45663039611179],[-51.932767172711856,-23.45671773353295],[-51.93274072122357,-23.45675169883228],[-51.932662314319096,-23.45693470632271],[-51.932663678487316,-23.45711497886424],[-51.93271150167621,-23.45727885134408],[-51.932772748799245,-23.457497406054536],[-51.93273582039165,-23.457642834994314],[-51.932765450148516,-23.457679689437466],[-51.93276248665425,-23.457857098465478],[-51.932769956761476,-23.45795884554289],[-51.93290220698213,-23.458051899121557],[-51.93371164230792,-23.458040864974173],[-51.93447490018962,-23.458034808067314],[-51.93573064899019,-23.45803549366944],[-51.93693434561525,-23.458032327031646],[-51.93708725570951,-23.458038187162426],[-51.938449289652,-23.45802312066706],[-51.939818344497795,-23.45802520159267],[-51.940872920014556,-23.45801940293311],[-51.94169582488041,-23.45801723485478],[-51.942101112412,-23.45801623473979],[-51.94325741808713,-23.457991542701482],[-51.94340255990605,-23.457982974214268],[-51.9435360861263,-23.457973525672983],[-51.94446844203402,-23.457907544011416],[-51.94482229516575,-23.45788348495099],[-51.946597801255386,-23.457769020571163],[-51.948603005378125,-23.457606026407348],[-51.948796212400744,-23.45759374742194]]]}},{"type":"Feature","properties":{"NOME":"Jardim Valparaiso","ZONA":38,"COD_BAIRRO_GEO":3043,"LT_NOMEFANT":" "},"geometry":{"type":"Polygon","coordinates":[[[-51.90118300949833,-23.452497224790275],[-51.900993222615845,-23.45261431001517],[-51.900952076833676,-23.452636894975974],[-51.90051953846303,-23.452909673934997],[-51.90021546891543,-23.45309625368405],[-51.89959306593541,-23.453488612974517],[-51.89934380828877,-23.453640648564544],[-51.89924939812948,-23.453700822154143],[-51.89866453791176,-23.45407359289757],[-51.89867644296202,-23.45408680340878],[-51.89868794117955,-23.454100801157185],[-51.8987164678491,-23.454118497035033],[-51.898810879767986,-23.4541695927454],[-51.89888109700028,-23.4542885933838],[-51.89889687339718,-23.45438530105853],[-51.89894457849972,-23.45446800736848],[-51.89907395592527,-23.454608433631464],[-51.899113611953325,-23.45461973555914],[-51.899185579190835,-23.454660514678558],[-51.89924009763471,-23.454736875366613],[-51.89924901431403,-23.45476417425553],[-51.89930527202182,-23.454802292665672],[-51.90046158531165,-23.454144849035107],[-51.90173901791754,-23.45342422167517],[-51.90177051311692,-23.453408605496616],[-51.901790503206534,-23.45339603732451],[-51.901803350638794,-23.453387960577462],[-51.90140751424609,-23.452792389573737],[-51.901202607371374,-23.45248457676683],[-51.90118300949833,-23.452497224790275]]]}},{"type":"Feature","properties":{"NOME":"Jardim Veneza","ZONA":43,"COD_BAIRRO_GEO":3451,"LT_NOMEFANT":"Sub. Lt 49-B/1 – Gleba Patr. Maringá – Passou a se chamar Jd. Veneza pela Lei 10655/2018 todavia lei errada denominou apenas Lt 49B/1"},"geometry":{"type":"Polygon","coordinates":[[[-51.976726853061955,-23.401299468131892],[-51.976691820921616,-23.40132654034623],[-51.97636045692431,-23.401582535153057],[-51.97575441720091,-23.402048622731158],[-51.97550015955479,-23.402247351452946],[-51.97506729671515,-23.402570919321324],[-51.97417022601728,-23.40326788732436],[-51.97394789498404,-23.403446135758948],[-51.97338572735158,-23.40387979678292],[-51.97293746395182,-23.404222217245895],[-51.97240108606622,-23.404651542373976],[-51.972405587999575,-23.404660148131622],[-51.972481119930855,-23.404791592629206],[-51.97258446848631,-23.40490278924863],[-51.97267139529616,-23.405028386703293],[-51.972941776085285,-23.404840966825876],[-51.97331154319841,-23.404557365348268],[-51.97392333357392,-23.40408898756901],[-51.97482819664939,-23.403399738949926],[-51.97532158624756,-23.403015920281366],[-51.975578857026754,-23.402817757388128],[-51.9762172684787,-23.402318051320385],[-51.97674962422811,-23.4019061010636],[-51.97723615411621,-23.401523172078885],[-51.97724550107032,-23.401515078694377],[-51.97753635482557,-23.401263219239443],[-51.97763007920346,-23.401296605355068],[-51.97800005028976,-23.401442592856235],[-51.978179589264506,-23.401310481518216],[-51.97817132332579,-23.401300803897442],[-51.97795544437071,-23.401047177469533],[-51.977924966646576,-23.401012255062184],[-51.97856764484055,-23.400523592709085],[-51.97821893258411,-23.400143416998738],[-51.977650198900896,-23.400589446415886],[-51.97706372612495,-23.4010390684156],[-51.976726853061955,-23.401299468131892]]]}},{"type":"Feature","properties":{"NOME":"Jardim Veredas","ZONA":44,"COD_BAIRRO_GEO":180,"LT_NOMEFANT":" "},"geometry":{"type":"MultiPolygon","coordinates":[[[[-51.96355353294804,-23.453464312469315],[-51.96279023045125,-23.453379183677622],[-51.962040925264134,-23.45329943552909],[-51.96141877398687,-23.453231577671207],[-51.96104289976412,-23.453193328607618],[-51.960977774250246,-23.45370998017563],[-51.96097566805365,-23.453727379848452],[-51.96097342094513,-23.453765081732424],[-51.96049121577227,-23.453722635147063],[-51.95882863671749,-23.4535727655042],[-51.95805582027392,-23.45350068985037],[-51.957824372041394,-23.453480922584543],[-51.95779703317523,-23.453688127764742],[-51.95778836884686,-23.453746871265622],[-51.95696908624593,-23.45368192449206],[-51.95696180895568,-23.453739197158885],[-51.95693546919237,-23.453963786417184],[-51.9586232873266,-23.45411244356274],[-51.95874513247434,-23.454123174608082],[-51.96076614005456,-23.4543011524187],[-51.96206437047752,-23.45440678285905],[-51.962858255843045,-23.45447357731073],[-51.9632773650104,-23.454509704280937],[-51.96376969704961,-23.454548850634016],[-51.963816712160344,-23.45430276841876],[-51.96394500240248,-23.45399154892957],[-51.96413952892268,-23.453525547015172],[-51.96355353294804,-23.453464312469315]]],[[[-51.960946813859685,-23.453186970264195],[-51.95963391415217,-23.45304761250144],[-51.95860346511671,-23.452934475378626],[-51.95704014061753,-23.45275542886284],[-51.95699530783036,-23.453097644103433],[-51.956966155861885,-23.45336670010468],[-51.95697596842201,-23.453367532286524],[-51.95700686862377,-23.45337015172567],[-51.956978606598625,-23.45361489699049],[-51.95697303217386,-23.45368200506124],[-51.957774288697664,-23.45374575101793],[-51.95780888764084,-23.453437124550234],[-51.95795531742388,-23.453450551308215],[-51.95869796753855,-23.453513500783536],[-51.96003237055008,-23.45364090472636],[-51.96095728210244,-23.45372569480995],[-51.9609757457167,-23.453726071528973],[-51.96104276736294,-23.453194378044454],[-51.960946813859685,-23.453186970264195]]]]}},{"type":"Feature","properties":{"NOME":"Jardim Verônica","ZONA":44,"COD_BAIRRO_GEO":178,"LT_NOMEFANT":" "},"geometry":{"type":"Polygon","coordinates":[[[-51.96324496420512,-23.446727841880975],[-51.9623885515261,-23.44662487374873],[-51.95938937591208,-23.44627349925688],[-51.959233679826845,-23.44698896298572],[-51.95921521070042,-23.447125029827703],[-51.959172071540394,-23.447770657516966],[-51.95917140010509,-23.447921977583736],[-51.959233055382214,-23.44861904354212],[-51.9592636097033,-23.448912676783294],[-51.95926010167825,-23.44916001061391],[-51.95926160009629,-23.44923776834442],[-51.961520709481206,-23.449500182056237],[-51.96251773556473,-23.44961051625494],[-51.96276465848176,-23.44961497307911],[-51.96286084227184,-23.449599802772696],[-51.9628892510839,-23.44938768853542],[-51.96295957313568,-23.448895797067145],[-51.96302890980273,-23.448360141393838],[-51.96306448936263,-23.448086372499535],[-51.963126774560834,-23.447621687190498],[-51.96319212306321,-23.447167069933677],[-51.96324496420512,-23.446727841880975]]]}},{"type":"Feature","properties":{"NOME":"Jardim Vila Rica","ZONA":8,"COD_BAIRRO_GEO":227,"LT_NOMEFANT":" "},"geometry":{"type":"Polygon","coordinates":[[[-51.910133734174984,-23.436693864686514],[-51.91100724501404,-23.43653580272119],[-51.9106319986541,-23.435170523762686],[-51.908380720460514,-23.43569667712593],[-51.90910681616289,-23.436843933035203],[-51.90912658588156,-23.436875169444072],[-51.90959550819552,-23.436790755521027],[-51.90963018811677,-23.436912356668262],[-51.909745047556804,-23.43689256897137],[-51.90970659252749,-23.43677075862764],[-51.910133734174984,-23.436693864686514]]]}},{"type":"Feature","properties":{"NOME":"Jardim Virgínia","ZONA":37,"COD_BAIRRO_GEO":111,"LT_NOMEFANT":" "},"geometry":{"type":"Polygon","coordinates":[[[-51.90417952861557,-23.412918553377036],[-51.903187032362354,-23.413709967374935],[-51.90402263227674,-23.414971037361177],[-51.9051820125291,-23.41431522341581],[-51.90427827201469,-23.41294519227096],[-51.90423038107368,-23.41288009531426],[-51.90417952861557,-23.412918553377036]]]}},{"type":"Feature","properties":{"NOME":"Jardim Vitória","ZONA":30,"COD_BAIRRO_GEO":32,"LT_NOMEFANT":" "},"geometry":{"type":"Polygon","coordinates":[[[-51.94570497810131,-23.386478766440643],[-51.945735934041096,-23.386409162584677],[-51.94577674198668,-23.38632708443573],[-51.94581146677252,-23.38624269471172],[-51.945832663025314,-23.386182322024396],[-51.94586596661674,-23.38615963050595],[-51.94590586075048,-23.38615559567388],[-51.94593676370824,-23.386139331493105],[-51.94598277465884,-23.38612857584302],[-51.94599808577499,-23.386121347810647],[-51.946085074261816,-23.386079996175138],[-51.946178626981364,-23.386053598149225],[-51.94620579279665,-23.38604846608046],[-51.94625766356861,-23.38600859135348],[-51.946292344578296,-23.38598697526985],[-51.94633507329303,-23.385968742692878],[-51.94637878717845,-23.385965226553928],[-51.94642442525229,-23.385957092357703],[-51.94651797716981,-23.385930603815662],[-51.94659696194696,-23.385919648387734],[-51.9466852400667,-23.385880817621747],[-51.946747894447206,-23.385816129347806],[-51.946755811878916,-23.385801178356303],[-51.94679622634875,-23.38571892169584],[-51.94681588479099,-23.385662532344373],[-51.946851410549286,-23.38558315672255],[-51.94687900647081,-23.385512306691457],[-51.94601928590991,-23.385239789556802],[-51.94451978711694,-23.384946676917405],[-51.94435916100468,-23.384919896643066],[-51.943097635327234,-23.384665325436156],[-51.942930365736515,-23.384644750000316],[-51.94129358569836,-23.38431543169708],[-51.93324096414163,-23.38272946718229],[-51.93307607250578,-23.382741386370288],[-51.93197250707965,-23.385125766710292],[-51.94250462490619,-23.38618231090494],[-51.94493096437929,-23.386410878772285],[-51.94500977297728,-23.386422478495565],[-51.945012917035754,-23.386391458423184],[-51.94567597945143,-23.38656068373216],[-51.94570497810131,-23.386478766440643]]]}},{"type":"Feature","properties":{"NOME":"Jardim da Glória","ZONA":36,"COD_BAIRRO_GEO":81,"LT_NOMEFANT":" "},"geometry":{"type":"Polygon","coordinates":[[[-51.89302858565448,-23.41588325539329],[-51.89383014401639,-23.415870684832782],[-51.894136198344086,-23.415866065632876],[-51.89416635434733,-23.41591433006852],[-51.894199457612544,-23.415958560099117],[-51.8944790772516,-23.41581660863248],[-51.89447991960792,-23.415816268714163],[-51.89449227190916,-23.41581128717196],[-51.89452971000434,-23.415864537166254],[-51.89493114502238,-23.415867171327193],[-51.89526842296569,-23.41586856893456],[-51.89530281336078,-23.41592497941036],[-51.895552276862425,-23.41579825647702],[-51.895631120425435,-23.41592754221899],[-51.89563892790751,-23.415940651965922],[-51.89594116118006,-23.415795624670164],[-51.895994528572835,-23.415857004958976],[-51.89646100047579,-23.415863499155183],[-51.894417202406444,-23.412453740511133],[-51.894252851497484,-23.412486313941578],[-51.89370706444736,-23.412606870255356],[-51.89358067221962,-23.412633035162912],[-51.892931182933914,-23.41277367161257],[-51.89230146076388,-23.41291250798698],[-51.89169299033584,-23.413041194794925],[-51.891625446606746,-23.413055479069644],[-51.89136483658227,-23.413109421708157],[-51.891495255618814,-23.41333720354461],[-51.89176987709187,-23.413795510728587],[-51.89198939457934,-23.414157423135347],[-51.892183448934105,-23.41448108555788],[-51.892361783973364,-23.414777594524043],[-51.89252987266991,-23.41505193712652],[-51.892694272932395,-23.415332940180004],[-51.892960224723296,-23.41577626579241],[-51.89302858565448,-23.41588325539329]]]}},{"type":"Feature","properties":{"NOME":"Jardim das Estações","ZONA":47,"COD_BAIRRO_GEO":2815,"LT_NOMEFANT":" "},"geometry":{"type":"Polygon","coordinates":[[[-51.97885553970916,-23.444503321151856],[-51.97848939399424,-23.444619043234113],[-51.97812854104966,-23.444727903988923],[-51.97685078661346,-23.445113361928254],[-51.97678701159269,-23.445132685919607],[-51.976001684404615,-23.445370641047074],[-51.97611206648879,-23.445876660407336],[-51.97628380492213,-23.447300400925826],[-51.976320604320556,-23.447522829231936],[-51.976684062212215,-23.447418583255704],[-51.97770628594061,-23.44710992980502],[-51.978749454326845,-23.44678909239911],[-51.979802929641934,-23.446475959101086],[-51.980933100781584,-23.446135452927408],[-51.98159942303261,-23.445937004290094],[-51.98253586534625,-23.445662036608176],[-51.98254076695376,-23.445530204676437],[-51.98253869610382,-23.445398297907985],[-51.982529658581775,-23.445266684811454],[-51.982513679635794,-23.44513573307505],[-51.98249080390634,-23.445005808539317],[-51.98246109530146,-23.444877274175123],[-51.982377282559554,-23.44464821859077],[-51.98217179299567,-23.444224483874677],[-51.98215070944727,-23.444188654650517],[-51.98203697920506,-23.443995377797282],[-51.98177371278013,-23.443621382273808],[-51.9811920060131,-23.443799927557194],[-51.980507075521174,-23.44400021625526],[-51.97983433299931,-23.444205631540303],[-51.97927547339714,-23.444374030617002],[-51.97885553970916,-23.444503321151856]]]}},{"type":"Feature","properties":{"NOME":"Jardim das Flores","ZONA":25,"COD_BAIRRO_GEO":2952,"LT_NOMEFANT":" "},"geometry":{"type":"Polygon","coordinates":[[[-51.93406653156027,-23.462793737150744],[-51.93404722971477,-23.46270822852475],[-51.934017687585914,-23.462614471692817],[-51.93401841685992,-23.462578971210593],[-51.93402496445514,-23.46249375938938],[-51.93402808864465,-23.462409019671888],[-51.93401830817345,-23.462326975632063],[-51.93401271576037,-23.462320573755502],[-51.93380722034308,-23.4621343557406],[-51.93378760395069,-23.46212685099593],[-51.933752160888645,-23.46210234414839],[-51.93317132046792,-23.462375081326332],[-51.933032820290045,-23.46244348166479],[-51.93301592016302,-23.46245037398801],[-51.93285641646484,-23.462529573936582],[-51.93268796448118,-23.462613173477152],[-51.9325173468976,-23.462697931960196],[-51.9312653632028,-23.463336610940353],[-51.9298854114263,-23.46402539720399],[-51.92964903934602,-23.46414566775327],[-51.92984203776445,-23.464451724140382],[-51.929916599087306,-23.464571984528547],[-51.92998054217412,-23.464680332534602],[-51.93042829740338,-23.46446622885618],[-51.93124257882157,-23.464091677394723],[-51.93214174307472,-23.46367807638117],[-51.93315493456936,-23.46321569226152],[-51.93406653156027,-23.462793737150744]]]}},{"type":"Feature","properties":{"NOME":"Jardim das Nações","ZONA":20,"COD_BAIRRO_GEO":275,"LT_NOMEFANT":" "},"geometry":{"type":"Polygon","coordinates":[[[-51.954971825286265,-23.437287457151175],[-51.95625938025563,-23.437507197149987],[-51.95661963352459,-23.437566458604955],[-51.95667547198855,-23.437254160171268],[-51.9552553973537,-23.437010735915383],[-51.955167354698304,-23.436994120918456],[-51.955243151838886,-23.43663445485355],[-51.95466829584286,-23.436531232962054],[-51.95470088212409,-23.43638047969779],[-51.95480622201202,-23.435846210949276],[-51.953937490844474,-23.436028603982525],[-51.953704544848534,-23.437067321519205],[-51.95403220070601,-23.437125388185823],[-51.954971825286265,-23.437287457151175]]]}},{"type":"Feature","properties":{"NOME":"Jardim do Carmo","ZONA":43,"COD_BAIRRO_GEO":170,"LT_NOMEFANT":" "},"geometry":{"type":"Polygon","coordinates":[[[-51.9710179330347,-23.403048611356695],[-51.970928028219376,-23.402896576380993],[-51.97090047360752,-23.40286844280214],[-51.97028602333184,-23.403323755125253],[-51.96940536452708,-23.4039830762096],[-51.969162064925335,-23.404173208782975],[-51.96903398702077,-23.40427496738121],[-51.96885479435987,-23.404413191933845],[-51.967841738886804,-23.405191960948514],[-51.967764596979464,-23.40525199181861],[-51.96741198154691,-23.405523811188928],[-51.96720846301395,-23.405670601526804],[-51.96723708593986,-23.40575122999582],[-51.96724623961515,-23.405777015965555],[-51.967727394397194,-23.407121799548108],[-51.97087926583708,-23.40461583960272],[-51.97138471862637,-23.40431223434815],[-51.971492094761196,-23.404276982094625],[-51.971615080326046,-23.404250094882244],[-51.9717676035436,-23.404228542505624],[-51.97190221517319,-23.404210781051802],[-51.97200654963709,-23.404152763023127],[-51.971881838946146,-23.40405888328717],[-51.971764432045404,-23.403937138293706],[-51.971562375861595,-23.40374721510321],[-51.971428460790584,-23.40358076517576],[-51.971300779610125,-23.403381418536906],[-51.9711343473003,-23.403194260237118],[-51.9710179330347,-23.403048611356695]]]}},{"type":"Feature","properties":{"NOME":"Jardim do Índio","ZONA":33,"COD_BAIRRO_GEO":3077,"LT_NOMEFANT":" "},"geometry":{"type":"Polygon","coordinates":[[[-52.07099782302878,-23.370677872836346],[-52.07273760821945,-23.3710693456316],[-52.07272047203206,-23.37092729966836],[-52.07264832824788,-23.37071176504367],[-52.07252834263639,-23.370469794053506],[-52.07259205520991,-23.370267664307114],[-52.072657579286584,-23.370059790451972],[-52.07264906573754,-23.369924694113923],[-52.0726409614658,-23.36979608079594],[-52.072634614641366,-23.369760782366672],[-52.07125285777388,-23.369459563185114],[-52.06991395986179,-23.369174493785795],[-52.06990962180135,-23.369188751462897],[-52.06983100505065,-23.36946157307801],[-52.069754059000175,-23.36972427017058],[-52.069696284763175,-23.369921513561376],[-52.069574068927864,-23.3703387620868],[-52.069670566648135,-23.370366121190536],[-52.07099782302878,-23.370677872836346]]]}},{"type":"Feature","properties":{"NOME":"Jardim dos Pássaros","ZONA":43,"COD_BAIRRO_GEO":166,"LT_NOMEFANT":" "},"geometry":{"type":"Polygon","coordinates":[[[-51.974321496992964,-23.400229843069866],[-51.9742152181657,-23.4003133993616],[-51.97396726175203,-23.4005050620712],[-51.97248645624477,-23.401649664626138],[-51.97231478643931,-23.40178480689016],[-51.97246463889072,-23.401957091931674],[-51.97263181874597,-23.402149295828973],[-51.97232367189072,-23.402396556432816],[-51.97197806777943,-23.402660626013127],[-51.97173999458409,-23.402846913904135],[-51.97173410658676,-23.402834492554256],[-51.97140847430372,-23.402475284838197],[-51.9710193677624,-23.402819871067546],[-51.97109583278608,-23.402957083845177],[-51.97129239177356,-23.4032101310225],[-51.971428562648654,-23.403419582392704],[-51.971643946296524,-23.403697365658395],[-51.9719673194893,-23.40401271251209],[-51.97204023450817,-23.404069612745907],[-51.97210861147326,-23.404121523848378],[-51.97211214159009,-23.404142189885075],[-51.97211892747801,-23.40421402953931],[-51.9721301730728,-23.40423080623302],[-51.972143660652186,-23.404253739700806],[-51.97237902518728,-23.404602830511756],[-51.97299490570612,-23.404121973773588],[-51.973355113275524,-23.403849580950276],[-51.97404191103271,-23.403311845145133],[-51.974973540308106,-23.40259787613542],[-51.97560353789398,-23.402105898676396],[-51.97657515283337,-23.401348715176308],[-51.97696031014855,-23.401049979863203],[-51.97792111781061,-23.400312935087204],[-51.97835758473217,-23.399959742535334],[-51.97681766036514,-23.398288928059223],[-51.976643850907855,-23.398442158763675],[-51.976393984802854,-23.39863200179169],[-51.975855411399834,-23.399052162631694],[-51.975471713906416,-23.399341769105884],[-51.9750914314904,-23.399638122916244],[-51.97454929527293,-23.400058503067733],[-51.974321496992964,-23.400229843069866]]]}},{"type":"Feature","properties":{"NOME":"Jardins de Monet Residence","ZONA":60,"COD_BAIRRO_GEO":2793,"LT_NOMEFANT":" "},"geometry":{"type":"Polygon","coordinates":[[[-52.01759834081648,-23.3619766913641],[-52.017606740479295,-23.362002454854053],[-52.018079092582475,-23.361885144285182],[-52.01825865120902,-23.361840960883928],[-52.01857323103286,-23.362752141122122],[-52.019044469354775,-23.362516489765156],[-52.019284259457095,-23.363008098449054],[-52.02292539422503,-23.361240894286148],[-52.02256609466607,-23.360608696497927],[-52.02142602096417,-23.358602762847823],[-52.019996795240004,-23.356086946280307],[-52.01884469554199,-23.354059022506622],[-52.01760513990362,-23.351877075387865],[-52.01742027412257,-23.35155165603958],[-52.01365266045843,-23.351560759606578],[-52.007588567047925,-23.351556397004167],[-52.0075883918777,-23.35155638819636],[-52.007587644713674,-23.351937326371658],[-52.00758756489938,-23.35197780234157],[-52.00757344124641,-23.353064820804484],[-52.007548637627785,-23.354965614850737],[-52.00752275752872,-23.356960612698604],[-52.00746498846055,-23.36142513275523],[-52.00742809936148,-23.364743352432026],[-52.007821578093825,-23.364620147503498],[-52.00908116347628,-23.36423725419023],[-52.010548125484036,-23.363801458609768],[-52.012758880321066,-23.363144804136347],[-52.014269183641254,-23.36269339888975],[-52.01633550757491,-23.36211027927518],[-52.01723074473612,-23.3619266665262],[-52.017272343461826,-23.362055470419737],[-52.01759834081648,-23.3619766913641]]]}},{"type":"Feature","properties":{"NOME":"Loteamento Alto da Boa Vista","ZONA":7,"COD_BAIRRO_GEO":216,"LT_NOMEFANT":" "},"geometry":{"type":"Polygon","coordinates":[[[-51.95228838285491,-23.396244928872818],[-51.95140608533178,-23.39625096261959],[-51.95143188615564,-23.396698253869634],[-51.95147491790734,-23.397285219680246],[-51.95151267700162,-23.397800079691713],[-51.952044973482934,-23.397763353615545],[-51.95348403400942,-23.3976855564987],[-51.95349729332205,-23.3976563804194],[-51.953538984530574,-23.397564640563516],[-51.95354619367688,-23.397548779520946],[-51.954319509640925,-23.397512273264486],[-51.95514779390835,-23.397468263928403],[-51.95632323174505,-23.39741225814872],[-51.95627309356253,-23.39622841272712],[-51.95574192057187,-23.396231758895837],[-51.95483439463331,-23.396237284319103],[-51.953659790143284,-23.39623959019529],[-51.95342695686021,-23.39624004679061],[-51.953301963589645,-23.396239191473683],[-51.95228838285491,-23.396244928872818]]]}},{"type":"Feature","properties":{"NOME":"Loteamento Alto das Grevílleas","ZONA":39,"COD_BAIRRO_GEO":2817,"LT_NOMEFANT":" "},"geometry":{"type":"Polygon","coordinates":[[[-51.91099317196523,-23.47065313271516],[-51.90977048497102,-23.472093282265146],[-51.90970708673094,-23.4720680117618],[-51.909640246255,-23.47204137036604],[-51.90952649318864,-23.471995856292565],[-51.90955513012624,-23.472602908886152],[-51.910243181884816,-23.472730952440518],[-51.911503898134384,-23.472972121791056],[-51.912226722849404,-23.4731022898159],[-51.91228162371845,-23.472845843073024],[-51.91229076652813,-23.472797077568075],[-51.912299999966,-23.472747822894657],[-51.911711445941826,-23.472176053980483],[-51.91135709170256,-23.47142212713622],[-51.911253083716346,-23.47116428898868],[-51.91103089385868,-23.470615339614326],[-51.91099317196523,-23.47065313271516]]]}},{"type":"Feature","properties":{"NOME":"Loteamento Batel","ZONA":37,"COD_BAIRRO_GEO":120,"LT_NOMEFANT":" "},"geometry":{"type":"Polygon","coordinates":[[[-51.89209353190093,-23.3955967824105],[-51.89207118465537,-23.39563309579851],[-51.89202118461088,-23.3958122754473],[-51.89199646982822,-23.39598806641569],[-51.89194593762076,-23.396174757574464],[-51.891859477045394,-23.396409449603397],[-51.89181431406116,-23.396624788342077],[-51.89174308440913,-23.396813987446862],[-51.89172306753485,-23.39691805727435],[-51.891668273742496,-23.397048612908566],[-51.89166797122144,-23.397196781263062],[-51.89170438039543,-23.397414043641387],[-51.89167301677157,-23.397563584145736],[-51.891641853104105,-23.397742995818774],[-51.89161719453253,-23.397927150236676],[-51.89159214289148,-23.39805275632073],[-51.89158523589788,-23.398123777355522],[-51.89186262970148,-23.397962552768142],[-51.892206283504194,-23.39775984921805],[-51.89250680085343,-23.397592043414484],[-51.892970392528284,-23.39732114281296],[-51.89339824333362,-23.397074324576334],[-51.893808432038476,-23.396840785127182],[-51.89430460395265,-23.396551032877674],[-51.89472535945455,-23.396305748341433],[-51.89498549532018,-23.39616493695782],[-51.8955228637537,-23.395853283067012],[-51.896003543689446,-23.395575973125286],[-51.89644702143725,-23.395319221096514],[-51.896947351375374,-23.395035259920974],[-51.8973518538815,-23.394808287901178],[-51.897474571746685,-23.394808870500366],[-51.898018752298746,-23.39448502441229],[-51.89843305633711,-23.394245986818362],[-51.89850980833225,-23.394201164028278],[-51.8984866457154,-23.39414866726141],[-51.8985944969872,-23.394085643678427],[-51.89879324198465,-23.393969505502675],[-51.89916956260004,-23.393756212180087],[-51.89990304610716,-23.39333763366066],[-51.90060042700814,-23.392934551336968],[-51.90121723714976,-23.392580912235044],[-51.90182409455424,-23.39223298325478],[-51.90240941474479,-23.39190989117822],[-51.90238051142864,-23.391888531508638],[-51.90233212489543,-23.391852682790173],[-51.9022815113011,-23.391820458895968],[-51.90223029288237,-23.391785619129703],[-51.9021784390851,-23.39175809911508],[-51.90212706171792,-23.39172867956608],[-51.902081611690946,-23.391693083885066],[-51.90207415530003,-23.391686748350672],[-51.902038109533244,-23.39165612211748],[-51.90199216724156,-23.39162007763785],[-51.90194018818374,-23.39158849376166],[-51.901891534852616,-23.391556709134292],[-51.9018498821744,-23.391518291485724],[-51.901810072787846,-23.391477514813804],[-51.90176638015219,-23.391432631898642],[-51.90173108401391,-23.39138782879932],[-51.90169447198516,-23.391342336895864],[-51.90164420886039,-23.391291146699324],[-51.90161230442832,-23.39126007557563],[-51.90157531696776,-23.391216934185813],[-51.90153402777018,-23.39117435952582],[-51.901489437962425,-23.39113568774364],[-51.90144658993164,-23.391094115592246],[-51.901408238775524,-23.39105188524512],[-51.90137298218983,-23.39100421770973],[-51.90134212303161,-23.390962020021078],[-51.90130014451823,-23.390912418581777],[-51.90126057935984,-23.39086979416262],[-51.90121009008638,-23.390835892803302],[-51.901156655982156,-23.39080612348402],[-51.90109818378348,-23.390783789610662],[-51.9010368408539,-23.39077104642178],[-51.90097326839105,-23.390761567659172],[-51.90091621745873,-23.39074681259815],[-51.90085980323495,-23.390724918386322],[-51.900795452032646,-23.390706779420217],[-51.900740963089156,-23.390689293541467],[-51.90068383953593,-23.39066379045952],[-51.900623515035285,-23.390642460620757],[-51.90056341617466,-23.39062555525096],[-51.90050587059445,-23.390609989985865],[-51.90044708350108,-23.390598947964445],[-51.90038944009426,-23.3905833832192],[-51.90033817667561,-23.39055622045772],[-51.900284369782185,-23.390529162647272],[-51.900268063161406,-23.390519863025766],[-51.90023191389053,-23.390499297047224],[-51.90018141197373,-23.390468968567045],[-51.900136816074635,-23.390429302869418],[-51.90010931001464,-23.39039740132671],[-51.90009775981994,-23.390384005283],[-51.90004406004737,-23.390358301604174],[-51.89998817768576,-23.390328183773764],[-51.8999413655108,-23.390293588824157],[-51.89992955788574,-23.390286261198575],[-51.8998923308768,-23.390263161478035],[-51.899839875175196,-23.390233295739463],[-51.89979171208446,-23.39020150850962],[-51.8997360131076,-23.390184035557322],[-51.89967923474499,-23.390166117184382],[-51.89961803606961,-23.39014569519999],[-51.89956422948239,-23.39011863713061],[-51.899545418123196,-23.390113137250435],[-51.898929425426324,-23.390493553685634],[-51.8988391859489,-23.39054105185654],[-51.898261632604395,-23.39090308814638],[-51.897813212376604,-23.391177945085232],[-51.897678669528624,-23.391287180334693],[-51.897327167275385,-23.39150933451636],[-51.89640897479935,-23.392078107676532],[-51.89618746920442,-23.392204129021312],[-51.895397484875005,-23.39269712792708],[-51.894654945858264,-23.393162129701373],[-51.89376901697376,-23.39371206784756],[-51.89320627234178,-23.394065413483272],[-51.89315880154486,-23.394220158564547],[-51.892613545159,-23.3945320490159],[-51.89253978205886,-23.39476736981144],[-51.89230098609787,-23.395065066355365],[-51.89225953991386,-23.395255290648628],[-51.89224237702619,-23.395398775396632],[-51.892209295522505,-23.39548499628584],[-51.89214137352678,-23.395588145524563],[-51.89209353190093,-23.3955967824105]]]}},{"type":"Feature","properties":{"NOME":"Loteamento Bom Jardim","ZONA":36,"COD_BAIRRO_GEO":2818,"LT_NOMEFANT":" "},"geometry":{"type":"Polygon","coordinates":[[[-51.87936397491403,-23.411875655162515],[-51.87886614764959,-23.412154655989937],[-51.87793642081215,-23.412678165958795],[-51.87713406278263,-23.413129947605633],[-51.8761648822398,-23.41367565419252],[-51.875521730154965,-23.414037781277983],[-51.87480373573202,-23.41444442303095],[-51.87403304060766,-23.414826362396436],[-51.8740834505363,-23.414899328262177],[-51.873873283099414,-23.41501569138632],[-51.87329271280633,-23.415327585188052],[-51.87340178844836,-23.415325405592622],[-51.87353774425137,-23.415322689939323],[-51.8736950266515,-23.41531954779837],[-51.87470429495943,-23.415301652221405],[-51.87528667545395,-23.41535100218213],[-51.875446600589086,-23.41536455402484],[-51.87578948149191,-23.41539360732674],[-51.87628151569005,-23.415391447860724],[-51.876459684810854,-23.41540327503713],[-51.879306616996004,-23.415385281240813],[-51.879602384875795,-23.415372334909293],[-51.880181806535816,-23.415373488114145],[-51.88070687619014,-23.415366163554133],[-51.88147398031516,-23.415197739372196],[-51.88326867132353,-23.41480368655409],[-51.88668449844136,-23.414053622847884],[-51.88832570978461,-23.413692594355865],[-51.88898666223196,-23.41354791575779],[-51.890650065854686,-23.413198217701478],[-51.89140783979048,-23.413020708464675],[-51.89263470436866,-23.412758297653284],[-51.8940004942858,-23.41246422294562],[-51.89412263870773,-23.412435292865784],[-51.89407089507596,-23.412416118226353],[-51.89402179816617,-23.41239092767903],[-51.89397604444969,-23.41236007856798],[-51.893934282972474,-23.412324008507728],[-51.893897106148025,-23.412283229175344],[-51.89386504135358,-23.412238319051966],[-51.89383854344891,-23.412189915216647],[-51.89381798832389,-23.41213870430901],[-51.893803667566225,-23.41208541278881],[-51.89379578432509,-23.412030796630628],[-51.89379445042937,-23.411975630599887],[-51.8937996848012,-23.411920697262314],[-51.89381141318767,-23.411866775882732],[-51.89382946921404,-23.411814631370678],[-51.89385359674393,-23.41176500342969],[-51.89329762663463,-23.411236457435013],[-51.89285526931527,-23.410916365034126],[-51.89228336619427,-23.41058506336712],[-51.890879555116676,-23.40976262428687],[-51.890249082353805,-23.40938385207877],[-51.89019976676122,-23.409416876285153],[-51.89014689572297,-23.409443844399544],[-51.890091209443824,-23.40946437886312],[-51.89003348754247,-23.40947819218942],[-51.8899745381367,-23.409485090989204],[-51.8899151865296,-23.40948497867793],[-51.889856263655155,-23.409477856827987],[-51.88979859444501,-23.409463825146645],[-51.88974298627928,-23.409443080080166],[-51.88969021768304,-23.409415912063494],[-51.88964102742685,-23.409382701454117],[-51.889596104183816,-23.409343913206996],[-51.889556076888034,-23.409300090365097],[-51.8895215059294,-23.409251846456687],[-51.889492875308015,-23.40919985690583],[-51.889470585858135,-23.409144849576286],[-51.88945494963635,-23.409087594581326],[-51.88944618555281,-23.409028893501958],[-51.88944441630638,-23.40896956816465],[-51.88944966666685,-23.408910449135615],[-51.88725964337588,-23.407618554778654],[-51.887256862723746,-23.40762013133754],[-51.887230259265515,-23.407604081277388],[-51.88655648447528,-23.40799623827688],[-51.88647636094223,-23.407958077346922],[-51.886435826908304,-23.407939205931743],[-51.8864204630693,-23.407932052850605],[-51.8858908258995,-23.408227864400715],[-51.88475957310167,-23.40886374857302],[-51.88426915498341,-23.409134234817],[-51.884268183347196,-23.409134116574148],[-51.88417394944886,-23.409186745977546],[-51.883494638996744,-23.409566133596954],[-51.88224377647044,-23.410265980549802],[-51.88097863422166,-23.410972630897945],[-51.88099730475103,-23.411029247183404],[-51.881004169122704,-23.411050062111865],[-51.88097793314716,-23.41106601195145],[-51.880939496916625,-23.411089378303604],[-51.88053641206845,-23.41131767149363],[-51.8799997626851,-23.411615647371825],[-51.87975399693853,-23.41174906744785],[-51.87938776415028,-23.411947622034717],[-51.87936397491403,-23.411875655162515]]]}},{"type":"Feature","properties":{"NOME":"Loteamento Ebenezer","ZONA":46,"COD_BAIRRO_GEO":189,"LT_NOMEFANT":" "},"geometry":{"type":"MultiPolygon","coordinates":[[[[-51.90616592864931,-23.386272338272633],[-51.90502922281632,-23.38678492852015],[-51.90431996007412,-23.387096436731657],[-51.9035306192612,-23.3874462197777],[-51.90281533841708,-23.387763809489623],[-51.90221090750233,-23.388037415262563],[-51.90142476413801,-23.388380143291567],[-51.9008077376539,-23.388652289929226],[-51.90000120621729,-23.389011402692987],[-51.89934558849841,-23.38930444511897],[-51.898955189358816,-23.389472023473186],[-51.89832260675017,-23.38974535640818],[-51.898564029960646,-23.389824136493473],[-51.89876728737369,-23.389865028605506],[-51.89898499716754,-23.389899145369373],[-51.89916644316303,-23.389930603555786],[-51.89919784935036,-23.38993597775694],[-51.899640457061935,-23.38973286996215],[-51.900012495084695,-23.38956807907528],[-51.900681261916674,-23.389274730506962],[-51.90162188786284,-23.388858266769176],[-51.9022981849794,-23.388558988934275],[-51.90306920099843,-23.388217704175315],[-51.90402332202472,-23.38778911292246],[-51.904796784100434,-23.38744711020973],[-51.905535515876714,-23.387121123027573],[-51.90646079789575,-23.386710239277033],[-51.90632119778132,-23.386440415955448],[-51.90630864182775,-23.38641614688635],[-51.90622668618557,-23.386245440453653],[-51.90616592864931,-23.386272338272633]]],[[[-51.905671609087634,-23.38518281217049],[-51.90555454862506,-23.38523513638902],[-51.9048827944584,-23.385533820764074],[-51.90436849298236,-23.385759651865953],[-51.90368215831123,-23.386063639764817],[-51.903146627023375,-23.386298877468178],[-51.90246359359538,-23.38660410016228],[-51.901785091557976,-23.38690876722652],[-51.90125197834139,-23.387147216371375],[-51.90057539979614,-23.387440374603344],[-51.899836517084864,-23.38777239566322],[-51.899261357905644,-23.388031341245238],[-51.89875175356706,-23.38825038831439],[-51.8981503791258,-23.38851902675492],[-51.8975746882755,-23.388779633965143],[-51.89698339040479,-23.38903150595061],[-51.89671901555195,-23.38914597507644],[-51.896783461014934,-23.3891769960909],[-51.89688436166273,-23.389243330850114],[-51.89709843019292,-23.389352033189123],[-51.89731020320961,-23.38942729118852],[-51.89757706734066,-23.389532821206572],[-51.89804917652652,-23.38966680585351],[-51.89823183129945,-23.38972406780667],[-51.89828572615443,-23.38973670678064],[-51.89862646753388,-23.389580324613423],[-51.899247657872294,-23.389309347478612],[-51.899653912655765,-23.389123282133326],[-51.9003975043002,-23.388799113490965],[-51.90100956252784,-23.388529443900982],[-51.90153613006159,-23.388294121335125],[-51.90219386399576,-23.38800496144967],[-51.90297506795863,-23.38765754605357],[-51.90370234025735,-23.38733717485058],[-51.90435174646089,-23.38704473487517],[-51.905125091125846,-23.386703779054177],[-51.9053925068075,-23.386585609482573],[-51.90605350648901,-23.386293573272162],[-51.90621469555328,-23.386222710803203],[-51.905924253964926,-23.385672121944822],[-51.905671609087634,-23.38518281217049]]]]}},{"type":"Feature","properties":{"NOME":"Loteamento Eurogarden","ZONA":38,"COD_BAIRRO_GEO":2923,"LT_NOMEFANT":" "},"geometry":{"type":"Polygon","coordinates":[[[-51.903388971616096,-23.436711845019822],[-51.903104739346105,-23.436257918493318],[-51.902336233721115,-23.43506206391711],[-51.901500791447845,-23.433711664389016],[-51.90144734962915,-23.433628796527415],[-51.90091183101314,-23.432798814352466],[-51.900929261419996,-23.432789571398764],[-51.90126176128901,-23.43261325993734],[-51.901249743728656,-23.43259359128291],[-51.90120676322351,-23.432523244753344],[-51.90052336369156,-23.4314245480562],[-51.89998006342409,-23.43056415766369],[-51.895372092929094,-23.432949729902944],[-51.89604145742415,-23.434009106672605],[-51.897285666718204,-23.435938669040254],[-51.898084315193216,-23.437222210311578],[-51.8986098974091,-23.438073884673145],[-51.89870981206538,-23.438232002156894],[-51.900019600506226,-23.438901580139213],[-51.90208382386958,-23.439984255594325],[-51.90387654111582,-23.440929206446416],[-51.904475650362734,-23.44125414641956],[-51.90460719820213,-23.441325539227805],[-51.904735443467835,-23.441402707349095],[-51.90486013277386,-23.441485498315277],[-51.90498101976007,-23.44157374854861],[-51.90509786557892,-23.44166728368499],[-51.905244265741246,-23.441782723783845],[-51.90535494612457,-23.441891364683986],[-51.90585641648286,-23.442609666047712],[-51.9059873086857,-23.442535367358808],[-51.90617348666125,-23.442429685989193],[-51.90676698672678,-23.442066449298714],[-51.906683602616155,-23.441933339908243],[-51.90644693397424,-23.441562866754353],[-51.90593477485164,-23.440749497044337],[-51.90455051253508,-23.438587418638342],[-51.90383878628912,-23.437442201162806],[-51.903388971616096,-23.436711845019822]]]}},{"type":"Feature","properties":{"NOME":"Loteamento Fechado Bela Vista","ZONA":53,"COD_BAIRRO_GEO":338,"LT_NOMEFANT":"Lt. 148 E (Gba. Rib. Maringá) "},"geometry":{"type":"MultiPolygon","coordinates":[[[[-51.949199428579284,-23.36011694364617],[-51.94663106539023,-23.35952748843374],[-51.94589518473091,-23.359355924899948],[-51.94380586839935,-23.358868799348024],[-51.94253471159442,-23.358565390279367],[-51.94242982584065,-23.358899063211823],[-51.94239709378757,-23.35900319284138],[-51.942287188010226,-23.359352835918692],[-51.94428316487706,-23.359836228399452],[-51.946721850344304,-23.360412383159144],[-51.950249921928034,-23.36124436146018],[-51.95328802895819,-23.361944457371184],[-51.95331008841952,-23.361835127678674],[-51.95350009304723,-23.361474548472742],[-51.953557006445216,-23.3613250805781],[-51.9535941720728,-23.361191161749385],[-51.953616832584096,-23.361139133852973],[-51.95281730618343,-23.360970679183907],[-51.9504173475961,-23.360401655269897],[-51.949199428579284,-23.36011694364617]]],[[[-51.94687730676106,-23.35864583236259],[-51.944521961408036,-23.3580960089613],[-51.94297881248517,-23.35773824492267],[-51.942810526345994,-23.357687930607437],[-51.94270520943279,-23.35802298011817],[-51.9426724777922,-23.35812711070605],[-51.94255426459058,-23.35850318523481],[-51.9438994333098,-23.358826814360715],[-51.94475166253211,-23.359029546179876],[-51.94505024217987,-23.35910030447976],[-51.9475076692647,-23.359667659629817],[-51.94900425777337,-23.36001444057036],[-51.95049009559794,-23.36036594732064],[-51.952194411773824,-23.360760251693655],[-51.953682523045636,-23.361097615497926],[-51.953848691790455,-23.360860541609686],[-51.953937409453744,-23.360659362947363],[-51.953976990446535,-23.360402938639155],[-51.95399057587724,-23.36031657241189],[-51.95369800684484,-23.36024636197646],[-51.953545143286036,-23.36020967807148],[-51.95329896926558,-23.360150599946593],[-51.95308602877494,-23.360099497669516],[-51.952873089415334,-23.360048395091017],[-51.952660149236664,-23.359997293126195],[-51.95244720920433,-23.35994618996274],[-51.95223426834652,-23.35989508650978],[-51.9521348871825,-23.35987123655847],[-51.94687730676106,-23.35864583236259]]]]}},{"type":"Feature","properties":{"NOME":"Loteamento Fechado Jequitibá Empresarial","ZONA":45,"COD_BAIRRO_GEO":2680,"LT_NOMEFANT":" "},"geometry":{"type":"Polygon","coordinates":[[[-52.00167260905416,-23.46096030818636],[-52.001344790768265,-23.460816136636105],[-51.99991364660411,-23.461560429526276],[-51.99866407191765,-23.462196381975506],[-51.998070491372985,-23.463275205615517],[-51.998609053269476,-23.46411658367423],[-52.002738834275355,-23.46184113814817],[-52.003778340686985,-23.461255023535525],[-52.00360617695589,-23.46126550935928],[-52.003433753821064,-23.461270044265802],[-52.003261276917186,-23.461268622846696],[-52.00308895194309,-23.46126124679716],[-52.002916984416416,-23.461247924914005],[-52.002745579428485,-23.46122867308512],[-52.00257494139974,-23.46120351427056],[-52.00242076048508,-23.46117878655883],[-52.00226774441605,-23.461147653027176],[-52.00211615921848,-23.46111016780275],[-52.00196626843054,-23.461066396055422],[-52.0018183326446,-23.461016413884487],[-52.00167260905416,-23.46096030818636]]]}},{"type":"Feature","properties":{"NOME":"Loteamento Fechado Portal das Flores","ZONA":57,"COD_BAIRRO_GEO":null,"LT_NOMEFANT":"Lt. 57 (REM), 57-A, 57-B, 57-C, 57-D (Gleba Ribeirão Maringá)"},"geometry":{"type":"Polygon","coordinates":[[[-51.99475788607164,-23.39084334281335],[-51.99355228205181,-23.389728059989725],[-51.992780842733865,-23.38992387481517],[-51.99048902044855,-23.390545404782085],[-51.988539611149385,-23.39104979030701],[-51.987780004257644,-23.391261064661748],[-51.986965996390964,-23.391468377757207],[-51.98632417957382,-23.39164377304643],[-51.98562575897319,-23.391832426741008],[-51.98485523240174,-23.39203873773109],[-51.98412499518425,-23.39223188723444],[-51.98372859393437,-23.39233973316311],[-51.98378035745717,-23.392367404166777],[-51.98391386920472,-23.392461197543525],[-51.98408468194687,-23.39255762368547],[-51.984172727695736,-23.392595066475536],[-51.98423855151043,-23.392673513854202],[-51.984225090927545,-23.392743856422076],[-51.984253374582764,-23.39278741076836],[-51.98428070649716,-23.39280731247738],[-51.98434776643488,-23.39284273675245],[-51.984348368753004,-23.392842938891274],[-51.985311183680295,-23.39267153591762],[-51.98756043992918,-23.392236749553557],[-51.99013795698644,-23.39173054947642],[-51.992886160742486,-23.391201715429045],[-51.99475788607164,-23.39084334281335]]]}},{"type":"Feature","properties":{"NOME":"Loteamento Fechado Santa Maria","ZONA":53,"COD_BAIRRO_GEO":2775,"LT_NOMEFANT":"Lt. 148L (Gba. Rib. Maringá) "},"geometry":{"type":"Polygon","coordinates":[[[-51.94078052823337,-23.363173676718493],[-51.939998587557724,-23.362984860180873],[-51.93892875772294,-23.3627363854102],[-51.93785977185155,-23.36248329082894],[-51.936377449846695,-23.36213050485607],[-51.935511501855025,-23.36192723434339],[-51.93456101974051,-23.36169271472379],[-51.93401610042713,-23.361569379864278],[-51.933167276062036,-23.36136472042824],[-51.93188514447841,-23.361060543388945],[-51.93124896293075,-23.36091158939878],[-51.93061065200238,-23.360767689933876],[-51.92989578676107,-23.360592703142693],[-51.92932081762348,-23.360456945648078],[-51.92924458721626,-23.360782877730465],[-51.92931280306464,-23.361339637362722],[-51.93097202629963,-23.36173349361331],[-51.931997194113706,-23.361974016829056],[-51.93309082901185,-23.362232764752893],[-51.93403330844781,-23.362451558151037],[-51.935069507494745,-23.362704762998064],[-51.93743849915465,-23.363276845766027],[-51.93869320619257,-23.363580140062496],[-51.93968986770353,-23.36381388609023],[-51.940187328523784,-23.363934927107156],[-51.940523503907265,-23.364016512445538],[-51.94078052823337,-23.363173676718493]]]}},{"type":"Feature","properties":{"NOME":"Loteamento Fechado Santa Marina","ZONA":53,"COD_BAIRRO_GEO":336,"LT_NOMEFANT":"Lt. 148S1 (Gleba Ribeirão Maringá) "},"geometry":{"type":"Polygon","coordinates":[[[-51.95148356963307,-23.367679837387747],[-51.950833746545655,-23.367452561621647],[-51.94962200221208,-23.367056771739797],[-51.94845546716904,-23.366675749430556],[-51.94758057322105,-23.36639045461841],[-51.94684784895815,-23.36614922239738],[-51.945957356372126,-23.365853497433793],[-51.94295440663692,-23.3649067539458],[-51.94087059076845,-23.364230216623557],[-51.94067234090603,-23.36479377699749],[-51.94304580763825,-23.365735119131216],[-51.94394910685605,-23.36607588941796],[-51.94480328351256,-23.366415424540133],[-51.9454152747964,-23.36664052112536],[-51.94654613968141,-23.36709601578872],[-51.947246668757494,-23.36736945782624],[-51.94807832939741,-23.367699694841626],[-51.948726349943804,-23.367958156770303],[-51.949640805092045,-23.368304309088458],[-51.95063451485159,-23.368700011680087],[-51.95117094268346,-23.368891768473077],[-51.95123219624279,-23.36891366486983],[-51.95121396163239,-23.36878204250982],[-51.95126391972497,-23.368570779903816],[-51.951321730237225,-23.36840123246121],[-51.95133452195668,-23.368234827354954],[-51.95136388565187,-23.36799662775948],[-51.951354852271955,-23.367818884502405],[-51.95148356963307,-23.367679837387747]]]}},{"type":"Feature","properties":{"NOME":"Loteamento Florais de Maringá","ZONA":47,"COD_BAIRRO_GEO":3133,"LT_NOMEFANT":" "},"geometry":{"type":"Polygon","coordinates":[[[-51.98072896276387,-23.465151250651783],[-51.983289006528125,-23.465065112697037],[-51.98445781587161,-23.46504040608481],[-51.98499444986715,-23.46502554722085],[-51.985578221579516,-23.465009432153806],[-51.986203405274445,-23.464992051400866],[-51.98686621580693,-23.4646629040199],[-51.987409750268895,-23.46439181524951],[-51.98810761813095,-23.46404375359529],[-51.98856185242227,-23.46381767577428],[-51.988938154439474,-23.463631759317675],[-51.98927184113041,-23.463470975537685],[-51.98901488003339,-23.461798728970347],[-51.98873660461106,-23.46189486123645],[-51.98787887150451,-23.462197672551422],[-51.987168851737756,-23.462443051120626],[-51.98675699586591,-23.462585216879038],[-51.986166355436744,-23.46279112275582],[-51.985269790892886,-23.463102673658796],[-51.98485328998251,-23.463247731490263],[-51.98430243158323,-23.463439518743595],[-51.98381411627,-23.463611791565913],[-51.9833082028503,-23.463786563705224],[-51.98278421480273,-23.46396957331562],[-51.98235117291832,-23.46412046414386],[-51.9817770545998,-23.464320514340674],[-51.98129077231729,-23.464488465581574],[-51.9808572150861,-23.464640312074565],[-51.9803807487851,-23.46480485244354],[-51.98014511660355,-23.464886397638026],[-51.98012882391006,-23.46491557314635],[-51.980019655213944,-23.46507613196235],[-51.97989517636563,-23.46516294394077],[-51.979811263875696,-23.46518457170113],[-51.98072896276387,-23.465151250651783]]]}},{"type":"Feature","properties":{"NOME":"Loteamento Giardino San Marco","ZONA":19,"COD_BAIRRO_GEO":2993,"LT_NOMEFANT":" "},"geometry":{"type":"Polygon","coordinates":[[[-51.986578599401646,-23.394946992246656],[-51.98652328866427,-23.39484001773591],[-51.98644394512689,-23.394719358629718],[-51.98634216772235,-23.39461102800433],[-51.98626698883073,-23.39457316571436],[-51.986257135503664,-23.394829205823573],[-51.98625812273527,-23.394857332691206],[-51.98623283825253,-23.395466136395324],[-51.986229728655545,-23.395900890346258],[-51.98621320144361,-23.396563235025702],[-51.98618238282328,-23.39707253109109],[-51.986163639809696,-23.397761941607808],[-51.986122421818045,-23.399188399463416],[-51.986079145131725,-23.400616781253845],[-51.986062024082834,-23.401515575214102],[-51.98601642583076,-23.4024964686624],[-51.98602358414217,-23.403236058229545],[-51.98750948185754,-23.401954544578608],[-51.98755791525755,-23.40191353916479],[-51.987091888866104,-23.399757084065953],[-51.98658169138824,-23.397268197425223],[-51.98654641832573,-23.39718387538212],[-51.986421611794526,-23.396566516386855],[-51.98628863493888,-23.39589067914321],[-51.98628465355427,-23.395864570872053],[-51.98644732990578,-23.395374209378257],[-51.986578599401646,-23.394946992246656]]]}},{"type":"Feature","properties":{"NOME":"Loteamento Grajaú","ZONA":37,"COD_BAIRRO_GEO":121,"LT_NOMEFANT":" "},"geometry":{"type":"Polygon","coordinates":[[[-51.879243617756785,-23.402784083663647],[-51.88006078662208,-23.402263960310773],[-51.88095130287341,-23.401712618509688],[-51.88172648116012,-23.401223199996355],[-51.88239082660715,-23.4008073877041],[-51.88307323180795,-23.400384148186856],[-51.8837368301472,-23.399965271720927],[-51.884406238176986,-23.399549486608226],[-51.884704566104936,-23.399357111278082],[-51.88448861897948,-23.39904161138321],[-51.88423073510903,-23.39865851170007],[-51.883900049840896,-23.39817207792292],[-51.883649674026394,-23.397802361138414],[-51.88272443560021,-23.39841297655538],[-51.88259789882039,-23.398498799306616],[-51.88214869266177,-23.3988034703131],[-51.8820379727015,-23.398878565170552],[-51.881588762969265,-23.399183233732998],[-51.88147804237084,-23.39925832820929],[-51.881028985934044,-23.399562890475664],[-51.88089836905847,-23.399664240559016],[-51.88079217628391,-23.399731434727386],[-51.880658786291214,-23.399820006058096],[-51.880534678306965,-23.39990725234201],[-51.88045892138899,-23.39996162966683],[-51.88035480905625,-23.400041164336482],[-51.88027264450507,-23.40010286759676],[-51.8801958794623,-23.400162880279375],[-51.88010438114003,-23.400241522718478],[-51.880031790019295,-23.400303946915255],[-51.87998689777869,-23.400347744171103],[-51.879888124002285,-23.400439540476306],[-51.87979254453819,-23.40053240983659],[-51.879703107530744,-23.400620065473603],[-51.87963599439769,-23.400694943041056],[-51.879550942393394,-23.400785712623154],[-51.87946125601022,-23.400890777392934],[-51.87939914609406,-23.40096755057948],[-51.87931882229285,-23.401060666209418],[-51.87924973347524,-23.401154303885374],[-51.8791910489214,-23.401236179913575],[-51.879159479713145,-23.40128170483152],[-51.879079366792524,-23.401400290112758],[-51.878980653397214,-23.401552433627316],[-51.87889580460764,-23.40169177537869],[-51.878775007771225,-23.401911924857224],[-51.878697303480166,-23.402076318836656],[-51.878776341345876,-23.402509800140745],[-51.879243617756785,-23.402784083663647]]]}},{"type":"Feature","properties":{"NOME":"Loteamento Jardim Baeza","ZONA":31,"COD_BAIRRO_GEO":3890,"LT_NOMEFANT":" "},"geometry":{"type":"Polygon","coordinates":[[[-51.92098116233616,-23.390400102903282],[-51.92120218625926,-23.389855934259835],[-51.92136591243331,-23.38943084382592],[-51.92364200446182,-23.38366610771248],[-51.92497025942901,-23.380288182439415],[-51.92602804824367,-23.377586489852508],[-51.92714772913847,-23.374739214588907],[-51.92790134652393,-23.37281004535965],[-51.92795158121235,-23.37270074947559],[-51.927176644400724,-23.37256912789707],[-51.927126830421194,-23.372675132430462],[-51.926516379601075,-23.373881333810306],[-51.925297382360206,-23.376301380489693],[-51.92426616715236,-23.378350341377843],[-51.92351729510091,-23.379848161116648],[-51.92216157668537,-23.38252218869562],[-51.92094160688873,-23.384932152184078],[-51.920014390810636,-23.38676327820061],[-51.91927212586262,-23.38821208508672],[-51.92098116233616,-23.390400102903282]]]}},{"type":"Feature","properties":{"NOME":"Loteamento Jardim Botânico","ZONA":20,"COD_BAIRRO_GEO":279,"LT_NOMEFANT":" "},"geometry":{"type":"Polygon","coordinates":[[[-51.94110539837524,-23.45186816407116],[-51.94120183994395,-23.451369447233073],[-51.94129835640014,-23.450870338782046],[-51.9413204303147,-23.450728332246783],[-51.94136998418377,-23.45051107253914],[-51.94129658829545,-23.450504683442617],[-51.93870191714306,-23.450278792337784],[-51.93862134908936,-23.45027220396482],[-51.93845962243344,-23.450750721700736],[-51.93816694944713,-23.45222476472112],[-51.938161713138925,-23.452251138309943],[-51.938096425885696,-23.45257995406963],[-51.93809383995306,-23.452591952496924],[-51.93834280758215,-23.452600501811496],[-51.93846158299264,-23.452604579884017],[-51.93929270651168,-23.45266080814553],[-51.940010570227535,-23.45270777273205],[-51.940933928956554,-23.452763795974715],[-51.94110539837524,-23.45186816407116]]]}},{"type":"Feature","properties":{"NOME":"Loteamento Jardim Piatã","ZONA":37,"COD_BAIRRO_GEO":118,"LT_NOMEFANT":" "},"geometry":{"type":"Polygon","coordinates":[[[-51.88946974020451,-23.399323720322403],[-51.89015997602072,-23.398928343574813],[-51.89046417474247,-23.398754753544722],[-51.89155155229707,-23.398133237463988],[-51.89156133981746,-23.3980112825729],[-51.8915926765602,-23.3978189655738],[-51.89160428819371,-23.397697020142843],[-51.89160844885188,-23.39762243529425],[-51.89165704580428,-23.397455829439224],[-51.891653430036364,-23.397379854628596],[-51.89162709624104,-23.39715918831977],[-51.891627901340364,-23.397047342046598],[-51.89168134036133,-23.3969079515932],[-51.89170520663868,-23.39676012752223],[-51.89173588292183,-23.396701163494296],[-51.891754092230094,-23.39664092116751],[-51.89077629925578,-23.397180184227917],[-51.890514001420236,-23.397336869804906],[-51.8898130883194,-23.3977625297174],[-51.889220727213285,-23.398120135259862],[-51.88860040613684,-23.398503682818035],[-51.88802515555669,-23.398849167477522],[-51.887226568519125,-23.39933405168177],[-51.886549012005965,-23.399745717451214],[-51.88579297890027,-23.400209561836142],[-51.88515287395451,-23.40059370950677],[-51.884341151290826,-23.401077857124935],[-51.88345258631857,-23.401616476762367],[-51.88270891230636,-23.402066459895085],[-51.88261609815061,-23.402121509049355],[-51.881487018639184,-23.402796773570255],[-51.881305558272516,-23.402906888457917],[-51.880636329954974,-23.403315986728572],[-51.88039805092939,-23.40346170252485],[-51.88130635075458,-23.403994838997097],[-51.88147367374203,-23.403904321611137],[-51.882350448479315,-23.40340802048066],[-51.883261474641685,-23.402882214059165],[-51.88419229321529,-23.40235523552663],[-51.885037293556906,-23.401865804117346],[-51.885842235186736,-23.401401766370515],[-51.886639126420626,-23.400947650627547],[-51.88749190419104,-23.400462463333184],[-51.888491654654864,-23.399886102856996],[-51.88946974020451,-23.399323720322403]]]}},{"type":"Feature","properties":{"NOME":"Loteamento Liberdade","ZONA":36,"COD_BAIRRO_GEO":88,"LT_NOMEFANT":" "},"geometry":{"type":"MultiPolygon","coordinates":[[[[-51.89761564348029,-23.42165151746532],[-51.89918897780253,-23.42204856223579],[-51.899971034486796,-23.421698808441565],[-51.89760933072754,-23.417779217585256],[-51.89647697079495,-23.415890142842876],[-51.89596790814048,-23.41588752031526],[-51.89593304717164,-23.415832341071724],[-51.89565830158149,-23.415973180583524],[-51.895631120425435,-23.41592754221899],[-51.89558366662142,-23.415849729923938],[-51.895582165314835,-23.415847267318348],[-51.89557396901827,-23.41583382650865],[-51.89549662503945,-23.415874095619696],[-51.89529504802938,-23.4159768859617],[-51.895286298859205,-23.41598134743581],[-51.895240636289515,-23.415899751109308],[-51.89499867424836,-23.415905719600126],[-51.89494701628388,-23.415904159434156],[-51.894863616625166,-23.4159016412182],[-51.8945073117857,-23.41589087960972],[-51.894466571674215,-23.415822957624897],[-51.894199457612544,-23.415958560099117],[-51.89416635434733,-23.41591433006852],[-51.89333417528378,-23.41591538165806],[-51.8927669372369,-23.415920863523837],[-51.89277246376379,-23.41592999963735],[-51.892779665864566,-23.415941905386962],[-51.89337028050849,-23.416882427624326],[-51.89419221452317,-23.418248386172532],[-51.89419221497984,-23.418248386933378],[-51.89087934727905,-23.41739056122348],[-51.89020347800262,-23.419635944756553],[-51.89526263407787,-23.420943265599572],[-51.89525917697838,-23.42096026415319],[-51.89525897137464,-23.42097755929353],[-51.895262022526175,-23.42099462350966],[-51.89526823887146,-23.42101094068411],[-51.89527743109745,-23.421026013323953],[-51.89528932010925,-23.42103938328923],[-51.89529991150446,-23.421048133493418],[-51.8954740906951,-23.421340203795506],[-51.895484659300884,-23.42135588542963],[-51.895498019073706,-23.421369635329516],[-51.89551376297054,-23.421381035830773],[-51.89553141297475,-23.421389740127232],[-51.89555043191396,-23.42139548304188],[-51.89557024408643,-23.42139809174732],[-51.89559024504856,-23.421397485709726],[-51.89560982809554,-23.421393684665986],[-51.89562839889997,-23.421386802217253],[-51.89564539216872,-23.421377048442967],[-51.89566029213554,-23.421364720751182],[-51.895664887342924,-23.4213599082353],[-51.89582618150256,-23.42126066315658],[-51.895827761402835,-23.42126068841733],[-51.89582907687586,-23.42126068990454],[-51.895844789657886,-23.421259330757323],[-51.895860007002284,-23.42125547433643],[-51.8958742686994,-23.421249237990722],[-51.895887139494704,-23.42124081118365],[-51.895898229605706,-23.42123044995627],[-51.89590617204344,-23.421220095041576],[-51.895907641713315,-23.42122046596396],[-51.89761564348029,-23.42165151746532]]],[[[-51.88369352755857,-23.414710398841066],[-51.882268610991474,-23.415023268800667],[-51.88147398031516,-23.415197739372196],[-51.88148853029252,-23.415230866991113],[-51.88148895874366,-23.41523186624829],[-51.881813232858626,-23.415988049153487],[-51.88200412741286,-23.41586019234043],[-51.88332576431297,-23.415852724716828],[-51.88798595882775,-23.415852429774816],[-51.88799953280823,-23.415852428485632],[-51.888136845440336,-23.415852417425562],[-51.88887773774048,-23.41585235737984],[-51.88942757191771,-23.415844765906023],[-51.892718948787866,-23.415837369399213],[-51.892750543974884,-23.415892341348385],[-51.89299444924177,-23.41588233054067],[-51.892889791303084,-23.415718181186175],[-51.89248265861997,-23.415053759505007],[-51.89230802913144,-23.41476524653294],[-51.892215752881896,-23.41481244845326],[-51.8916246345496,-23.415114819553025],[-51.89160870040876,-23.415083047543728],[-51.89112243294642,-23.414296443244222],[-51.891050486853196,-23.414166721017637],[-51.890512425718114,-23.41327668574005],[-51.889670343418764,-23.413445348668493],[-51.888695475787586,-23.413651638368986],[-51.887596028440875,-23.413885815996448],[-51.88778061822405,-23.414640835699075],[-51.888143487413814,-23.414644647718877],[-51.88770004631359,-23.414639989300035],[-51.88752081792092,-23.413914392216796],[-51.88651521337833,-23.41413800882578],[-51.886516286044504,-23.414090561870097],[-51.885437761743695,-23.41432739670168],[-51.88369352755857,-23.414710398841066]]]]}},{"type":"Feature","properties":{"NOME":"Loteamento Madrid","ZONA":39,"COD_BAIRRO_GEO":146,"LT_NOMEFANT":" "},"geometry":{"type":"Polygon","coordinates":[[[-51.916716180083554,-23.461604765993773],[-51.91663873021145,-23.460849534183602],[-51.91640909427991,-23.460862930496482],[-51.91592433104565,-23.46089120945211],[-51.91598029906941,-23.461597890142507],[-51.915986193583,-23.461672323575762],[-51.91598719381869,-23.461681209827056],[-51.913798172312326,-23.461940543229648],[-51.913179613203106,-23.462017908580673],[-51.9122625542106,-23.46212507860349],[-51.91164675922707,-23.462193918903026],[-51.91104497646003,-23.46226625979677],[-51.9104594917296,-23.462335636453297],[-51.90984168996782,-23.462407116960787],[-51.90961617098014,-23.46243647524598],[-51.909616060030245,-23.462469006023603],[-51.909289871622846,-23.46249958493765],[-51.909289347504455,-23.46247566909677],[-51.908534963183136,-23.462568029896076],[-51.907962537202,-23.46262966192475],[-51.907456229231336,-23.46268886323937],[-51.90742958596396,-23.46269232581299],[-51.90706993149494,-23.46273906000701],[-51.9063876346729,-23.46281949876131],[-51.90606996975164,-23.46286076698327],[-51.906073162623564,-23.46287627558542],[-51.906117806203014,-23.463093119949203],[-51.906314292180475,-23.463984553164284],[-51.906551329185824,-23.46502869503264],[-51.906555444189635,-23.46515711982097],[-51.906510719970676,-23.46535502909059],[-51.90680572452759,-23.46544743441046],[-51.90729642291226,-23.465607084040585],[-51.90787862383168,-23.465793681536766],[-51.90813186277411,-23.46587187419678],[-51.90820715112909,-23.465898197090862],[-51.90827881602179,-23.465923252164828],[-51.90856139807681,-23.466012338486447],[-51.90900107955834,-23.466156220704384],[-51.90944450262986,-23.466297749547998],[-51.909777183529606,-23.466404954367533],[-51.910331290239114,-23.466585719900944],[-51.91088559044005,-23.46676407884383],[-51.91132898664571,-23.46690782788714],[-51.91172434291852,-23.467032441041],[-51.912222644321915,-23.46719446364259],[-51.912741413267355,-23.46736177687663],[-51.912941458624374,-23.46712789152076],[-51.913874729848395,-23.466036730169044],[-51.914026653486566,-23.46585910292917],[-51.91628991305527,-23.46321284583665],[-51.91698621326565,-23.462398686419185],[-51.91737664012149,-23.461942169835357],[-51.91751821979067,-23.46177662373544],[-51.9173397039059,-23.461529581221285],[-51.91680164265429,-23.461596172727475],[-51.91674630107383,-23.461599973553906],[-51.916716180083554,-23.461604765993773]]]}},{"type":"Feature","properties":{"NOME":"Loteamento Malbec","ZONA":27,"COD_BAIRRO_GEO":2789,"LT_NOMEFANT":" "},"geometry":{"type":"Polygon","coordinates":[[[-51.923579483548295,-23.43805255601052],[-51.92281137680106,-23.437712151359243],[-51.92267536931464,-23.437648775647357],[-51.92240307493813,-23.437501598421743],[-51.92203097979026,-23.437289435062407],[-51.921957718213555,-23.43734485994606],[-51.92195665169662,-23.437344362251476],[-51.92189898512243,-23.437414960223798],[-51.921817961492756,-23.43749573442438],[-51.92173480466707,-23.43756223685068],[-51.92171294342287,-23.43760770546849],[-51.921690517671735,-23.437676933751376],[-51.92165749408087,-23.43774243110378],[-51.921613369436,-23.43780221341951],[-51.92158793139137,-23.437869015375263],[-51.9215880284974,-23.43786904370482],[-51.92155674467753,-23.437936855638544],[-51.92152646986878,-23.43800351091506],[-51.9214939367961,-23.43806918598143],[-51.92147592318508,-23.438139472045503],[-51.92146134053094,-23.438210460425736],[-51.921463994974296,-23.4382827018755],[-51.921502509898,-23.438345609173325],[-51.92149694078818,-23.438417718523645],[-51.9214748090833,-23.438487035360488],[-51.92143815155616,-23.438550838012816],[-51.921415137964836,-23.438590950107812],[-51.92140149462081,-23.438614730974837],[-51.92136238113205,-23.43867728360736],[-51.921330043868046,-23.438743138127414],[-51.92130457704445,-23.438811481090283],[-51.92129508927773,-23.43888316195376],[-51.92131055723524,-23.43895397295449],[-51.92129440637549,-23.439024699608094],[-51.921274548345906,-23.439056582844223],[-51.921255391233274,-23.43908734195595],[-51.92123623075846,-23.439111686459984],[-51.92120939677147,-23.43914578128122],[-51.92116428824085,-23.439204937033317],[-51.92112134128978,-23.439265254195618],[-51.921080459286635,-23.439326913982804],[-51.92103554703588,-23.439386158862614],[-51.92099338681024,-23.43944701327764],[-51.92095211127321,-23.43950840439051],[-51.92094840054083,-23.439555621018027],[-51.920958141866215,-23.439607647375304],[-51.92122420291705,-23.43957977669646],[-51.921613734288066,-23.439541631456535],[-51.92217549322895,-23.439502466954423],[-51.922704234208695,-23.439464093544487],[-51.92326914831082,-23.439422529212617],[-51.92333922296193,-23.439417373751642],[-51.923804974375635,-23.439385366551683],[-51.92397935504069,-23.439157884371646],[-51.92350727665994,-23.43884431664797],[-51.923444769298435,-23.43880244133695],[-51.9238786568503,-23.43822623760513],[-51.92389156513985,-23.43820845370527],[-51.923898549177885,-23.438198832886638],[-51.923579483548295,-23.43805255601052]]]}},{"type":"Feature","properties":{"NOME":"Loteamento Marega","ZONA":14,"COD_BAIRRO_GEO":2676,"LT_NOMEFANT":" "},"geometry":{"type":"Polygon","coordinates":[[[-51.95086035575609,-23.41131082365186],[-51.952648035737184,-23.412022979645222],[-51.95282536711623,-23.411051857311307],[-51.95225672226832,-23.410896803315755],[-51.95211680706106,-23.41085670349853],[-51.951858130231344,-23.41079376685263],[-51.951395316240685,-23.4106809186578],[-51.950775481943005,-23.410549578513447],[-51.95029479091728,-23.410446290616168],[-51.949822138842904,-23.410344015429015],[-51.94983940892042,-23.410369019736613],[-51.94986716053208,-23.410414850712584],[-51.94991062910015,-23.410663783551517],[-51.950040269568944,-23.41098411788727],[-51.95004404195309,-23.41099516110179],[-51.95054735959914,-23.411188959305804],[-51.95082094467173,-23.411297607453353],[-51.95086035575609,-23.41131082365186]]]}},{"type":"Feature","properties":{"NOME":"Loteamento Portal de Maringá","ZONA":44,"COD_BAIRRO_GEO":2823,"LT_NOMEFANT":" "},"geometry":{"type":"Polygon","coordinates":[[[-51.957188778515096,-23.45616197207436],[-51.95700860132326,-23.45561798017244],[-51.95656035047961,-23.455598958326323],[-51.95570761159007,-23.45556116924847],[-51.95489915917648,-23.45552238729212],[-51.95407127534308,-23.455483003720925],[-51.95327293213807,-23.455442348686855],[-51.953127761065204,-23.456180252966497],[-51.95417222980543,-23.456894473275298],[-51.95453797790708,-23.457144571709993],[-51.95557643099975,-23.45706776694115],[-51.95693142940035,-23.456967540207728],[-51.9574284925045,-23.45694333284383],[-51.9573477707349,-23.456680215955814],[-51.95720894822765,-23.45622771639753],[-51.957188778515096,-23.45616197207436]]]}},{"type":"Feature","properties":{"NOME":"Loteamento Residencial Bim","ZONA":40,"COD_BAIRRO_GEO":155,"LT_NOMEFANT":" "},"geometry":{"type":"Polygon","coordinates":[[[-51.9751979337529,-23.441697266252714],[-51.975132872311306,-23.4413443610229],[-51.974516599369835,-23.441432499695374],[-51.97422322385522,-23.441476963272496],[-51.973430927526664,-23.441588772773425],[-51.97259873742543,-23.441714348755994],[-51.97175768433614,-23.44184002610095],[-51.97082903408801,-23.441980300412236],[-51.96965497458623,-23.442144702183064],[-51.96876954350439,-23.44228070999482],[-51.968673917790525,-23.442317889635284],[-51.96867452355907,-23.44233371002866],[-51.96870610776137,-23.44243638906062],[-51.9687460382825,-23.442555996534395],[-51.96873593035823,-23.44267338560622],[-51.968732135900005,-23.44279741920705],[-51.96870705258412,-23.442915081864033],[-51.968675997891104,-23.442979040880182],[-51.968592014087484,-23.443038406810235],[-51.96851010015124,-23.443076894009806],[-51.96847488378832,-23.443160839644136],[-51.96849946495565,-23.443269703955576],[-51.968525017617914,-23.44332382800946],[-51.96854404056928,-23.44344907481173],[-51.968594870140905,-23.44360004710331],[-51.96862739968999,-23.443644373222817],[-51.96866439279839,-23.443696710155397],[-51.968695580338284,-23.44382549424728],[-51.96867849702512,-23.44388575372513],[-51.96864323229652,-23.44398993148182],[-51.96864869011937,-23.444094037131816],[-51.96866832585651,-23.44415560415416],[-51.96866343330421,-23.44430357947759],[-51.96867513411402,-23.444388936485122],[-51.96991697688473,-23.444018047866496],[-51.97074149755781,-23.44376916927788],[-51.97112979344114,-23.44365144875857],[-51.97153684009452,-23.44353002575061],[-51.97210863471295,-23.443358586745283],[-51.97268752914812,-23.443184114536717],[-51.97316562898185,-23.443039542479482],[-51.973731606096365,-23.44286992585974],[-51.974309196637115,-23.44269485795249],[-51.97476339741722,-23.442558794844853],[-51.97532611458149,-23.442392532045602],[-51.9751979337529,-23.441697266252714]]]}},{"type":"Feature","properties":{"NOME":"Loteamento Residencial Iguatemi","ZONA":33,"COD_BAIRRO_GEO":4036,"LT_NOMEFANT":" "},"geometry":{"type":"Polygon","coordinates":[[[-52.06314020316685,-23.36373781914887],[-52.062275306140734,-23.363525338241335],[-52.06227896184216,-23.363504918358046],[-52.06285492961715,-23.361491652040193],[-52.062730986801206,-23.36150604535163],[-52.06248131442208,-23.36151968908682],[-52.06226393827796,-23.361525944529703],[-52.06206836199399,-23.36150695912439],[-52.061830812690594,-23.361417762011296],[-52.06167901818647,-23.361370998383613],[-52.06153814798891,-23.361395850801046],[-52.06143515876581,-23.361464655809236],[-52.061318049447515,-23.36138539529335],[-52.06109066172011,-23.361368306150354],[-52.060995545189044,-23.361373721751796],[-52.06074356393819,-23.361914852281707],[-52.06070373236633,-23.361977570174805],[-52.06050844870083,-23.362316713569285],[-52.06023484441435,-23.362792266078124],[-52.06001877274065,-23.36316334045202],[-52.059927125876186,-23.363363010380787],[-52.05978027560421,-23.363620787360468],[-52.059638887819816,-23.363873410612356],[-52.05935117954236,-23.364387470123905],[-52.05923753962243,-23.364548872917837],[-52.05920174305593,-23.36460911728179],[-52.058812600419756,-23.36531432671199],[-52.0585821640484,-23.365721149203445],[-52.06179080855836,-23.3686364167396],[-52.06227897680289,-23.366900099471806],[-52.062510066645785,-23.366079815231185],[-52.06275581650622,-23.365150460531517],[-52.063077018948384,-23.363981077999544],[-52.06314020316685,-23.36373781914887]]]}},{"type":"Feature","properties":{"NOME":"Loteamento Sumaré","ZONA":46,"COD_BAIRRO_GEO":193,"LT_NOMEFANT":" "},"geometry":{"type":"Polygon","coordinates":[[[-51.91273036052102,-23.38019270020076],[-51.91187259787433,-23.37895846381639],[-51.909025336694846,-23.38080425200314],[-51.908887142205835,-23.380902285292112],[-51.90885835635071,-23.380857046674173],[-51.90871213078672,-23.38067388371951],[-51.908532414591065,-23.380514812637337],[-51.90842329600308,-23.380458090941026],[-51.908127607320324,-23.380376166116246],[-51.90805725464531,-23.380309661150907],[-51.908010217541424,-23.380245409812424],[-51.907982409203655,-23.379963576949898],[-51.90791153587236,-23.37982060175666],[-51.90760808449501,-23.379358744981584],[-51.907218260962196,-23.37913875687632],[-51.906567047177866,-23.378549866699146],[-51.90643872095556,-23.378333140473135],[-51.90619375656652,-23.3780955814848],[-51.905910861689954,-23.377609704478758],[-51.90579336288165,-23.377462218376508],[-51.90562328403087,-23.37738446019381],[-51.90560552748611,-23.377371245874354],[-51.90484730376223,-23.377803901179632],[-51.904029665585874,-23.378271756254648],[-51.90334014787786,-23.377605454042378],[-51.90326468259543,-23.3776430232119],[-51.90309245839726,-23.377728763597027],[-51.902665794651895,-23.37730938564541],[-51.90223020510227,-23.377540581661076],[-51.902104859304565,-23.377609364392523],[-51.9010515692338,-23.378209172032175],[-51.9007400410417,-23.378391074755044],[-51.89995537046542,-23.37883553330993],[-51.89907710803385,-23.379327855939728],[-51.898551963874176,-23.37963454607023],[-51.89844648643687,-23.37969269374944],[-51.897235018630546,-23.380357189641703],[-51.90015822095669,-23.382940588139814],[-51.90376032267478,-23.384396653931482],[-51.90937503911948,-23.38183395199666],[-51.91273036052102,-23.38019270020076]]]}},{"type":"Feature","properties":{"NOME":"Lt. 148d (condomínio Favoretto)","ZONA":53,"COD_BAIRRO_GEO":null,"LT_NOMEFANT":"Lt. 148 D (Gleba Ribeirão Maringá)"},"geometry":{"type":"Polygon","coordinates":[[[-51.95261009788136,-23.36276264518462],[-51.95308804822105,-23.362869265316547],[-51.95312028379655,-23.36276188784967],[-51.95314570050843,-23.362678210771676],[-51.95322923548548,-23.362604515186156],[-51.95328599010372,-23.362487071007422],[-51.95327017010611,-23.3622655170577],[-51.95333689527791,-23.362004028513418],[-51.952957042684915,-23.361914335926027],[-51.95284164091138,-23.362319147838175],[-51.9527265958918,-23.362375291365634],[-51.95261009788136,-23.36276264518462]]]}},{"type":"Feature","properties":{"NOME":"Moradia Atenas","ZONA":19,"COD_BAIRRO_GEO":265,"LT_NOMEFANT":"Lt. 5/6 (Gleba Patrimônio Maringá)"},"geometry":{"type":"Polygon","coordinates":[[[-51.96973374264458,-23.385807800042436],[-51.97014925061751,-23.385272308186014],[-51.970481437306674,-23.38484965124176],[-51.970891000373655,-23.38431756880438],[-51.970626426366316,-23.384140190271133],[-51.97011006498064,-23.383801659950365],[-51.96937518847113,-23.38331870780723],[-51.969268215104805,-23.383243685363997],[-51.9686895220489,-23.382837836213106],[-51.96865116459104,-23.382883137753],[-51.968560433599876,-23.38299953573245],[-51.96849119887487,-23.383092289028205],[-51.96840951884894,-23.383189619165766],[-51.968350116104716,-23.383269108366225],[-51.96831117308655,-23.383323000287014],[-51.968220747289074,-23.383428694033046],[-51.96816495861929,-23.38350734789953],[-51.968110806315046,-23.383582288448395],[-51.968037661124754,-23.38366926894906],[-51.96800419643664,-23.383723036563055],[-51.96794213881235,-23.38382774165909],[-51.96791120861686,-23.3839071447807],[-51.967900585402475,-23.38395336465566],[-51.967892974247555,-23.384010133464354],[-51.96785987305569,-23.384087021020456],[-51.967859031754145,-23.38420019956421],[-51.96785716300576,-23.384264743803634],[-51.96782131243869,-23.384328327801395],[-51.9677627006877,-23.38442253424659],[-51.967700329036084,-23.38456490512466],[-51.96765477233488,-23.38466481129626],[-51.9676000865509,-23.38476070949154],[-51.96754499918223,-23.384814791449898],[-51.96746849085007,-23.384896915165143],[-51.96744514110648,-23.38494231053639],[-51.967446585951784,-23.3849930620973],[-51.96747878566818,-23.385088422679814],[-51.967476830898036,-23.385142627477375],[-51.96745729613747,-23.38521482463436],[-51.9673986220471,-23.38534109535163],[-51.967357479684324,-23.38544259991135],[-51.967310092250536,-23.38554649144385],[-51.967280682242276,-23.385619743201136],[-51.96724679661915,-23.385723460872256],[-51.967173632603846,-23.385929394088862],[-51.967136904082324,-23.386032407654646],[-51.96708427935445,-23.38612928646344],[-51.96704166491762,-23.38623025812063],[-51.96701562101348,-23.38633591431106],[-51.96699526062351,-23.386442709523788],[-51.966970490604474,-23.38654862879145],[-51.96691629479212,-23.38664479469277],[-51.966872404806665,-23.38674532258718],[-51.966827787514205,-23.386937507465],[-51.966672395885496,-23.38741303277516],[-51.9676257161753,-23.388503363710992],[-51.968016512695826,-23.388018207173722],[-51.96840548578092,-23.38751721777159],[-51.968778339994934,-23.38704205438921],[-51.968841184377084,-23.38696160887595],[-51.96930791988071,-23.38634932953388],[-51.96973374264458,-23.385807800042436]]]}},{"type":"Feature","properties":{"NOME":"Moradia Atenas 2ª Parte","ZONA":19,"COD_BAIRRO_GEO":268,"LT_NOMEFANT":" "},"geometry":{"type":"Polygon","coordinates":[[[-51.97152504415368,-23.381319704235],[-51.97146221085525,-23.381250366633903],[-51.971394498742185,-23.381171056242483],[-51.97126459781886,-23.38093049784274],[-51.97116929938813,-23.380853600434662],[-51.97114580247096,-23.38091814351969],[-51.971124225035965,-23.380966811578332],[-51.97110315778586,-23.38101432938754],[-51.971040707633804,-23.38110494798628],[-51.97100347943236,-23.381152236454035],[-51.970946578922224,-23.381225659541414],[-51.97085661846252,-23.38131792380953],[-51.9707888675202,-23.381376955590387],[-51.97074172993351,-23.381419224946143],[-51.97066088853093,-23.38147012592903],[-51.97061155575225,-23.381505484852212],[-51.970552455616904,-23.381547514982504],[-51.97050592060161,-23.381580376291588],[-51.97041814919039,-23.381620210656433],[-51.970327398410554,-23.381654011941446],[-51.970232551242226,-23.381676187159336],[-51.9701423979446,-23.38171142977083],[-51.97005144674145,-23.381744599894038],[-51.96995890077515,-23.381773896046543],[-51.96986814910788,-23.381807606754652],[-51.96977550619033,-23.381836903401894],[-51.96972047133814,-23.38185193269788],[-51.96965757389149,-23.381868354704956],[-51.96958711352616,-23.381885399825837],[-51.96952455398055,-23.38188734752407],[-51.96948928933494,-23.381888444968943],[-51.96940548035411,-23.381935028301033],[-51.969380712194386,-23.381956103827566],[-51.96933351944299,-23.381996260503044],[-51.96927583096827,-23.382069145966426],[-51.96921509421625,-23.38213997291458],[-51.96917836727196,-23.38218621826377],[-51.96910011160628,-23.382286192900168],[-51.96904321022371,-23.38235970655583],[-51.968984636257915,-23.382431965155803],[-51.96892685022232,-23.38250494142242],[-51.968869062810754,-23.382577737034918],[-51.96880970263338,-23.38264954883762],[-51.96875388179708,-23.382723687044116],[-51.96871036118809,-23.382790414055783],[-51.96935753581524,-23.38326033337948],[-51.969482099995524,-23.383342851746985],[-51.96958641208703,-23.383411954631892],[-51.969666055678175,-23.383464482028533],[-51.96974409494042,-23.38351516955428],[-51.969859744451284,-23.383592142073066],[-51.96998398662678,-23.383674832724427],[-51.97006337841052,-23.38372767398146],[-51.970142666023065,-23.383780444488668],[-51.97022375388375,-23.383829557519924],[-51.97031558400584,-23.38389553093569],[-51.970400280644455,-23.383951901361737],[-51.9704984714113,-23.38401725262165],[-51.97062091822819,-23.38409824410428],[-51.97073618630681,-23.384169730397712],[-51.97089724841819,-23.384279627657595],[-51.9709163936896,-23.384293367659915],[-51.971008695640805,-23.384169961431834],[-51.971176945233985,-23.383952882941855],[-51.97139648470714,-23.383669050888813],[-51.97170004569968,-23.383273435316163],[-51.97201673941797,-23.38288231412644],[-51.97235193122021,-23.38248140934002],[-51.97234410108413,-23.382469682862062],[-51.97229355002625,-23.382393981108176],[-51.97226135550795,-23.38231954893158],[-51.97223183112427,-23.382264678151984],[-51.97219296863531,-23.382181824323503],[-51.97212216226328,-23.38211949130731],[-51.97214588712028,-23.382031912983127],[-51.97214268434147,-23.38194161177128],[-51.972064791669474,-23.38188700006881],[-51.97198738299956,-23.3818316627482],[-51.97195650982,-23.381807550118015],[-51.97191269222535,-23.38177332789885],[-51.97184810788923,-23.381705445585187],[-51.97176895472862,-23.381652377019005],[-51.971685441901116,-23.38160538701454],[-51.9716091005883,-23.38154877836827],[-51.971590109379406,-23.38148043293369],[-51.97158806573662,-23.381441697862158],[-51.97158553722362,-23.38139014020107],[-51.97152504415368,-23.381319704235]]]}},{"type":"Feature","properties":{"NOME":"Nucleo Habitacional Santa Felicidade","ZONA":25,"COD_BAIRRO_GEO":302,"LT_NOMEFANT":"PROFILURB"},"geometry":{"type":"Polygon","coordinates":[[[-51.925639750989966,-23.457400316776944],[-51.92595201522599,-23.45793636465261],[-51.92619950379966,-23.458361209216676],[-51.92645152145283,-23.458793825652062],[-51.926575090786066,-23.459005944187982],[-51.92660579078211,-23.45906573954353],[-51.926640702083134,-23.459049427016616],[-51.930477495047086,-23.457148238325356],[-51.92943939053424,-23.455369118904446],[-51.926773644534286,-23.45669201474061],[-51.92556858038766,-23.45728765430739],[-51.925639750989966,-23.457400316776944]]]}},{"type":"Feature","properties":{"NOME":"Nucleo Social Papa João Xxiii","ZONA":21,"COD_BAIRRO_GEO":294,"LT_NOMEFANT":" "},"geometry":{"type":"Polygon","coordinates":[[[-51.96133248429462,-23.39828395230479],[-51.96048367447366,-23.39828825739408],[-51.959797013322614,-23.398286740020485],[-51.95937003072639,-23.39829012187077],[-51.95937469180082,-23.400291614707456],[-51.96070219046843,-23.40028721061836],[-51.960774619544175,-23.40028638604625],[-51.96088695334709,-23.40028791374785],[-51.961001822955645,-23.400289476356523],[-51.96112046054254,-23.400291089772946],[-51.96123846099697,-23.400292694372762],[-51.96133741894952,-23.400294039373275],[-51.96133421550117,-23.40000799945868],[-51.9613353840364,-23.39987491855517],[-51.96133608672314,-23.399333058855692],[-51.961332964848474,-23.39914951933614],[-51.961327969403804,-23.398613225900082],[-51.96133241402134,-23.398488103793333],[-51.96133248429462,-23.39828395230479]]]}},{"type":"Feature","properties":{"NOME":"Parque Avenida","ZONA":31,"COD_BAIRRO_GEO":35,"LT_NOMEFANT":" "},"geometry":{"type":"Polygon","coordinates":[[[-51.92663124227571,-23.380159928107012],[-51.92658137698878,-23.380167517042295],[-51.92649707367631,-23.380441930474568],[-51.92627768072401,-23.381180368312144],[-51.926112025762684,-23.381715732897792],[-51.9258648758642,-23.382546489103746],[-51.925671728328496,-23.383173975469056],[-51.9254896601809,-23.383761557724906],[-51.925411923802955,-23.384009014859885],[-51.925238920040755,-23.384567405322564],[-51.92516157724847,-23.384825451153798],[-51.92506847837268,-23.38513549184989],[-51.92501626747637,-23.385309367854955],[-51.924914308917394,-23.385648909430238],[-51.92473109395751,-23.38627730141268],[-51.92445683182452,-23.387151035520287],[-51.92426383063236,-23.387798039638408],[-51.924004551283836,-23.388675388479445],[-51.923807905456805,-23.38930117436807],[-51.92357763317156,-23.390073396137105],[-51.92339616198618,-23.390670866267165],[-51.92318204809638,-23.39138961989508],[-51.922986429783805,-23.392045290704665],[-51.92278181177561,-23.392712670427695],[-51.92355963105345,-23.393722301552575],[-51.9239636281671,-23.394256865053798],[-51.924445594721746,-23.394894590756817],[-51.924561866079245,-23.395046240820474],[-51.9246219877558,-23.39482035792948],[-51.92468514613308,-23.3945009504695],[-51.924752191156976,-23.394182117014836],[-51.924774178561805,-23.394085876381705],[-51.92463242863318,-23.394179837584332],[-51.92428788320975,-23.394058802570605],[-51.92429638653988,-23.393999041190874],[-51.92430020596535,-23.39393879883767],[-51.92429931824683,-23.39387844205606],[-51.924293728785656,-23.393818338087353],[-51.92428347159095,-23.393758852634615],[-51.924390048608714,-23.393670756592467],[-51.92467115909526,-23.393954320538263],[-51.92479117320246,-23.393956924517905],[-51.92484133167023,-23.393704735528534],[-51.92495181110491,-23.393175380277604],[-51.92507421700848,-23.39260780241512],[-51.925230211635345,-23.39185738855138],[-51.925334010346944,-23.39136953658065],[-51.9254511070264,-23.390807508469475],[-51.92554886962156,-23.390379789523912],[-51.925676090229956,-23.389758016596936],[-51.92578796724463,-23.38920914738214],[-51.92592076166139,-23.38858797076359],[-51.92603141675635,-23.38805474239701],[-51.926086001569814,-23.38780224221214],[-51.92612307897724,-23.38765536063542],[-51.92613313704656,-23.387615515172723],[-51.92622672046496,-23.38720205342736],[-51.92661008860941,-23.38725949472376],[-51.92665395074638,-23.38701307604235],[-51.92671943206808,-23.386753882345786],[-51.92644545107883,-23.38644700606541],[-51.92641243253559,-23.386410579777504],[-51.926389450231326,-23.38638522709936],[-51.92643676565438,-23.386173561017472],[-51.92650489072372,-23.385863114815912],[-51.92663568164176,-23.38522487492224],[-51.92677259860608,-23.38458788297184],[-51.926886167770604,-23.38405513611904],[-51.92699327022357,-23.383551073101795],[-51.92708512785509,-23.383120234036944],[-51.92721895170117,-23.382480412126906],[-51.9272835460026,-23.382163361360067],[-51.92741689042753,-23.381555147547335],[-51.92758144917035,-23.380758346848822],[-51.927721838092936,-23.38009618321236],[-51.92784318600575,-23.379532399059517],[-51.927956386383336,-23.379000090663084],[-51.92818091746154,-23.377878804944864],[-51.928292124637856,-23.37739432454317],[-51.92841684491502,-23.376811050064315],[-51.928529474986995,-23.376260401088082],[-51.92849663566186,-23.376274969865484],[-51.928421199884504,-23.37630843393081],[-51.928300729963695,-23.37637858486221],[-51.928129856120755,-23.37651872903814],[-51.928078362443806,-23.376575814587085],[-51.927980204411206,-23.376684631601165],[-51.9278028787612,-23.376905703364834],[-51.927556066198385,-23.37722101801023],[-51.927476418312025,-23.37736709205809],[-51.92744233918334,-23.37750965963608],[-51.92741826195075,-23.377577748914845],[-51.9273941856794,-23.377645839087506],[-51.92691302861052,-23.379246457199176],[-51.92665875948542,-23.38008211076238],[-51.92663124227571,-23.380159928107012]]]}},{"type":"Feature","properties":{"NOME":"Parque Cidade Industrial Felizardo Meneguetti","ZONA":61,"COD_BAIRRO_GEO":2991,"LT_NOMEFANT":"Lt. 110A/110B/111-111/1 (Gleba Ribeirão Pinguim). Nome anterior PARQUE INDUSTRIAL CIDADE DE MARINGÁ (4ª PARTE) – alterou nome pela Lei 10658/2018"},"geometry":{"type":"MultiPolygon","coordinates":[[[[-51.9887743447556,-23.49967671866834],[-51.986181346392435,-23.49526747352251],[-51.98615243529555,-23.49521623124502],[-51.9850032790101,-23.495791228543332],[-51.98414448207969,-23.496182377105523],[-51.98412807119066,-23.496156306156696],[-51.984116600441205,-23.496138082565267],[-51.98454883467635,-23.495934615593143],[-51.98552786852136,-23.495463866192736],[-51.98612560485753,-23.495168361874168],[-51.98537855038377,-23.49384004930862],[-51.9851308849561,-23.493399675080006],[-51.98506683252022,-23.4932898394949],[-51.984259522125285,-23.493672186381822],[-51.98300532084332,-23.494266172737316],[-51.98191844525659,-23.49478090151222],[-51.980868652113685,-23.495278056207162],[-51.97997060858114,-23.495703338733936],[-51.97861902552108,-23.496343387246977],[-51.97783804767884,-23.496713214897365],[-51.97650787441726,-23.49734309744188],[-51.97526843283943,-23.497930000361258],[-51.97418055182884,-23.498435527109926],[-51.97402826344947,-23.498506411191183],[-51.97317878533674,-23.49702250799711],[-51.97209160535183,-23.49507020441085],[-51.97199958811751,-23.494911629468838],[-51.9710380460947,-23.493227295509673],[-51.97085788010172,-23.49286238322863],[-51.97050961892757,-23.492188082768575],[-51.96958071243348,-23.4929247514023],[-51.96941571920449,-23.493038573098076],[-51.96845466773823,-23.493423080020023],[-51.96721284838722,-23.493964179588904],[-51.966756069778114,-23.494144809160538],[-51.9665328821006,-23.494237958847897],[-51.96599505555105,-23.494390412368723],[-51.96566453050171,-23.494545403585718],[-51.965561477464306,-23.49462633668821],[-51.965261785597164,-23.49486230024426],[-51.96551829530125,-23.495186213290303],[-51.96637157157239,-23.4962218861262],[-51.96697077783667,-23.49695228972149],[-51.96755723996994,-23.497639755961668],[-51.968743071220224,-23.49907625413776],[-51.96951502183916,-23.50003928794391],[-51.97004370685263,-23.50068838961406],[-51.97081394377833,-23.501627051444427],[-51.971342212917875,-23.50226108729409],[-51.97172054552151,-23.502078790847374],[-51.972490479893615,-23.501702623756703],[-51.97248099420202,-23.501681176030218],[-51.972592465206006,-23.50161739174527],[-51.97341839683001,-23.501210402094223],[-51.97345005214804,-23.50125986208972],[-51.97354124137633,-23.501217439240257],[-51.973558171058414,-23.501284694741596],[-51.97356888624201,-23.501355393948],[-51.97357276230537,-23.50142679541212],[-51.97356976341788,-23.501498239093568],[-51.97355991730147,-23.50156906456171],[-51.97354331497437,-23.501638617100703],[-51.97352010990971,-23.501706253761764],[-51.97349051661681,-23.501771349306626],[-51.97345480865825,-23.50183330198729],[-51.973413316121025,-23.501891539108613],[-51.9733664225652,-23.50194552232237],[-51.97556673706814,-23.50581958358508],[-51.97566611777142,-23.505993845250547],[-51.97570427746665,-23.506060757975884],[-51.97874602220105,-23.504602231984784],[-51.9817830594569,-23.50312824217564],[-51.98517836474357,-23.501496879580518],[-51.987670029130406,-23.50031313155166],[-51.98883542968276,-23.49978188192081],[-51.9887743447556,-23.49967671866834]],[[-51.98195482501751,-23.497290057652876],[-51.981159997148076,-23.497673371772976],[-51.9811587671596,-23.497673961995883],[-51.98239015320454,-23.497080112831433],[-51.984148385719344,-23.496271153808824],[-51.98290112130208,-23.496845020654625],[-51.98195482501751,-23.497290057652876]],[[-51.979920965344206,-23.498192230152082],[-51.97990790869868,-23.498171528851028],[-51.98014617523008,-23.49804910103203],[-51.98045133280249,-23.49789877938376],[-51.98046294061365,-23.49791930558682],[-51.98003697500716,-23.498129947609392],[-51.979920965344206,-23.498192230152082]]],[[[-51.99634380367993,-23.493467290791063],[-51.993198413495,-23.49498979163316],[-51.98954075253207,-23.496739775487377],[-51.9877419593208,-23.49760340244944],[-51.9888474021284,-23.499566814832495],[-51.994966903665755,-23.496623156513177],[-51.99502952748541,-23.49646367519792],[-51.99512035085659,-23.496234512964044],[-51.995249151103124,-23.495904149058177],[-51.995429746426225,-23.495524465801868],[-51.99557806282706,-23.49509231702971],[-51.99561048487194,-23.494956950467387],[-51.99582631311357,-23.494714689327957],[-51.9960821590676,-23.4944191202672],[-51.99642714423002,-23.493986767379447],[-51.996676111669785,-23.49360377786815],[-51.99686172268798,-23.493237505004487],[-51.99636017729282,-23.493454139452883],[-51.99634380367993,-23.493467290791063]]],[[[-51.99962708767637,-23.492837573633256],[-52.00056345507962,-23.492476340535],[-52.00159862384165,-23.492073028386113],[-52.00293133602395,-23.49152760743464],[-52.003283928998854,-23.491385539659593],[-52.00333556394301,-23.491369671380923],[-52.003357608205,-23.490927598853446],[-52.00338368884651,-23.490529251894497],[-52.00350055610105,-23.49056686700624],[-52.003525796824874,-23.490307421187264],[-52.00356161956597,-23.489905720213354],[-52.003439923897105,-23.489916063265735],[-52.00344365721121,-23.489785967656573],[-52.00349461976293,-23.48876399690151],[-52.00213381020969,-23.489597881313692],[-52.00111809793077,-23.49021417559965],[-52.00000014432817,-23.490892654206228],[-51.99879299079839,-23.491625878511478],[-51.997998560841054,-23.492102935234726],[-51.997567837621524,-23.492364976794814],[-51.99751321266595,-23.492446281581092],[-51.99720026318654,-23.492927715423555],[-51.99707371321476,-23.493154352675408],[-51.99678071418559,-23.49364253226908],[-51.99665516990035,-23.493830926947386],[-51.996481171504996,-23.494092818135265],[-51.99769661475474,-23.49360379962078],[-51.998007445930824,-23.49349046242137],[-51.99962708767637,-23.492837573633256]]]]}},{"type":"Feature","properties":{"NOME":"Parque Grevíleas","ZONA":31,"COD_BAIRRO_GEO":37,"LT_NOMEFANT":" "},"geometry":{"type":"Polygon","coordinates":[[[-51.933405971470215,-23.38084039949966],[-51.93323899133332,-23.3803029405417],[-51.93314347330768,-23.380005029293915],[-51.93300439239284,-23.379579289714727],[-51.9329196712397,-23.379310945760437],[-51.93280294420296,-23.37895450391141],[-51.932630011454066,-23.3784272633443],[-51.932429810859624,-23.377814549992443],[-51.93220475592631,-23.377125580225368],[-51.93207776338472,-23.37673501197784],[-51.93195624569091,-23.376355602756743],[-51.93160036062749,-23.37526255410329],[-51.93092781015096,-23.373217743754516],[-51.93084109532672,-23.373224112632226],[-51.93053245116692,-23.37313991721505],[-51.93037512032071,-23.3730016704575],[-51.92947670858376,-23.37294143100828],[-51.9295339923957,-23.37306647743193],[-51.9295125949719,-23.373339038275006],[-51.92978241231095,-23.373588837905967],[-51.92980608632855,-23.373928511053354],[-51.929810146816635,-23.373987438264972],[-51.929816455394146,-23.374079005313373],[-51.92975706872087,-23.37447223630076],[-51.92967846475718,-23.374999468432275],[-51.929534226269894,-23.376032051729243],[-51.929941471394876,-23.375925437500463],[-51.930294933462825,-23.37567957844164],[-51.93047399843203,-23.37549881604842],[-51.930480852318624,-23.37549195145469],[-51.930492439984725,-23.37548034479882],[-51.930520314507824,-23.37576503994164],[-51.93055905078604,-23.376270485908286],[-51.930604831513314,-23.37691373924247],[-51.93064224491726,-23.3774137393323],[-51.93067964055583,-23.377956404843694],[-51.9307124890081,-23.378388834179965],[-51.93080215804844,-23.379558018872046],[-51.93086407482258,-23.38042320864387],[-51.93094853337282,-23.381486003059127],[-51.9310770243176,-23.383368606033997],[-51.9311585433802,-23.38436032142662],[-51.93121651189657,-23.385157068184974],[-51.93127851095608,-23.386056875106632],[-51.93150216801307,-23.38614196371645],[-51.93197250707965,-23.385125766710292],[-51.93307607250578,-23.382741386370288],[-51.933776438575286,-23.38122811996338],[-51.93375724798953,-23.381218830483157],[-51.93378752357118,-23.381231884325654],[-51.933869705878124,-23.381255620629506],[-51.93396324171316,-23.381261119046343],[-51.93404357099345,-23.3812545823211],[-51.934112322935476,-23.381234487853042],[-51.93417282062634,-23.3812068709826],[-51.93422345607712,-23.381176285415542],[-51.934264207075984,-23.381139701900278],[-51.93430329698905,-23.381100100711052],[-51.934371220751,-23.38096190537035],[-51.934460019118596,-23.380773507248062],[-51.93451185130167,-23.380665803093788],[-51.93452455881111,-23.380606674757395],[-51.934527773902204,-23.38052642538472],[-51.93451688514284,-23.38046147770738],[-51.93449160764188,-23.380390596958264],[-51.93447038220954,-23.380354217508792],[-51.934454643713416,-23.380327009065716],[-51.93440731350862,-23.380273115017033],[-51.93435484238396,-23.380230086672032],[-51.93425758403086,-23.380180454172677],[-51.93437382362049,-23.37992907965687],[-51.93556798058815,-23.377346587503332],[-51.93508916625651,-23.37682252034922],[-51.93497307202987,-23.376700299858403],[-51.93451674940113,-23.376207741512452],[-51.933984545965,-23.375629931998752],[-51.93348106675704,-23.37507657355651],[-51.93279254270613,-23.374335545906007],[-51.932273135647165,-23.373767574697727],[-51.93204312889652,-23.373515971609308],[-51.93192754408531,-23.373396523926555],[-51.93163852693356,-23.373306615641077],[-51.93135336073024,-23.37321790503576],[-51.93119079752445,-23.373175203040038],[-51.93052392089632,-23.37304144023271],[-51.9305528921681,-23.37312031136592],[-51.930829204959444,-23.373189532265524],[-51.93095940476335,-23.373188164062125],[-51.93106153337044,-23.373484813040733],[-51.93125343430377,-23.37410033032832],[-51.93138899684606,-23.37450859402668],[-51.931592572160504,-23.375132040138723],[-51.93178888288268,-23.37574417298783],[-51.93196380314072,-23.376273745947454],[-51.932162896367245,-23.376894998536073],[-51.93236763144966,-23.377532921273925],[-51.93260592396489,-23.378259867117542],[-51.93273606940736,-23.378659121202933],[-51.93286000752476,-23.379043154994022],[-51.933017661324044,-23.379538496175353],[-51.93319652117438,-23.38008898847897],[-51.93333310523973,-23.380517376515808],[-51.93344899540479,-23.380864418512537],[-51.933405971470215,-23.38084039949966]],[[-51.93365994952379,-23.38115916015923],[-51.93365733802588,-23.381156597140624],[-51.933676739477434,-23.38117073553364],[-51.93365994952379,-23.38115916015923]],[[-51.933607601786164,-23.38110778419424],[-51.93356571339492,-23.381048797579606],[-51.93354949656595,-23.38101394815417],[-51.93356475490311,-23.381042430192917],[-51.933581337513274,-23.381068072022348],[-51.93361115844952,-23.381110290166884],[-51.933642923708284,-23.381142450407456],[-51.933607601786164,-23.38110778419424]]]}},{"type":"Feature","properties":{"NOME":"Parque Grevíleas 3ª Parte","ZONA":31,"COD_BAIRRO_GEO":39,"LT_NOMEFANT":" "},"geometry":{"type":"Polygon","coordinates":[[[-51.931178709553194,-23.385254632226772],[-51.93116660569373,-23.38507137899767],[-51.9311625514038,-23.385019239575414],[-51.93104819739636,-23.383548572332806],[-51.931004139046586,-23.38290840123787],[-51.93079361822652,-23.380069806441398],[-51.930703195669295,-23.378807912681015],[-51.93061075468152,-23.37751026767012],[-51.93049405361065,-23.375954128891003],[-51.93046246889396,-23.37553010441254],[-51.93031308664984,-23.37568413018531],[-51.92994921204575,-23.375940207893372],[-51.9295675184876,-23.37604064130586],[-51.9295450695315,-23.37604654899737],[-51.92951782887858,-23.376223726557285],[-51.929507441393156,-23.376291287688552],[-51.92933024318964,-23.377481790362253],[-51.92903639914894,-23.379522011810586],[-51.928743281063156,-23.38144457388894],[-51.928729991558306,-23.381527415678956],[-51.92864887773461,-23.382033063272008],[-51.92850854590078,-23.382934414015597],[-51.92840993714037,-23.383607723265097],[-51.92828415851826,-23.384473409521362],[-51.92816947688954,-23.3852457335811],[-51.92806255199742,-23.385932277056366],[-51.92793589504456,-23.38671751390975],[-51.92791227080822,-23.386874843956182],[-51.927724219801135,-23.388125810220558],[-51.92756283808169,-23.389268245276842],[-51.92739805738616,-23.390364569264595],[-51.92737564546789,-23.390511506796287],[-51.92767653575291,-23.39053392618073],[-51.9294199241821,-23.39066381100451],[-51.9295665783739,-23.390348183921777],[-51.92951769753671,-23.390324743391815],[-51.929456006230176,-23.39028327941831],[-51.92940305324952,-23.3902325578763],[-51.92936044630802,-23.390174119139896],[-51.92932948064688,-23.39010973937418],[-51.92931109754261,-23.39004137387776],[-51.92930585456364,-23.389971101258887],[-51.9293139113953,-23.389901054874496],[-51.92933502356871,-23.38983336506114],[-51.929368549787704,-23.389770086834346],[-51.9294134701322,-23.389713143781393],[-51.929468420857305,-23.389664266436952],[-51.92953173218368,-23.389624938769682],[-51.92960148084598,-23.38959635632342],[-51.92967554559456,-23.389579387050095],[-51.929751678465514,-23.38957454830669],[-51.929827564314316,-23.389581984824783],[-51.929900899117,-23.38960147185802],[-51.93091948627701,-23.38740085637311],[-51.93128740794965,-23.386605959757844],[-51.93129663003345,-23.386586034937466],[-51.9314885648561,-23.386171351469528],[-51.93126317786761,-23.3860959366753],[-51.93123329694346,-23.3860859380736],[-51.93123172698682,-23.386057316311465],[-51.931178709553194,-23.385254632226772]]]}},{"type":"Feature","properties":{"NOME":"Parque Hortência","ZONA":19,"COD_BAIRRO_GEO":260,"LT_NOMEFANT":" "},"geometry":{"type":"Polygon","coordinates":[[[-51.971931151853525,-23.402656321366436],[-51.972248276849044,-23.40240008014451],[-51.97258293613123,-23.402143404933422],[-51.97225596747271,-23.401780029041095],[-51.97260166987551,-23.40150541602779],[-51.97308870892819,-23.401131207033117],[-51.9736122741549,-23.40072631103294],[-51.97403092368561,-23.40040395484431],[-51.97456753775441,-23.399989181851524],[-51.97518333349188,-23.399513519113864],[-51.97574133588913,-23.399089352709193],[-51.975977380733376,-23.39890491327697],[-51.97646843382908,-23.398527816746043],[-51.976792761778825,-23.39826191243924],[-51.97678524632969,-23.398253758044405],[-51.97697957129461,-23.39801638995648],[-51.977555990424335,-23.39726153964418],[-51.977933008619104,-23.3967742188799],[-51.978099895674006,-23.396561397592922],[-51.9785006985504,-23.396028484472218],[-51.97903555758589,-23.395347065275025],[-51.979521722865115,-23.394712298509116],[-51.979680908526,-23.394508653507014],[-51.97993042349422,-23.394191512184918],[-51.980209855806926,-23.39380873822259],[-51.980719844026815,-23.39314149000211],[-51.98137122954737,-23.392294096504273],[-51.98153075708431,-23.392091133102515],[-51.98181008241135,-23.391717349439855],[-51.982099296338994,-23.39143980054559],[-51.982076271867115,-23.39137150186174],[-51.98203142613652,-23.39129363888311],[-51.98199169355032,-23.391277398581273],[-51.98194594412851,-23.391287723289576],[-51.98188134317,-23.39126948861377],[-51.981833115027385,-23.391259755050612],[-51.98167851426735,-23.391254990519336],[-51.98166046613336,-23.391230011812844],[-51.98164970344259,-23.39113974680836],[-51.98159956325058,-23.391081273598253],[-51.98139330720695,-23.390917676017597],[-51.981036921701694,-23.390618088435943],[-51.98093002159718,-23.39055136808644],[-51.98068519723602,-23.390423858042688],[-51.98055746490236,-23.39037590852073],[-51.98037507000271,-23.39028815404165],[-51.98018880230823,-23.390201857014763],[-51.98004657788954,-23.39004650342267],[-51.97970951041194,-23.39049217461964],[-51.97957775338816,-23.3906533550096],[-51.97897463160244,-23.391444793284403],[-51.978456593713986,-23.392123976234473],[-51.97802269358326,-23.39268577132311],[-51.9773312938691,-23.393586727984935],[-51.976652073657164,-23.394455104577542],[-51.976170095681134,-23.39510621362086],[-51.97538495607031,-23.39612008227201],[-51.975141736339864,-23.396470486828427],[-51.97614328246042,-23.397557202949734],[-51.97511996535365,-23.396446864632914],[-51.974924877065526,-23.396235181595404],[-51.97458424075238,-23.396497682901526],[-51.97420185864759,-23.39679328436347],[-51.97387193930505,-23.397041675188575],[-51.97350608611614,-23.397322151659914],[-51.973147536994084,-23.39760055774063],[-51.97260481438062,-23.398016656340797],[-51.97218575325115,-23.39834271260541],[-51.97169952511818,-23.39871722165958],[-51.97149760558327,-23.398871071359423],[-51.971161891823115,-23.399129961792074],[-51.970751403317976,-23.39945673875225],[-51.97051401294648,-23.399640328031552],[-51.96950111709635,-23.400419746406293],[-51.969098434054985,-23.400735147230826],[-51.96898907846914,-23.40082768981849],[-51.96815819612218,-23.401459691012512],[-51.968301336683155,-23.401524223708467],[-51.968387716016416,-23.40156371695426],[-51.96848247095624,-23.40159778053809],[-51.96861487724892,-23.401646547996933],[-51.968725814830194,-23.40168051113345],[-51.96878688947622,-23.401711797277873],[-51.96895261996913,-23.401803372322107],[-51.9692116601514,-23.40190810997368],[-51.96957729705254,-23.401984106021736],[-51.96960516088822,-23.40198811501354],[-51.969796671662415,-23.402153014304005],[-51.96985341183888,-23.402211210940745],[-51.970145542894414,-23.402326495249927],[-51.97030592228627,-23.40239420491252],[-51.970396347814166,-23.402455777033367],[-51.97057042097939,-23.402537141908038],[-51.97070742068267,-23.402594242731464],[-51.97079723889899,-23.40266119518622],[-51.97092161909589,-23.40276318150602],[-51.97096522275258,-23.402795171426256],[-51.97097984080322,-23.40280771107985],[-51.9713736832675,-23.40243648155226],[-51.97140847430372,-23.402475284838197],[-51.97172225996495,-23.402821424524774],[-51.971931151853525,-23.402656321366436]]]}},{"type":"Feature","properties":{"NOME":"Parque Industrial","ZONA":36,"COD_BAIRRO_GEO":82,"LT_NOMEFANT":" "},"geometry":{"type":"MultiPolygon","coordinates":[[[[-51.89600835069183,-23.4268737128797],[-51.898311175462915,-23.425502800528818],[-51.899703693750425,-23.424680669339967],[-51.9007554542197,-23.424042963759543],[-51.90108140975319,-23.423856322726323],[-51.901225110408774,-23.423748183894535],[-51.90107695413834,-23.423534147584018],[-51.899971034486796,-23.421698808441565],[-51.89923659613538,-23.422060589929853],[-51.89918897780253,-23.42204856223579],[-51.8990883959266,-23.422023180034564],[-51.89895097272033,-23.422101425765103],[-51.898091546911445,-23.422613002268296],[-51.89708255148226,-23.42321187873528],[-51.895581433209905,-23.424110941550484],[-51.894781053914656,-23.424589450710975],[-51.89403947553859,-23.425028027515296],[-51.89240483810091,-23.42599850103761],[-51.89091739511202,-23.42688302220059],[-51.89084120575844,-23.426929803810058],[-51.8898304376666,-23.426273915931255],[-51.89040486890615,-23.427836930965807],[-51.89142530426013,-23.427524870378875],[-51.892579385046524,-23.428906482997373],[-51.89343159152414,-23.428402073599806],[-51.89416945630567,-23.42796758419956],[-51.89600835069183,-23.4268737128797]]],[[[-51.88971845450946,-23.426156148962455],[-51.89085644473435,-23.426864626288868],[-51.89141397533762,-23.42653944480856],[-51.892269220709764,-23.426032288673927],[-51.89298115996046,-23.425610486205418],[-51.8935991791783,-23.42524083796252],[-51.89423363839701,-23.424867511035234],[-51.89537692991788,-23.42418680141322],[-51.895927908277315,-23.423862456528436],[-51.89680898086532,-23.423332604455727],[-51.897824181666145,-23.422724548939133],[-51.89865474104233,-23.42223321402516],[-51.89903285864218,-23.422009164730646],[-51.89761564348029,-23.42165151746532],[-51.88971845450946,-23.426156148962455]]]]}},{"type":"Feature","properties":{"NOME":"Parque Industrial Bandeirantes","ZONA":43,"COD_BAIRRO_GEO":167,"LT_NOMEFANT":" "},"geometry":{"type":"MultiPolygon","coordinates":[[[[-51.973155940790136,-23.428274663218538],[-51.974090444906885,-23.4273952594693],[-51.975189033497,-23.426338829822154],[-51.97563383681118,-23.425935067019452],[-51.97561171700086,-23.42576787552783],[-51.975590510144805,-23.425625455966124],[-51.975566592579575,-23.42550177859233],[-51.97551670635114,-23.425297558388326],[-51.97546393167925,-23.42506608661274],[-51.97542080882376,-23.42491159436439],[-51.975373899001696,-23.424752406500247],[-51.97446366813695,-23.425574267288408],[-51.973706863055256,-23.424898333638335],[-51.97218931837414,-23.42633291949767],[-51.97183695493688,-23.42662955169761],[-51.97263831503383,-23.427629057651355],[-51.97276203760447,-23.427783370141242],[-51.97295557739366,-23.42802476094473],[-51.97304917122543,-23.42814149515835],[-51.973155940790136,-23.428274663218538]]],[[[-51.9735155600048,-23.422245325447268],[-51.973517740471465,-23.422098075656233],[-51.97355892862057,-23.42193856374537],[-51.97372421059418,-23.421803969916695],[-51.97319068215149,-23.421034606566792],[-51.97272657319082,-23.4205786298435],[-51.97269543671108,-23.42054803704797],[-51.97251913352916,-23.42067862044037],[-51.96976471672569,-23.422305904144068],[-51.97008971141677,-23.42276819928142],[-51.97109689484099,-23.42414858724947],[-51.97357923698889,-23.422506703931465],[-51.97352960330214,-23.4223834592043],[-51.9735155600048,-23.422245325447268]]],[[[-51.97372421059418,-23.421803969916695],[-51.97378905740819,-23.421774868940044],[-51.973893137631784,-23.421750181134612],[-51.973997260845074,-23.421731502928132],[-51.974062420478916,-23.42173109656325],[-51.97418635553342,-23.42174835247575],[-51.974274519187105,-23.421774846338607],[-51.97438575294878,-23.421837253123726],[-51.97448738853824,-23.421923758549262],[-51.974582663090374,-23.422031337465057],[-51.974640740733385,-23.422133929721138],[-51.974698388472504,-23.422261986921512],[-51.9747253995144,-23.422391025608817],[-51.97472306624593,-23.422517242463066],[-51.97521053133125,-23.423038608078098],[-51.975374313891514,-23.423157777620823],[-51.97548406868729,-23.42325264228467],[-51.97715326620277,-23.42165452798232],[-51.97644433153344,-23.421044016682185],[-51.97565629112233,-23.421528257496316],[-51.97427778792486,-23.419579568150972],[-51.972900750968336,-23.42039596611029],[-51.97372421059418,-23.421803969916695]]]]}},{"type":"Feature","properties":{"NOME":"Parque Industrial Duzentos (venda 200)","ZONA":51,"COD_BAIRRO_GEO":331,"LT_NOMEFANT":"VENDA 200"},"geometry":{"type":"Polygon","coordinates":[[[-51.90035478531569,-23.35287214912633],[-51.898787803526446,-23.353060307418694],[-51.89831203065711,-23.353696908169667],[-51.89818124444012,-23.353864439628396],[-51.897868280955805,-23.354283190211643],[-51.89755531551976,-23.354701938401362],[-51.897067086749146,-23.355355185698652],[-51.89688927359965,-23.355521170147956],[-51.896480924622445,-23.35606753066229],[-51.89576840946705,-23.357020842596267],[-51.895667242933285,-23.357177489343055],[-51.89528649614041,-23.357686904075234],[-51.895743267925994,-23.358248986586478],[-51.896588991470864,-23.359289678328278],[-51.89688542285214,-23.35960952507995],[-51.89761933564194,-23.36051260528392],[-51.898273405158946,-23.361317427275733],[-51.89943590990755,-23.362747835767653],[-51.89954172623528,-23.36276690431961],[-51.89950689297511,-23.362656131458454],[-51.89936900950714,-23.36211771951621],[-51.89931131373457,-23.361913609408354],[-51.89927092455346,-23.361773024896088],[-51.89924752393452,-23.36160861137746],[-51.89923485135264,-23.361517721163263],[-51.89922038184799,-23.361406259450032],[-51.89920811100103,-23.361239408283463],[-51.89920311599504,-23.36114628362187],[-51.89919291742357,-23.36103242458293],[-51.899186328494444,-23.360818075299818],[-51.899189035140466,-23.36058304832539],[-51.89920046654576,-23.360370968267087],[-51.89922062543251,-23.360156556506702],[-51.89923219239776,-23.360014956239063],[-51.90035478531569,-23.35287214912633]]]}},{"type":"Feature","properties":{"NOME":"Parque Industrial Mário Bulhões da Fonseca","ZONA":47,"COD_BAIRRO_GEO":313,"LT_NOMEFANT":" "},"geometry":{"type":"Polygon","coordinates":[[[-51.99502378124301,-23.482513233764074],[-51.99598861866565,-23.48141656786126],[-51.99724870661093,-23.479995839702735],[-51.99737162512616,-23.47984323427279],[-51.99844892771679,-23.478619453748657],[-51.999336053868134,-23.477633542382478],[-52.000068186419455,-23.47680869925494],[-52.000418407987006,-23.476404898883352],[-52.00029965442303,-23.476228836887234],[-52.00000685368756,-23.475793966948675],[-51.999896125706975,-23.475629513378735],[-51.99958009828951,-23.47517227120968],[-51.99939117376295,-23.47541485685674],[-51.99769621678791,-23.47761104173027],[-51.99667792462605,-23.478924334076297],[-51.995978837053016,-23.479829253077977],[-51.99538564541699,-23.480603242174627],[-51.995264773106776,-23.480759210090998],[-51.99520185755686,-23.480840392707183],[-51.994126357345266,-23.48224020747477],[-51.99336951867181,-23.483279445696024],[-51.99342353601394,-23.48328669459829],[-51.99345100654652,-23.483322364649446],[-51.99344823356236,-23.48337492664628],[-51.99347648694344,-23.483438103048073],[-51.99353366092193,-23.48346163628167],[-51.993635002878264,-23.483501615123853],[-51.99369771674868,-23.483572906488607],[-51.99377995965807,-23.483657216618965],[-51.99387757673134,-23.48371872684563],[-51.99392055585981,-23.48374951910742],[-51.993940518969595,-23.483761143287037],[-51.99502378124301,-23.482513233764074]]]}},{"type":"Feature","properties":{"NOME":"Parque Industrial Rosa dos Ventos","ZONA":47,"COD_BAIRRO_GEO":3115,"LT_NOMEFANT":" "},"geometry":{"type":"Polygon","coordinates":[[[-51.999608765430516,-23.479440598755826],[-51.998795838700666,-23.47834636049189],[-51.99850752935853,-23.478669436977523],[-51.9974382179916,-23.479907926785003],[-51.99731531057381,-23.480061354102723],[-51.99605535159324,-23.481489978600724],[-51.99592396100936,-23.481632018303873],[-51.99464428485238,-23.48306616625531],[-51.99451717235643,-23.483214741052723],[-51.993999631664856,-23.483801222266745],[-51.99411463695276,-23.483925976109667],[-51.99419973001588,-23.48404491892431],[-51.99428451066016,-23.484122043915686],[-51.99443093316789,-23.484213710832574],[-51.99452886808423,-23.484317636275733],[-51.99465581034564,-23.484445052006606],[-51.995120915153215,-23.483969926048808],[-51.99598663296783,-23.483079599229253],[-51.99736304672826,-23.481695358209723],[-51.998445609725245,-23.48060886391325],[-51.999608765430516,-23.479440598755826]]]}},{"type":"Feature","properties":{"NOME":"Parque Industrial Sul","ZONA":47,"COD_BAIRRO_GEO":312,"LT_NOMEFANT":" "},"geometry":{"type":"Polygon","coordinates":[[[-52.007917172166195,-23.487752821813277],[-52.00376932956495,-23.481678139869267],[-52.00238494582698,-23.483050639678982],[-52.00367563702955,-23.484690623159988],[-52.00494154727397,-23.48641215842768],[-52.007917172166195,-23.487752821813277]]]}},{"type":"Feature","properties":{"NOME":"Parque Itaipú","ZONA":47,"COD_BAIRRO_GEO":310,"LT_NOMEFANT":" "},"geometry":{"type":"Polygon","coordinates":[[[-51.97113678374335,-23.452934888670697],[-51.97054278525968,-23.45312931332428],[-51.970549446366704,-23.453165090230723],[-51.97056553197416,-23.453239549618456],[-51.970656031430785,-23.453501378977077],[-51.97068368785491,-23.453670399501224],[-51.97071113377779,-23.45381074551955],[-51.970750793289,-23.453920903638856],[-51.97074046020821,-23.45399552737071],[-51.97069420357516,-23.454045999859467],[-51.97059363928787,-23.454108280876152],[-51.970546258591376,-23.454217547115483],[-51.970573275836486,-23.45429910811444],[-51.97064235776316,-23.454394744862558],[-51.97074227001321,-23.45445577860795],[-51.97084717005296,-23.454561229690018],[-51.97093489583592,-23.454858573758752],[-51.97151583049791,-23.454647524970053],[-51.976394870137675,-23.45349241996733],[-51.9803513825287,-23.452555596290857],[-51.98238740607643,-23.45199035333626],[-51.98270932074802,-23.451862635759493],[-51.983111873013215,-23.45170292297228],[-51.98322541382194,-23.45167598940825],[-51.9865213379302,-23.450894103235065],[-51.98576415000173,-23.449414494942644],[-51.985450110236116,-23.448769499221793],[-51.985281077631825,-23.44840394544641],[-51.98501007673934,-23.447950974789418],[-51.983723502693884,-23.447731239865508],[-51.98357290868901,-23.447761261375156],[-51.982353941903256,-23.44673500458847],[-51.982320545026425,-23.44673521481458],[-51.98164683844843,-23.446930835440853],[-51.98036211136626,-23.447320059390403],[-51.97889904138125,-23.447758900084388],[-51.97754587529974,-23.448170525337144],[-51.97605610630232,-23.448614003225387],[-51.97459794758222,-23.449052454731028],[-51.97450028287851,-23.44907286199225],[-51.974364123727185,-23.449049514531932],[-51.974280562896105,-23.44904123726966],[-51.974213877818904,-23.44905705232453],[-51.974149675125744,-23.44908605036433],[-51.9738062532074,-23.449327761361822],[-51.971099254101,-23.45117758842777],[-51.97042947415915,-23.45136814420994],[-51.97048998551626,-23.45162121584808],[-51.970489458688206,-23.451761735039362],[-51.97046546335933,-23.451880893112087],[-51.970463539121646,-23.452042928979743],[-51.970458023845005,-23.45213902983032],[-51.9704560262721,-23.452291029750413],[-51.97043546373799,-23.4524546149193],[-51.97045181860569,-23.452778560969932],[-51.97049958271097,-23.452934552415506],[-51.97053303595524,-23.453046183505265],[-51.97053213457059,-23.453082790532108],[-51.97109928687678,-23.45290787963401],[-51.971325084319176,-23.45285825207563],[-51.97113678374335,-23.452934888670697]]]}},{"type":"Feature","properties":{"NOME":"Parque Jardim Paraizo","ZONA":48,"COD_BAIRRO_GEO":322,"LT_NOMEFANT":" "},"geometry":{"type":"Polygon","coordinates":[[[-51.956219445163875,-23.39231456370483],[-51.95620431441284,-23.392019666890064],[-51.956105245460336,-23.392024909895323],[-51.95554770450656,-23.39202616631057],[-51.95497529155685,-23.392030689990523],[-51.95486877558967,-23.392031532087756],[-51.95393192653173,-23.392030880113275],[-51.953399933909516,-23.392036085304856],[-51.95261265984988,-23.392032746493808],[-51.95143144086532,-23.392042329552016],[-51.95083342128179,-23.392045967850983],[-51.94965183526009,-23.392051926840104],[-51.94938467763089,-23.39205000794233],[-51.94834030232387,-23.39205513455189],[-51.947604758203525,-23.392058407846367],[-51.94675540972054,-23.392065990608028],[-51.945901996840746,-23.39206802412484],[-51.94480198968764,-23.392084506391157],[-51.943536015642685,-23.392078956103788],[-51.94352129268011,-23.392187283569942],[-51.94345088467295,-23.39266446614043],[-51.94338039907315,-23.39313089454919],[-51.94347284261808,-23.393571247465193],[-51.94351402389568,-23.393703545739232],[-51.945235466051074,-23.39369969390064],[-51.94872797398915,-23.393673757582604],[-51.952531343690914,-23.393672137445655],[-51.95455858446148,-23.39366933064841],[-51.95587695625752,-23.39367734667425],[-51.955850951404194,-23.3935365276974],[-51.95584855498103,-23.39320262001889],[-51.95590827247805,-23.392917199065455],[-51.95610110000247,-23.392736842300405],[-51.95622484191031,-23.392687215324237],[-51.956219445163875,-23.39231456370483]]]}},{"type":"Feature","properties":{"NOME":"Parque Lagoa Dourada","ZONA":28,"COD_BAIRRO_GEO":13,"LT_NOMEFANT":" "},"geometry":{"type":"Polygon","coordinates":[[[-51.91845160547376,-23.45176326864397],[-51.919093496960414,-23.45147052405887],[-51.91968589380552,-23.451200223535665],[-51.920147120265895,-23.450992365751652],[-51.92136337915066,-23.450436989243894],[-51.921854424027636,-23.450210130216004],[-51.9227459994416,-23.449806111989904],[-51.923134490206984,-23.449630216762916],[-51.92348518745062,-23.449471030597454],[-51.92348399194561,-23.449468328938707],[-51.92345049130446,-23.449400836847143],[-51.92338360389847,-23.449286302499612],[-51.92335353149082,-23.449248354045768],[-51.9233012879833,-23.44918851374234],[-51.92321081779278,-23.44909064131155],[-51.92313266719184,-23.44899800141444],[-51.923085572262025,-23.448930130820894],[-51.92300213344445,-23.44884974350255],[-51.92293697958226,-23.448771433765742],[-51.922883088279555,-23.44869558819296],[-51.922814907385316,-23.448603436504975],[-51.92276971563072,-23.448553710929886],[-51.92274176174025,-23.44851797352774],[-51.922435742195056,-23.448669147049934],[-51.922326080634825,-23.44872202351913],[-51.921467289183816,-23.44913611337863],[-51.920816968447646,-23.449441383279442],[-51.92043063239475,-23.44962713311364],[-51.92006022233141,-23.449804711581823],[-51.91934511514961,-23.450139535770536],[-51.91873499538461,-23.45042292748719],[-51.91814093252274,-23.450703257145527],[-51.91748597748606,-23.451011524073724],[-51.91660566556453,-23.451421879309965],[-51.91637028247778,-23.45153386937731],[-51.91695113389508,-23.452450199031883],[-51.91709909046675,-23.45238163723633],[-51.917857977784266,-23.45203696520083],[-51.91807135792804,-23.45194045247471],[-51.91816052834966,-23.451900120472512],[-51.91845160547376,-23.45176326864397]]]}},{"type":"Feature","properties":{"NOME":"Parque Residencial Aeroporto","ZONA":38,"COD_BAIRRO_GEO":129,"LT_NOMEFANT":" "},"geometry":{"type":"Polygon","coordinates":[[[-51.89136406696067,-23.44208761274395],[-51.890888914028984,-23.442665470879117],[-51.89096534131031,-23.442822205513718],[-51.89100095123304,-23.4429063628583],[-51.891045480596304,-23.44301188910275],[-51.89107197544045,-23.443074678633977],[-51.891051618936956,-23.443163039314246],[-51.89108078225414,-23.443249310840304],[-51.8912718047514,-23.443420781844146],[-51.8912910499309,-23.44343805709418],[-51.891374768582935,-23.443484817314786],[-51.89145101585773,-23.443541465245225],[-51.89157743863979,-23.443679117085193],[-51.89159362358268,-23.443717811539432],[-51.891647877284534,-23.443847526220978],[-51.89168727411174,-23.443926965009855],[-51.891756416461575,-23.444018878889707],[-51.891855208017134,-23.44410890719621],[-51.891971751324256,-23.44412902694371],[-51.891991438032214,-23.44413242524006],[-51.89205246267208,-23.444181663144587],[-51.89210523287259,-23.44434285695968],[-51.89222552216854,-23.444485329438],[-51.89230274139675,-23.444540797181567],[-51.89235971963922,-23.44461426434006],[-51.89238565923011,-23.444701366906347],[-51.892564681785416,-23.444916122001295],[-51.89259326537894,-23.44496296109806],[-51.89269530617837,-23.445058792391304],[-51.89291500323057,-23.445247959248757],[-51.892922133810245,-23.445257564821055],[-51.89298055063262,-23.44533625313199],[-51.893310854650885,-23.444846943927175],[-51.89335785858082,-23.444776053158307],[-51.89365243256383,-23.44427699070556],[-51.89375561990377,-23.44410957002887],[-51.8942799794307,-23.443258797780043],[-51.89451911163635,-23.442867554245137],[-51.89460877191594,-23.442728181412974],[-51.895126471349656,-23.44188545887162],[-51.89525777762806,-23.441658354812027],[-51.89608591807697,-23.44209235609214],[-51.89623027866564,-23.441857986694785],[-51.89656425841312,-23.441323947736358],[-51.89690246794245,-23.44077592636309],[-51.89707732502448,-23.440495216605807],[-51.897279050229486,-23.44015286565353],[-51.89729608871403,-23.440161801694256],[-51.897337164176534,-23.4401833403436],[-51.897338330295206,-23.440183955956996],[-51.898011427943146,-23.440539842072607],[-51.89808760884134,-23.440576671440045],[-51.899242583705565,-23.43870798442752],[-51.89856349481999,-23.438348786037135],[-51.89791290491825,-23.438005506972054],[-51.89760170282547,-23.437844161069897],[-51.897091454807644,-23.43757961603496],[-51.89591811874967,-23.436958714252437],[-51.89569413167226,-23.4373388184629],[-51.89559643963674,-23.437501044240566],[-51.895508645884576,-23.437650340507254],[-51.89541648785723,-23.4377946678652],[-51.895356471713825,-23.43788788284308],[-51.89523617602398,-23.438079278332236],[-51.89513115665756,-23.438243651255267],[-51.89504335518513,-23.43839194835623],[-51.89500375268099,-23.43846107925313],[-51.89488868361998,-23.43864729075429],[-51.89480074140671,-23.438774617604093],[-51.89476718335607,-23.43882464994624],[-51.89476708967456,-23.438824600421885],[-51.89420714584196,-23.438539274957616],[-51.89392275926824,-23.43839024509949],[-51.893741593805764,-23.438671954055366],[-51.89334162882872,-23.439322024778026],[-51.89286114067992,-23.440085524314178],[-51.89256743499936,-23.4405582335228],[-51.89233018623405,-23.44085880106926],[-51.89195236288427,-23.441347868619708],[-51.89176012735481,-23.441586073687333],[-51.89136406696067,-23.44208761274395]]]}},{"type":"Feature","properties":{"NOME":"Parque Residencial Anchieta","ZONA":2,"COD_BAIRRO_GEO":200,"LT_NOMEFANT":" "},"geometry":{"type":"Polygon","coordinates":[[[-51.928280031261394,-23.43574060596023],[-51.92829097114175,-23.435747201202403],[-51.928481347752104,-23.435507099657197],[-51.92877693030925,-23.435139138210186],[-51.928921521078074,-23.43494878383948],[-51.92829812976684,-23.434533171531864],[-51.9279905666936,-23.434328921074755],[-51.92783436030877,-23.434528144558204],[-51.92772282839042,-23.434670390564904],[-51.92751177041531,-23.434939570201134],[-51.927356856338044,-23.435136641322405],[-51.92817791268047,-23.435679045889284],[-51.928280031261394,-23.43574060596023]]]}},{"type":"Feature","properties":{"NOME":"Parque Residencial Andréa","ZONA":19,"COD_BAIRRO_GEO":266,"LT_NOMEFANT":" "},"geometry":{"type":"Polygon","coordinates":[[[-51.98000989495736,-23.39000246258287],[-51.97981414351022,-23.389740356211465],[-51.97971025302122,-23.389554606601454],[-51.97960516224131,-23.38941689889168],[-51.97935676019617,-23.389224885623932],[-51.97914855160209,-23.389078171775182],[-51.978786817277935,-23.38957676281252],[-51.97853053572868,-23.3899332442116],[-51.97803770752301,-23.39055733212391],[-51.977634168359394,-23.39108246733804],[-51.97718343270302,-23.391661665518154],[-51.976680077829954,-23.39232141786164],[-51.976279925646374,-23.39283173764158],[-51.975931816539564,-23.393278379560932],[-51.97537896298157,-23.393989937920363],[-51.97503464641873,-23.394447506594005],[-51.974554385563316,-23.395064244786763],[-51.97423296412394,-23.39548440443544],[-51.97443987413648,-23.39570891977681],[-51.974702134686446,-23.395993491803942],[-51.974875661454746,-23.396181779214782],[-51.97508917664471,-23.396413457321735],[-51.97526265627326,-23.396178810610465],[-51.97566515190257,-23.395657264396526],[-51.976229479042146,-23.39491672074828],[-51.976554094101566,-23.3944992983316],[-51.97683174023884,-23.39414973513307],[-51.97708300756749,-23.393799294040335],[-51.97736308984247,-23.39344831926087],[-51.97761252337574,-23.393134236663258],[-51.9778795459357,-23.39277962596882],[-51.97812644236723,-23.3924643102275],[-51.97840567411205,-23.39209793837938],[-51.97867768416258,-23.391743609493407],[-51.97908647994421,-23.3912135894371],[-51.9794910350991,-23.390683115329647],[-51.9796586938459,-23.390458670586955],[-51.97985509703671,-23.39020401834756],[-51.98000989495736,-23.39000246258287]]]}},{"type":"Feature","properties":{"NOME":"Parque Residencial Cidade Nova","ZONA":29,"COD_BAIRRO_GEO":17,"LT_NOMEFANT":" "},"geometry":{"type":"Polygon","coordinates":[[[-51.93198130363089,-23.39578200732965],[-51.9319709769526,-23.395753650984183],[-51.931466076202355,-23.394459184551724],[-51.931314100033774,-23.394060311650115],[-51.93096831778026,-23.39317317276596],[-51.93094546506129,-23.393114715336132],[-51.93086518085384,-23.39292391543845],[-51.930677856186165,-23.392431472050568],[-51.93057876101474,-23.39216949389158],[-51.930460715841264,-23.391881613961694],[-51.93029693248062,-23.39145171317637],[-51.93011822472373,-23.390993105472695],[-51.92999973355207,-23.39068799345315],[-51.92987476157477,-23.390725106666295],[-51.929732824336845,-23.390382249287043],[-51.929714206359876,-23.390381772006258],[-51.92963880029385,-23.390370938299718],[-51.9295665783739,-23.390348183921777],[-51.9270707519549,-23.395719455922748],[-51.926992261583194,-23.395880141403357],[-51.926973847850164,-23.39592289331791],[-51.92693172377992,-23.396020694246427],[-51.926878260479434,-23.396137838874573],[-51.92682129363279,-23.396271693916464],[-51.92675743882453,-23.396455658749595],[-51.92670091306017,-23.39665293147173],[-51.92661172670786,-23.397018641961367],[-51.926576229423716,-23.39699049134848],[-51.926492510221166,-23.396970874741335],[-51.92643439148859,-23.396974571054773],[-51.926380279185835,-23.397031877576865],[-51.926306034262666,-23.397156824336896],[-51.92627282487898,-23.397257107598293],[-51.92623753487026,-23.397408163116193],[-51.92624932286849,-23.397535474061506],[-51.926288725206824,-23.397651746620276],[-51.92634893024008,-23.39774942056272],[-51.92646211808661,-23.397825849281393],[-51.92659283398753,-23.39787407039111],[-51.926601233283584,-23.397972518288046],[-51.926631960234104,-23.398210337582928],[-51.92668923878433,-23.398443837419183],[-51.9268248418716,-23.39882123044122],[-51.927067987876164,-23.399450478988012],[-51.92724760246252,-23.39990242126133],[-51.92759586667777,-23.40077870365127],[-51.92769240450505,-23.401021090647095],[-51.9277870073607,-23.401258614391143],[-51.927862806256556,-23.401448928354696],[-51.92800169211979,-23.40179763606593],[-51.92858475231538,-23.401605513449375],[-51.92848780693246,-23.401360271718673],[-51.928729564002275,-23.40127471599241],[-51.93006222715942,-23.400832131647064],[-51.93166315728719,-23.40028687815247],[-51.93266830624322,-23.39993975833613],[-51.93308988581312,-23.399799591002996],[-51.9334658890427,-23.399563947516256],[-51.93315599974724,-23.398800052078474],[-51.93269216764848,-23.397639004410554],[-51.932358230413485,-23.39675717655317],[-51.93198130363089,-23.39578200732965]]]}},{"type":"Feature","properties":{"NOME":"Parque Residencial Eldorado","ZONA":31,"COD_BAIRRO_GEO":36,"LT_NOMEFANT":" "},"geometry":{"type":"Polygon","coordinates":[[[-51.924390164909894,-23.393707674057357],[-51.924305200079004,-23.393768802275968],[-51.92432092557132,-23.39385002244411],[-51.924326123991506,-23.393956941807097],[-51.92430442731265,-23.39404139637627],[-51.92462887508771,-23.39414849163434],[-51.92480904712097,-23.394044650444187],[-51.92480766401213,-23.394051497796045],[-51.92480521186962,-23.394063636202894],[-51.92479268867453,-23.394124719076313],[-51.92473508535838,-23.3943721578004],[-51.92463029852772,-23.394879102865527],[-51.92458335037002,-23.395074262548462],[-51.92462932002028,-23.3951342190494],[-51.924776382171224,-23.395337676049955],[-51.924951024843935,-23.395580156725373],[-51.92516284825699,-23.3958571666425],[-51.92527415774622,-23.396002729792432],[-51.92535759990794,-23.39611524740156],[-51.925482321456194,-23.395423875073238],[-51.92557144334429,-23.394917062940774],[-51.9257074215559,-23.394175897060382],[-51.92584757715104,-23.393409156054002],[-51.925935086760305,-23.39292470966586],[-51.92600107830252,-23.392585209992436],[-51.926058705635555,-23.392271570199256],[-51.92610948185064,-23.391978044993046],[-51.92618069519476,-23.391585511631984],[-51.92624654398931,-23.39122382240671],[-51.926347390210594,-23.390671103722564],[-51.92639918009735,-23.390366610930148],[-51.926466185262846,-23.389995050686913],[-51.92658884886556,-23.38931682404546],[-51.92666377833578,-23.388922784396627],[-51.92673777090018,-23.38850580850326],[-51.926822422399354,-23.38805794162623],[-51.926906863894324,-23.387579965335114],[-51.92696128094275,-23.38725200465459],[-51.927000705724076,-23.38705830146603],[-51.92671943206808,-23.386753882345786],[-51.926608718103914,-23.3872736192525],[-51.92624587262384,-23.387219471454486],[-51.92615754915456,-23.387680563105878],[-51.9260518858722,-23.38813575370071],[-51.925905460808266,-23.388853390923522],[-51.925829958243156,-23.389210345695037],[-51.92561054546784,-23.39024288302519],[-51.925454844720235,-23.390979429363334],[-51.92542289742788,-23.391121407533088],[-51.92529600722868,-23.391717396786827],[-51.92526624441359,-23.391862994736428],[-51.92517725661053,-23.392300013474163],[-51.92505856335068,-23.392854956909108],[-51.92496747293263,-23.393290082159172],[-51.92489942849935,-23.39362804908582],[-51.924825734685534,-23.393977172533678],[-51.92482266648258,-23.39399247314011],[-51.92465071298924,-23.39398236085987],[-51.92461003088653,-23.393940301958708],[-51.924390164909894,-23.393707674057357]]]}},{"type":"Feature","properties":{"NOME":"Parque Residencial Ibirapuera","ZONA":36,"COD_BAIRRO_GEO":94,"LT_NOMEFANT":" "},"geometry":{"type":"Polygon","coordinates":[[[-51.88286484767357,-23.423927952308503],[-51.882798247815494,-23.4240203879035],[-51.88178735778891,-23.42541997766163],[-51.881970740186254,-23.42553099584125],[-51.88210168245329,-23.42561026730389],[-51.882498600383705,-23.42585055619807],[-51.88261317453942,-23.42591991742904],[-51.88280444686688,-23.426035710491387],[-51.88296018640654,-23.425817241130545],[-51.883199465403465,-23.425483708318772],[-51.88361067367946,-23.42490751111038],[-51.88389504600185,-23.42451309787522],[-51.884054920692606,-23.42428186953861],[-51.883886185996715,-23.42383507758844],[-51.883710113203804,-23.4233521438467],[-51.88368692228322,-23.423272217070863],[-51.88382103210196,-23.423088956744436],[-51.88356369092397,-23.422932110498834],[-51.8833717096163,-23.42320574017421],[-51.88286484767357,-23.423927952308503]]]}},{"type":"Feature","properties":{"NOME":"Parque Residencial Patrícia","ZONA":37,"COD_BAIRRO_GEO":2258,"LT_NOMEFANT":" "},"geometry":{"type":"Polygon","coordinates":[[[-51.899521747544796,-23.414761812685573],[-51.90012959394744,-23.414276532888017],[-51.90063027271533,-23.413874076157878],[-51.90107536697694,-23.413523558426668],[-51.90164616738826,-23.413075767014874],[-51.902191121312924,-23.412635770411644],[-51.902661925625935,-23.412259290328347],[-51.90329708534024,-23.41175718273255],[-51.90398228829772,-23.41121843662794],[-51.90383280312871,-23.411044401922926],[-51.90381884093238,-23.41102736938092],[-51.9035279612165,-23.410710942164936],[-51.90333411555328,-23.410509117574353],[-51.90313148831593,-23.410313575703537],[-51.90291942116691,-23.410353999321867],[-51.90260129263736,-23.410599165007483],[-51.90201954978189,-23.411062747038265],[-51.90158085696276,-23.411416154986153],[-51.90105979712058,-23.41183351062074],[-51.90088171643896,-23.411994703849704],[-51.90061416816349,-23.41220891414468],[-51.90001348251524,-23.41269380848691],[-51.89995998243844,-23.41273269864901],[-51.89963745806435,-23.41298118148575],[-51.8989567536936,-23.41353108403524],[-51.89809477316281,-23.414223953525276],[-51.89754604612624,-23.41468289395253],[-51.89633094668299,-23.415646531269527],[-51.896345192632815,-23.41567029907607],[-51.89636985874928,-23.41571144918837],[-51.89647697079495,-23.415890142842876],[-51.896998087335824,-23.41675950995616],[-51.89713645797407,-23.416661281320643],[-51.89769608391149,-23.416213827249884],[-51.89834328482387,-23.415705984135037],[-51.89895923856571,-23.41521241661235],[-51.899521747544796,-23.414761812685573]]]}},{"type":"Feature","properties":{"NOME":"Parque Residencial Quebec","ZONA":30,"COD_BAIRRO_GEO":31,"LT_NOMEFANT":" "},"geometry":{"type":"Polygon","coordinates":[[[-51.94501999525685,-23.387940681433435],[-51.94435613013311,-23.387891548119494],[-51.944369742408554,-23.387845470552932],[-51.93895041842903,-23.38767045977566],[-51.93108890434606,-23.38741325498642],[-51.93091948627701,-23.38740085637311],[-51.929900899117,-23.38960147185802],[-51.92995905774197,-23.389626816171344],[-51.930021960026195,-23.389666698441243],[-51.93007640454943,-23.389716056980358],[-51.93012073593748,-23.38977339236807],[-51.93015360729837,-23.389836961286445],[-51.930174020745014,-23.389904834083737],[-51.93018135516676,-23.389974947897947],[-51.930175387234534,-23.390045171562637],[-51.93015629969837,-23.390113372395387],[-51.9301246720346,-23.390177477672403],[-51.93018544160878,-23.39020953804178],[-51.93529598362531,-23.389981838920846],[-51.93636886049806,-23.389934016334966],[-51.93864694867951,-23.389832446108922],[-51.93913710865497,-23.38981588933958],[-51.93932231329406,-23.38980418835057],[-51.941935175460074,-23.389691615023395],[-51.943489018082666,-23.389623084486903],[-51.94356178471013,-23.389627996006137],[-51.94471282385946,-23.38942803896365],[-51.944735848247056,-23.389381640762995],[-51.94474480704929,-23.389347896696286],[-51.94471140933553,-23.389274667088483],[-51.94467083239363,-23.389210151716888],[-51.944664638212934,-23.389178395959963],[-51.94467374728875,-23.38908305079432],[-51.944682915235845,-23.38905120221874],[-51.94468739451084,-23.388992917760266],[-51.9446806761665,-23.388983835877113],[-51.944648782457044,-23.388943293560747],[-51.94463560794069,-23.388920702450804],[-51.94461541144357,-23.388901405339308],[-51.94459624914763,-23.38888995995129],[-51.94458772346072,-23.38885865633439],[-51.94462905356778,-23.388810549766184],[-51.944655841141895,-23.38877958827552],[-51.94468392299393,-23.388737961018155],[-51.94472062778118,-23.388656630496225],[-51.944715716377296,-23.388612583257743],[-51.944723780911616,-23.38856312864454],[-51.944775275332866,-23.388483786142753],[-51.94483351459988,-23.38838968045459],[-51.94487320362449,-23.38828764823073],[-51.94492515873369,-23.388190509553333],[-51.94496837910179,-23.388089720466418],[-51.94499679309914,-23.387984595100495],[-51.94501999525685,-23.387940681433435]]]}},{"type":"Feature","properties":{"NOME":"Parque Residencial Regente","ZONA":36,"COD_BAIRRO_GEO":95,"LT_NOMEFANT":" "},"geometry":{"type":"Polygon","coordinates":[[[-51.88582271068808,-23.430230970851895],[-51.884875485904566,-23.427646233642964],[-51.88398651945989,-23.428269503828567],[-51.884925424450756,-23.430831575883985],[-51.88582271068808,-23.430230970851895]]]}},{"type":"Feature","properties":{"NOME":"Parque Residencial Rio Branco","ZONA":40,"COD_BAIRRO_GEO":153,"LT_NOMEFANT":" "},"geometry":{"type":"Polygon","coordinates":[[[-51.95761767878655,-23.43810733534139],[-51.95725467469549,-23.438046404116122],[-51.956591422050465,-23.437939460308993],[-51.95657615137522,-23.438012875390964],[-51.95639116818658,-23.438902250445473],[-51.95660888521991,-23.43893640699941],[-51.95742112785636,-23.439065828086886],[-51.95748083714697,-23.43878909299446],[-51.95781614401518,-23.43884569922466],[-51.957861986147066,-23.438619570001354],[-51.957864212179196,-23.438609527126037],[-51.95756025050346,-23.438557512993253],[-51.957600297301,-23.438364296134612],[-51.95757883421151,-23.438360609038348],[-51.957574106231625,-23.43835979625229],[-51.95761767878655,-23.43810733534139]]]}},{"type":"Feature","properties":{"NOME":"Parque Residencial Tuiuti","ZONA":37,"COD_BAIRRO_GEO":110,"LT_NOMEFANT":" "},"geometry":{"type":"Polygon","coordinates":[[[-51.90174719421624,-23.395933757265166],[-51.90105421940877,-23.396333880380652],[-51.90044681961144,-23.39668088132695],[-51.90033473477994,-23.396744913289222],[-51.89973127091101,-23.39709320666165],[-51.899289526900986,-23.397345876307018],[-51.899138328031626,-23.39742590904827],[-51.89872623292873,-23.397644039881257],[-51.8987320069755,-23.397660910490895],[-51.89874868320407,-23.397709630168],[-51.89850667544956,-23.397805252886304],[-51.8983571729611,-23.397879703160967],[-51.89815891217249,-23.397993381333993],[-51.896760820206524,-23.39879564767112],[-51.8965087558922,-23.39894985660682],[-51.89545428740034,-23.399553103137517],[-51.8945633980091,-23.400060373080024],[-51.89406539879207,-23.40034578957803],[-51.89254262763815,-23.40122001291534],[-51.89195591780384,-23.401558964911935],[-51.89101356414556,-23.402100803347636],[-51.88985743416144,-23.40276953534759],[-51.88922951441248,-23.403118527352188],[-51.888034381764555,-23.40381182537271],[-51.88670298157804,-23.404576658035072],[-51.88587952175736,-23.405048464749996],[-51.88477418473075,-23.405679933962166],[-51.88446093424444,-23.40585581811639],[-51.88680735948854,-23.40724809552319],[-51.8937935432077,-23.40323247580154],[-51.894096416324366,-23.4030575250904],[-51.89886117271534,-23.40031752367125],[-51.89899075056569,-23.400242994191046],[-51.89998838542463,-23.399677185544913],[-51.90013275832101,-23.399587858270294],[-51.90163377648483,-23.39872435412971],[-51.90296356054579,-23.397955567024756],[-51.90302963684258,-23.397919007654426],[-51.901810504099664,-23.395903076288374],[-51.90174719421624,-23.395933757265166]]]}},{"type":"Feature","properties":{"NOME":"Parque Tarumã","ZONA":25,"COD_BAIRRO_GEO":304,"LT_NOMEFANT":" "},"geometry":{"type":"Polygon","coordinates":[[[-51.92837043893363,-23.46535547477755],[-51.928310607123784,-23.465392450650917],[-51.928282230119656,-23.46540810869578],[-51.9280811818817,-23.46551904879519],[-51.92773759535839,-23.46568232768493],[-51.92730784625826,-23.465896496500324],[-51.92701762238584,-23.466037517582816],[-51.92695502984942,-23.466070151372396],[-51.926885335156946,-23.465970889153258],[-51.926729754464326,-23.46574173542392],[-51.926524555244406,-23.465446676419706],[-51.92633356150255,-23.46517209702714],[-51.92620706257247,-23.464989396392024],[-51.925960843537425,-23.464640075025375],[-51.925771108838155,-23.464369640342376],[-51.92557581506624,-23.464096583853777],[-51.925353383507094,-23.463767967240145],[-51.92508265867741,-23.463383342303054],[-51.92489126148429,-23.463109147177132],[-51.924700552879536,-23.46283670715859],[-51.924520196165794,-23.462575993322165],[-51.92438264309082,-23.462385745182974],[-51.92193482884449,-23.46391217096061],[-51.921221270816204,-23.46435003866816],[-51.92363491099533,-23.467739435799032],[-51.92464973069684,-23.467106987181925],[-51.924722320711865,-23.46706223986962],[-51.9247539349379,-23.467117334292684],[-51.92485088499297,-23.467210990392015],[-51.924946741636525,-23.46729426599521],[-51.925046871178395,-23.4673695318134],[-51.92515532533444,-23.46744046877059],[-51.92524945425462,-23.467483163263637],[-51.925305895108316,-23.467503456808682],[-51.92538618048507,-23.467527601937597],[-51.925484501708695,-23.467550309564654],[-51.92557628510985,-23.467567065842537],[-51.92570471105239,-23.467578990969194],[-51.92577543314893,-23.467577239826277],[-51.92587211072713,-23.46757134237011],[-51.925973939988026,-23.467554590198432],[-51.9260357678867,-23.467544418735567],[-51.92611502537121,-23.46752465100856],[-51.92616833397447,-23.4675096952026],[-51.926225947774824,-23.467491386384328],[-51.92665224092259,-23.467327309482936],[-51.9272565265577,-23.4670947233529],[-51.92740981874279,-23.46704659927024],[-51.92911812580053,-23.46640108383777],[-51.92907940763871,-23.466327668601846],[-51.92837043893363,-23.46535547477755]]]}},{"type":"Feature","properties":{"NOME":"Parque da Gávea","ZONA":28,"COD_BAIRRO_GEO":12,"LT_NOMEFANT":" "},"geometry":{"type":"Polygon","coordinates":[[[-51.92483633874665,-23.451320143497163],[-51.92474421133659,-23.451186679965197],[-51.924556877095036,-23.45109482790202],[-51.924508276151286,-23.451025013972778],[-51.924495729153264,-23.45098811081291],[-51.924484515005204,-23.45086983751179],[-51.92446647621317,-23.45076658441329],[-51.92445378764873,-23.450692458008074],[-51.92441850822656,-23.45054462965685],[-51.924345891426,-23.450510282565702],[-51.924321221651574,-23.4504751790446],[-51.92429370228141,-23.450434335324623],[-51.924211612462365,-23.45037683805164],[-51.924081232489065,-23.450362921292022],[-51.923980293943664,-23.450346283933996],[-51.92390901856081,-23.450338114617846],[-51.92383615326993,-23.45028151902385],[-51.923797990402626,-23.450218819974072],[-51.923735934949526,-23.45012420103092],[-51.92370775918116,-23.450050310741958],[-51.92367741709394,-23.449977844990627],[-51.92364982349242,-23.44990178714547],[-51.92362005724533,-23.449778235896144],[-51.9235753164066,-23.449666044455846],[-51.923510577468484,-23.449528400510196],[-51.92350135857304,-23.44950757099386],[-51.92276998282528,-23.44983775150021],[-51.92198532156936,-23.450191894131844],[-51.921984728356286,-23.450190490431776],[-51.92198463927227,-23.450190631859293],[-51.921250865032945,-23.45053165993821],[-51.92022415851735,-23.450995083519974],[-51.91957654764101,-23.451293601761222],[-51.918808523023074,-23.451631550837828],[-51.91785023505407,-23.452073244042673],[-51.91696698512785,-23.452475206170295],[-51.91809295735862,-23.454251456617428],[-51.918143137761014,-23.45422957634546],[-51.91821627277645,-23.45420937822963],[-51.91829209898497,-23.454201204066255],[-51.918368311587,-23.45420530225279],[-51.91844259438112,-23.45422154642501],[-51.91851269130048,-23.454249445874222],[-51.91857647301702,-23.454288150574076],[-51.91863199983676,-23.454336486034485],[-51.91867758651004,-23.45439298182166],[-51.92483633874665,-23.451320143497163]]]}},{"type":"Feature","properties":{"NOME":"Parque das Bandeiras","ZONA":30,"COD_BAIRRO_GEO":27,"LT_NOMEFANT":" "},"geometry":{"type":"Polygon","coordinates":[[[-51.945650093047625,-23.38677765175235],[-51.94566138286637,-23.38672772597799],[-51.945687975140615,-23.386683126946945],[-51.94568202783955,-23.386658595454552],[-51.94567336951437,-23.386627917718467],[-51.94566586752398,-23.38660133900607],[-51.94566722156323,-23.386593038395393],[-51.9450086155432,-23.38644112063597],[-51.94500977297728,-23.386422478495565],[-51.94493096437929,-23.386410878772285],[-51.94250462490619,-23.38618231090494],[-51.93197250707965,-23.385125766710292],[-51.93091948627701,-23.38740085637311],[-51.93108890434606,-23.38741325498642],[-51.93895041842903,-23.38767045977566],[-51.944369742408554,-23.387845470552932],[-51.945040793158576,-23.38790131463],[-51.945048256849525,-23.387887188389072],[-51.945086002457714,-23.387814703005652],[-51.94509965674926,-23.387797067383534],[-51.945117127488075,-23.387774502424975],[-51.945155421855,-23.387710413612577],[-51.94519250145837,-23.387626822680144],[-51.94523920076129,-23.38754750901974],[-51.94528609570332,-23.387468194163336],[-51.9453244588947,-23.387441407694865],[-51.94535007465649,-23.387383265486918],[-51.94538093502479,-23.387319582853934],[-51.945449249018644,-23.387211268066416],[-51.94549955171943,-23.387094844709473],[-51.94556860865957,-23.386925796783114],[-51.94562562431324,-23.38685247217029],[-51.94565010580772,-23.38683169647742],[-51.94565009539778,-23.38679742041566],[-51.945650093047625,-23.38677765175235]]]}},{"type":"Feature","properties":{"NOME":"Parque das Laranjeiras","ZONA":48,"COD_BAIRRO_GEO":315,"LT_NOMEFANT":" "},"geometry":{"type":"Polygon","coordinates":[[[-51.96290251552353,-23.39321964629545],[-51.96334675085665,-23.393212608324944],[-51.96427568190747,-23.393210919478882],[-51.96427743105151,-23.393107185698437],[-51.9643108370776,-23.393000874878553],[-51.96447597508461,-23.392765279505785],[-51.96445482949932,-23.39272038487126],[-51.96445290187326,-23.39266877823038],[-51.96445855469535,-23.392591315556643],[-51.964560610693226,-23.392526163197097],[-51.96459115883603,-23.392454281404653],[-51.964602931582604,-23.392363876783715],[-51.96463343813172,-23.392286259847204],[-51.964725892251245,-23.39218245228073],[-51.964739551067396,-23.39213791915184],[-51.96468152578161,-23.392062282809352],[-51.96469827995754,-23.392016296283312],[-51.96477943500625,-23.391853770183364],[-51.96479982150262,-23.391665809807087],[-51.96483633350181,-23.391559479709056],[-51.96484672971131,-23.39148656792957],[-51.96484599230809,-23.3913916594039],[-51.96493386821192,-23.391299350764413],[-51.96495324170025,-23.391185956725526],[-51.96497905707918,-23.391104067584298],[-51.96498171712832,-23.391042396141533],[-51.96500630064411,-23.391004964347317],[-51.96500743021902,-23.39094814988676],[-51.96495402170707,-23.390864768991367],[-51.964945922102395,-23.390818935836375],[-51.96495968459144,-23.390788740529892],[-51.96519726906477,-23.390356390567746],[-51.96525431237003,-23.390287941666205],[-51.96535304036073,-23.390192697205897],[-51.9654642884548,-23.39011028136168],[-51.96561466555089,-23.38985412678128],[-51.96566838542686,-23.389761659286904],[-51.96578016057727,-23.389540524746664],[-51.96586755642454,-23.389382261554534],[-51.96590111629104,-23.389297456727885],[-51.96592815189368,-23.38916967765457],[-51.96596126460478,-23.38902321964722],[-51.96594581825786,-23.388821142004243],[-51.96601157191826,-23.388677350923487],[-51.966097715669335,-23.38856067649632],[-51.96622501941563,-23.388336209493783],[-51.966321629873775,-23.388163549728834],[-51.96638122828756,-23.388000103819103],[-51.96638394159091,-23.387992266139864],[-51.966389069205334,-23.387977459712374],[-51.96627720985775,-23.387975283344307],[-51.96564548424316,-23.38799266113691],[-51.96497949162108,-23.387994051474603],[-51.964123673896374,-23.38799502987375],[-51.96338964440456,-23.387996571021063],[-51.96258036635061,-23.387993770518683],[-51.96140347419479,-23.38799672298168],[-51.96079636300478,-23.387998279878115],[-51.96008994510469,-23.388002882906356],[-51.959350560300585,-23.388006704131726],[-51.95871523675715,-23.38800845043236],[-51.95798609251689,-23.388010059088458],[-51.95701129976472,-23.388010295863072],[-51.956649710025076,-23.38801280398389],[-51.956647944200846,-23.388022805231017],[-51.956644966409435,-23.38803967650858],[-51.95661151284713,-23.38822919380474],[-51.95654027596522,-23.38867601663161],[-51.956365372967994,-23.389588099106614],[-51.95617689108687,-23.3905709814695],[-51.956145788251014,-23.3907443438452],[-51.95616138656213,-23.391182945388934],[-51.956203884337086,-23.392011283187824],[-51.956219445163875,-23.39231456370483],[-51.95622529001958,-23.3927181458195],[-51.95627119029856,-23.392712643583884],[-51.95635620851752,-23.39271308272299],[-51.95636870479469,-23.39271666067631],[-51.95644734765821,-23.39274746865564],[-51.95651899988979,-23.39279041248378],[-51.956581483687955,-23.39284418951453],[-51.95663290164801,-23.392907163909136],[-51.95667169098145,-23.39297742230188],[-51.95669667384221,-23.393052832199345],[-51.95670157478866,-23.393149061206948],[-51.956800785009044,-23.39314675328271],[-51.95703580371268,-23.3932368598234],[-51.95790833899877,-23.393232111917857],[-51.95806315701875,-23.393231268869496],[-51.95890411573575,-23.393229849388895],[-51.96008066575761,-23.39322695634747],[-51.961224318713036,-23.393224213373156],[-51.962394115836766,-23.39322277331895],[-51.96264263057962,-23.393221245021625],[-51.962647245369254,-23.393658528212303],[-51.962999923538014,-23.39366616944919],[-51.962854354511045,-23.393219942933438],[-51.96290251552353,-23.39321964629545]]]}},{"type":"Feature","properties":{"NOME":"Parque das Palmeiras","ZONA":30,"COD_BAIRRO_GEO":30,"LT_NOMEFANT":" "},"geometry":{"type":"Polygon","coordinates":[[[-51.94738204176026,-23.38379089155202],[-51.94738200140492,-23.3837905828968],[-51.94686168802927,-23.383640388997808],[-51.94680206812857,-23.38366819328445],[-51.93974316219459,-23.381553452156435],[-51.93437382362049,-23.37992907965687],[-51.93425758403086,-23.380180454172677],[-51.93428449761226,-23.380191636916678],[-51.93434968816896,-23.380228036449754],[-51.93440704123283,-23.380274333278738],[-51.93445481310991,-23.380329119777787],[-51.93449155476619,-23.3803907309505],[-51.934516146440124,-23.380457296608284],[-51.93452784399088,-23.380526792575708],[-51.934526290131885,-23.3805971074605],[-51.93451153346092,-23.38066610486143],[-51.934304937215515,-23.381097075969947],[-51.93429902719584,-23.381104319861098],[-51.934247285833045,-23.381156218071446],[-51.934186567913436,-23.381199032931036],[-51.934118718526804,-23.381231465419763],[-51.934045798264165,-23.381252528648893],[-51.93397002475759,-23.38126158343708],[-51.93389369745285,-23.38125835501849],[-51.933848858755724,-23.38125060399573],[-51.933776438575286,-23.38122811996338],[-51.93307607250578,-23.382741386370288],[-51.93324096414163,-23.38272946718229],[-51.94129358569836,-23.38431543169708],[-51.942930365736515,-23.384644750000316],[-51.943097635327234,-23.384665325436156],[-51.94435916100468,-23.384919896643066],[-51.94451978711694,-23.384946676917405],[-51.94601928590991,-23.385239789556802],[-51.94611233768635,-23.385269285594152],[-51.946145797895014,-23.385225696277562],[-51.94689523257809,-23.38545995019732],[-51.946900806436744,-23.385441964135026],[-51.94690746725222,-23.385414044249664],[-51.946929934781394,-23.38532611565513],[-51.94695312672339,-23.38525751148057],[-51.94696893212291,-23.38518217791929],[-51.946979084868225,-23.385082491771527],[-51.94698998434129,-23.385046568111076],[-51.94701637197576,-23.384959518978402],[-51.947039099253146,-23.384880620948678],[-51.947062131595,-23.384803346855822],[-51.94710031133722,-23.384750909764346],[-51.94712808625928,-23.384721387035867],[-51.947195948436324,-23.384660008947538],[-51.94727482693224,-23.384606693036172],[-51.9473087444685,-23.384585115684434],[-51.94743025993002,-23.38444159197905],[-51.947471743000015,-23.384271532523506],[-51.94744527891878,-23.384235071091943],[-51.94740865350544,-23.38420331916524],[-51.94739354893896,-23.38415698540064],[-51.94739304523666,-23.38409990523393],[-51.947407555591354,-23.384035147094806],[-51.94740930982749,-23.38395158903369],[-51.94739734406619,-23.38386504316079],[-51.94738204176026,-23.38379089155202]]]}},{"type":"Feature","properties":{"NOME":"Parque dos Cerealistas","ZONA":45,"COD_BAIRRO_GEO":null,"LT_NOMEFANT":" "},"geometry":{"type":"Polygon","coordinates":[[[-51.99993649102046,-23.45891873281469],[-52.00014622431207,-23.459251410500737],[-51.99954853414013,-23.460243165075994],[-51.999333681271736,-23.460361274524892],[-51.99826436355543,-23.45878454961559],[-51.994911810400204,-23.460164557779628],[-51.99644682065549,-23.46174224997281],[-52.00025675069486,-23.459972613832807],[-52.004630906136306,-23.457874792765526],[-52.00768694796011,-23.45640902246723],[-52.007965130438016,-23.456275592646616],[-52.00793020669812,-23.456265306889645],[-52.00784530170515,-23.456238612315975],[-52.00772670558993,-23.456175573040625],[-52.00760702480225,-23.45617419556229],[-52.00753957888532,-23.456195421837236],[-52.00747057934432,-23.456216658116688],[-52.00731934180758,-23.45626025203178],[-52.007134372114415,-23.456261446253702],[-52.00667462247094,-23.455991186737105],[-52.00654020382739,-23.456046748912385],[-52.00593316544685,-23.455727367749915],[-52.0040668744224,-23.454637174667276],[-52.00318833106954,-23.454097971580193],[-52.002906369779204,-23.453918698671785],[-52.00272052337226,-23.454007195363562],[-52.00132413993248,-23.45463605252697],[-52.001149244132336,-23.45471295682698],[-52.00106934315846,-23.454748090001797],[-51.998570381855934,-23.45584688734643],[-51.99850821491065,-23.455760658623277],[-51.997942659781806,-23.4559818866526],[-51.99861100763253,-23.45694323422788],[-51.999368925655446,-23.458070134420492],[-51.99993649102046,-23.45891873281469]]]}},{"type":"Feature","properties":{"NOME":"Recanto dos Magnatas","ZONA":20,"COD_BAIRRO_GEO":276,"LT_NOMEFANT":" "},"geometry":{"type":"Polygon","coordinates":[[[-51.94867767967437,-23.451123636097968],[-51.94929970886207,-23.451176489504796],[-51.949759246723445,-23.45121742544107],[-51.950290318701576,-23.451264376882655],[-51.95061693151214,-23.451288089043288],[-51.95066413574071,-23.45076751606873],[-51.95069756644918,-23.450405174081958],[-51.95077033591166,-23.450412090034572],[-51.9512541721081,-23.450452704672042],[-51.951280944473176,-23.450454951214383],[-51.951290120019486,-23.450455721710313],[-51.95124893985442,-23.450797076228266],[-51.95119015495258,-23.45134133968711],[-51.95120207388217,-23.45134241500443],[-51.95131923143845,-23.45135298000243],[-51.95171249956167,-23.451391619006785],[-51.952047463895966,-23.451438188870643],[-51.95221488279612,-23.45145495953567],[-51.95221631667371,-23.45144180550986],[-51.95223200390442,-23.45129789753557],[-51.952289895778755,-23.45075406826826],[-51.952301248788025,-23.450603445192545],[-51.95239716114093,-23.450614157120025],[-51.9531514064658,-23.45068056718856],[-51.9531127630273,-23.451070807997795],[-51.95306687132021,-23.45152452437447],[-51.95368733057656,-23.45158217754377],[-51.953721450220705,-23.451585347892955],[-51.95384466836879,-23.451599914885087],[-51.954031815966665,-23.45070626876918],[-51.95419776351968,-23.449872146920484],[-51.95297112766301,-23.44972859520934],[-51.952943783648166,-23.449940432397067],[-51.952643136928884,-23.44991478628328],[-51.95266457637841,-23.449682076841036],[-51.95185854507838,-23.44958620502463],[-51.95069072631032,-23.44945471993467],[-51.94966283267015,-23.44933073823702],[-51.94854819868811,-23.449210860936187],[-51.94730905296289,-23.449065552055075],[-51.94655497428849,-23.448978087508415],[-51.946544045763076,-23.449085327597295],[-51.94653304953289,-23.449193234662875],[-51.9465110560499,-23.449409048794962],[-51.94650005879068,-23.449516954958302],[-51.94648906250224,-23.449624862017206],[-51.94647806522032,-23.44973276908038],[-51.94645390676674,-23.44996983255873],[-51.94645051320901,-23.44998831652511],[-51.94538016294389,-23.44990399459713],[-51.94534781241223,-23.449907774522067],[-51.94538425639463,-23.449569405123572],[-51.945442268857946,-23.448985956683696],[-51.945456962884386,-23.448849354909626],[-51.94400620130916,-23.44867965859971],[-51.943971007788484,-23.4488513140823],[-51.94396241600284,-23.448891203887683],[-51.94395288885236,-23.448935438365847],[-51.943285341360685,-23.448845946881452],[-51.943291299554204,-23.448809586510592],[-51.94331258340522,-23.44859609099247],[-51.94282548768366,-23.448544550462955],[-51.942716339734375,-23.44964516401626],[-51.942711982713135,-23.44966383618438],[-51.94213972047861,-23.449614718404607],[-51.94216286982399,-23.449372736276896],[-51.94222349344917,-23.44878126051658],[-51.94222828699041,-23.448718405248105],[-51.94225415941148,-23.448470056182373],[-51.94198911857543,-23.44844238241981],[-51.94115388152943,-23.448351712626753],[-51.9410009523845,-23.44833330259639],[-51.941036227930496,-23.448060625916547],[-51.940923484607914,-23.448050552144558],[-51.94088382787176,-23.44831920342381],[-51.93986080581355,-23.448196046740076],[-51.93988577486289,-23.44798598682252],[-51.93989115686609,-23.44794637485705],[-51.939730567135854,-23.4479463855037],[-51.939697456303335,-23.448164811186423],[-51.939692848047414,-23.44817985208716],[-51.93953004467408,-23.448159802932693],[-51.93956376331233,-23.44787779217121],[-51.93908380596837,-23.4478931382613],[-51.93875025557795,-23.4479293226027],[-51.93865293319793,-23.448026091752407],[-51.93855191571696,-23.44811643414948],[-51.938557309679794,-23.44822158320547],[-51.938561341920746,-23.44832132841645],[-51.93852034974645,-23.448380318824725],[-51.938467533479674,-23.44845632635579],[-51.93838989820482,-23.44862208063333],[-51.93837153308961,-23.44871079685876],[-51.93833480213492,-23.448888136275812],[-51.93828171288552,-23.449064129811738],[-51.938254309410766,-23.44919879697437],[-51.938221731484965,-23.44923456486808],[-51.93816551470886,-23.449296286807762],[-51.93809583282594,-23.449372790320286],[-51.93805529714601,-23.449455045455952],[-51.93804369331072,-23.449544713624213],[-51.937982846812055,-23.44969848957207],[-51.93796369728403,-23.449709036753525],[-51.93787963708523,-23.44975533475114],[-51.937796368896535,-23.449802892438544],[-51.93771210960407,-23.449848739940045],[-51.93763990093186,-23.44990977923249],[-51.93753937698136,-23.450064651481554],[-51.93747888814431,-23.450135645914973],[-51.93746274572735,-23.45015920467543],[-51.937426562616956,-23.450212010543087],[-51.937416035777254,-23.450301763423013],[-51.93743432783705,-23.450365144664943],[-51.93783896499637,-23.450403123706767],[-51.938308081960336,-23.45044421571211],[-51.93846731774811,-23.450456653596923],[-51.93859308124659,-23.45023258219874],[-51.939029587214094,-23.449417767316408],[-51.939489536770196,-23.44944487062942],[-51.93945691387969,-23.449757155739732],[-51.93960628051359,-23.449772029146413],[-51.939626861567824,-23.449558248299134],[-51.93957638153251,-23.449499765966422],[-51.93991121639739,-23.449525469879585],[-51.939891724044536,-23.44954122184482],[-51.93980706405464,-23.44959492176007],[-51.93978252202062,-23.449787205706606],[-51.939808560207155,-23.449789220201275],[-51.93998881467143,-23.449803169282855],[-51.93992229415874,-23.4503589471242],[-51.939935793166825,-23.450360046304947],[-51.94004254905288,-23.450368737867635],[-51.94133046541538,-23.45047784705198],[-51.94148643049617,-23.45048694434918],[-51.9420438584341,-23.450535567805105],[-51.942120921742756,-23.449714559732865],[-51.94269621448517,-23.449752667208827],[-51.94267580960569,-23.449979816561427],[-51.94261380031543,-23.45059624104779],[-51.942635012106784,-23.450598221899696],[-51.9425919588832,-23.45090461468626],[-51.943392212174565,-23.450972234712076],[-51.94354434602031,-23.450985441018073],[-51.943605661071125,-23.450688868373987],[-51.944182846086505,-23.45073239159666],[-51.94423416829591,-23.45021357066259],[-51.944266176074926,-23.449906533517368],[-51.94484231352442,-23.449953947233286],[-51.94483999190903,-23.449974798311843],[-51.94475028335579,-23.45078040012421],[-51.94476693373175,-23.4507819088281],[-51.94484670115421,-23.45078913652342],[-51.945513847002786,-23.45084890157751],[-51.94601461680307,-23.450896767517868],[-51.94668147125345,-23.450952468492048],[-51.94718479328597,-23.450994339544753],[-51.947768813333276,-23.451056750015127],[-51.94792439767748,-23.451070393518613],[-51.94793468909272,-23.450905851425222],[-51.94820845892049,-23.450940033610294],[-51.948179552971354,-23.451092149594665],[-51.94867767967437,-23.451123636097968]]]}},{"type":"Feature","properties":{"NOME":"Residencial Arezzo","ZONA":19,"COD_BAIRRO_GEO":2994,"LT_NOMEFANT":" "},"geometry":{"type":"Polygon","coordinates":[[[-51.98645433112627,-23.395509830507702],[-51.98633254474077,-23.395846117842336],[-51.98639830961222,-23.396192319380223],[-51.98652475045951,-23.39689641301211],[-51.98658136142503,-23.39720543566592],[-51.986578737954005,-23.39725378733771],[-51.987091888866104,-23.399757084065953],[-51.98755791525755,-23.40191353916479],[-51.98845394859236,-23.401154908766486],[-51.98870326745866,-23.400872206155707],[-51.98903440993013,-23.400639330998917],[-51.98914919195865,-23.400540332173875],[-51.989059444775215,-23.400398843006503],[-51.98863562276904,-23.399703783321016],[-51.988462780020654,-23.399409684355355],[-51.987929989949855,-23.398508556800124],[-51.98763935986153,-23.398003914135142],[-51.98738342428785,-23.397576053655527],[-51.98713954624618,-23.39716797173515],[-51.98700382228317,-23.396926515605102],[-51.98696131166843,-23.396833627280845],[-51.98687768440472,-23.396769764774586],[-51.986765398363616,-23.3966571076538],[-51.98667536911889,-23.396491763186848],[-51.986508409505134,-23.39618512780043],[-51.98642301697994,-23.395909820962196],[-51.986942417773015,-23.39564311490226],[-51.98686090757453,-23.395445044112567],[-51.98681621395195,-23.395375732361504],[-51.98669777757707,-23.395154722799354],[-51.98667000611719,-23.395100307356206],[-51.98660247610198,-23.39500919625859],[-51.98645433112627,-23.395509830507702]]]}},{"type":"Feature","properties":{"NOME":"Residencial Copacabana","ZONA":30,"COD_BAIRRO_GEO":28,"LT_NOMEFANT":" "},"geometry":{"type":"Polygon","coordinates":[[[-51.94747962393601,-23.382439863891136],[-51.947497841630714,-23.38238048721403],[-51.94753636190294,-23.382263633328773],[-51.94756507019679,-23.382223311447405],[-51.94764521503479,-23.382134882419287],[-51.94768813511349,-23.382054326461482],[-51.94776163068739,-23.38190475926073],[-51.94784683141488,-23.381653795640645],[-51.947897301223904,-23.38146995631772],[-51.948086690859,-23.38130821654523],[-51.94815443509519,-23.38122368575714],[-51.94816484796822,-23.381143796425402],[-51.948170145762674,-23.38110314669699],[-51.94748880231051,-23.380836954399328],[-51.94747195019602,-23.38080088360383],[-51.9436499877579,-23.37941544494253],[-51.94099928107827,-23.378479654127933],[-51.93588609402569,-23.376647497387992],[-51.935630152772816,-23.37721213103985],[-51.935208157916776,-23.37812475296929],[-51.93985603768865,-23.379786817994034],[-51.940460594550814,-23.380018870224987],[-51.945789293543946,-23.38191304634092],[-51.945929075658064,-23.381957994868724],[-51.94675851806829,-23.382256088589],[-51.94683581224212,-23.382288433558116],[-51.946836471066575,-23.382253637697072],[-51.94746511775191,-23.382489357674487],[-51.94747962393601,-23.382439863891136]]]}},{"type":"Feature","properties":{"NOME":"Residencial Dolores Duran","ZONA":25,"COD_BAIRRO_GEO":2876,"LT_NOMEFANT":" "},"geometry":{"type":"MultiPolygon","coordinates":[[[[-51.91649099126703,-23.46719143969076],[-51.91542693624279,-23.46785611426922],[-51.916510067059605,-23.469384080245206],[-51.917587327637015,-23.468726033191647],[-51.91649099126703,-23.46719143969076]]],[[[-51.921219098443196,-23.466426666290833],[-51.92224375109199,-23.465783186650917],[-51.92119184365487,-23.464308713539136],[-51.92015551803778,-23.464956392701872],[-51.921219098443196,-23.466426666290833]]]]}},{"type":"Feature","properties":{"NOME":"Residencial Escalada","ZONA":33,"COD_BAIRRO_GEO":3647,"LT_NOMEFANT":" "},"geometry":{"type":"Polygon","coordinates":[[[-52.06219737411489,-23.378020878396594],[-52.06239363130403,-23.37775853763392],[-52.062628012747155,-23.377446522966864],[-52.06285244891084,-23.37715369256046],[-52.06290870497755,-23.377196324894133],[-52.06306359142129,-23.377011743187765],[-52.063217016225956,-23.376903641111852],[-52.06328856445492,-23.376656537562308],[-52.062753247716756,-23.376530175386552],[-52.06179664992644,-23.376300043323415],[-52.06118922642692,-23.3761554663359],[-52.0608935554651,-23.376085183042974],[-52.060983809787146,-23.376220106966933],[-52.06115928416878,-23.376475213428762],[-52.06141930007272,-23.376862970791013],[-52.061608560616385,-23.377142476853454],[-52.06181420951595,-23.37744815887061],[-52.06202313862894,-23.377759194117075],[-52.06219737411489,-23.378020878396594]]]}},{"type":"Feature","properties":{"NOME":"Residencial Maanaim","ZONA":40,"COD_BAIRRO_GEO":2836,"LT_NOMEFANT":" "},"geometry":{"type":"Polygon","coordinates":[[[-51.95814666656574,-23.440846756907398],[-51.95826145047754,-23.44026524217209],[-51.95746938918849,-23.440140807734238],[-51.95730095405762,-23.4401106837958],[-51.9573637207663,-23.439797356435804],[-51.95749116373085,-23.439112899989965],[-51.9568247908241,-23.43900120753945],[-51.95680246460567,-23.439109461955184],[-51.95678440898078,-23.43919701396236],[-51.95675452174572,-23.439370392628682],[-51.95644706798071,-23.439317292245168],[-51.95640464012396,-23.439538331382863],[-51.95664065966674,-23.439574952569917],[-51.95671953668362,-23.43958460403178],[-51.95670421484185,-23.439655546445717],[-51.956569476335616,-23.440325419588746],[-51.956607951931595,-23.44033236700127],[-51.95685865097923,-23.44037326756792],[-51.95680956729091,-23.440618405412465],[-51.95738645230188,-23.440715936066745],[-51.95814666656574,-23.440846756907398]]]}},{"type":"Feature","properties":{"NOME":"Residencial Moreschi","ZONA":7,"COD_BAIRRO_GEO":217,"LT_NOMEFANT":" "},"geometry":{"type":"Polygon","coordinates":[[[-51.95375063261682,-23.40327069490475],[-51.953684337638826,-23.402169101044993],[-51.953302382959414,-23.40219028502007],[-51.95201613478495,-23.40226605803514],[-51.95060160917173,-23.402343417311236],[-51.949563760834884,-23.402398044026665],[-51.94854911931544,-23.402465160777908],[-51.94855165216865,-23.40256641095997],[-51.94856309827765,-23.402928745840107],[-51.94855343260208,-23.403308247056152],[-51.948558680275845,-23.4034945200687],[-51.94861491112483,-23.403606163626755],[-51.948605442459915,-23.40373532999092],[-51.94864706058337,-23.403874303135417],[-51.94867489831531,-23.403944012127013],[-51.948693801779065,-23.404020670477802],[-51.948716288341814,-23.404077598964925],[-51.948848123610915,-23.404056183625016],[-51.94893942503442,-23.404049323318162],[-51.94903095707293,-23.404047109798114],[-51.94912248338122,-23.40404954878041],[-51.949213767628876,-23.404056633967347],[-51.9493045741105,-23.404068347064236],[-51.949441077068066,-23.404105577016274],[-51.94957904392973,-23.404136950123167],[-51.9497182235211,-23.404162409268867],[-51.949858362459956,-23.404181908103954],[-51.94999920561756,-23.40419541112998],[-51.95014049658308,-23.40420289376413],[-51.950281978130484,-23.40420434238396],[-51.95042339268673,-23.404199754352195],[-51.95056448280076,-23.404189138021536],[-51.950747232624174,-23.40417469944586],[-51.950929477560884,-23.404154881437133],[-51.951111059296316,-23.404129701211083],[-51.95129182009202,-23.404099180641552],[-51.95375063261682,-23.40327069490475]]]}},{"type":"Feature","properties":{"NOME":"Residencial Pimenta","ZONA":19,"COD_BAIRRO_GEO":3996,"LT_NOMEFANT":"LOTE 70 – GLEBA PATRIMÔNIO MARINGÁ"},"geometry":{"type":"Polygon","coordinates":[[[-51.98955147336047,-23.406048378416504],[-51.98976019438034,-23.40624897979878],[-51.99071193359499,-23.405439936056514],[-51.98871992412585,-23.403487611555285],[-51.9874164949528,-23.402190898710213],[-51.986469721102,-23.40300457349036],[-51.98733437367344,-23.403876202072137],[-51.98769187379285,-23.40421541802455],[-51.98776807063048,-23.40428534221338],[-51.98921668322302,-23.405700038215553],[-51.98955147336047,-23.406048378416504]]]}},{"type":"Feature","properties":{"NOME":"Residencial Pioneiro Honorato Vecchi","ZONA":25,"COD_BAIRRO_GEO":2508,"LT_NOMEFANT":" "},"geometry":{"type":"Polygon","coordinates":[[[-51.92112945850414,-23.45964897015325],[-51.92654734242655,-23.45922669655191],[-51.925477750734466,-23.457386196999124],[-51.92112945850414,-23.45964897015325]]]}},{"type":"Feature","properties":{"NOME":"Residencial Pioneiro Odwaldo Bueno Netto","ZONA":25,"COD_BAIRRO_GEO":2507,"LT_NOMEFANT":" "},"geometry":{"type":"Polygon","coordinates":[[[-51.92727874001133,-23.460370656355582],[-51.92036295615684,-23.46086803147736],[-51.92059031295049,-23.461236353559915],[-51.9195621227911,-23.461864474714098],[-51.92118672898776,-23.46414295663943],[-51.92125423501267,-23.464237545921733],[-51.92128070632704,-23.464274637987632],[-51.92226707030192,-23.46366467967694],[-51.92440037417548,-23.462358079528126],[-51.924716176540905,-23.46280054300939],[-51.924740088818574,-23.462788247639153],[-51.924906875589926,-23.462702481559905],[-51.92547597262097,-23.462415527591883],[-51.9264118440218,-23.461952288987447],[-51.92778921541346,-23.461257010387882],[-51.92727874001133,-23.460370656355582]]]}},{"type":"Feature","properties":{"NOME":"Residencial Tarumã","ZONA":25,"COD_BAIRRO_GEO":305,"LT_NOMEFANT":" "},"geometry":{"type":"Polygon","coordinates":[[[-51.93341616976903,-23.47062213092917],[-51.93357210183264,-23.470504773918833],[-51.93370643024885,-23.470392423440167],[-51.93379039688789,-23.470261226421925],[-51.933865433338426,-23.4701689207941],[-51.933889634574015,-23.470046120183056],[-51.933907639072785,-23.46984974520811],[-51.93397386610028,-23.469730034759312],[-51.93402864606061,-23.469681114053127],[-51.9341364943772,-23.469548780283844],[-51.9341969985273,-23.46938114366905],[-51.934255062189024,-23.46921442486049],[-51.934283013947535,-23.469123755932255],[-51.93435614115475,-23.468984866811756],[-51.93442727065373,-23.468878212486764],[-51.93447655062622,-23.468771337714063],[-51.934486825500684,-23.46867318772566],[-51.934460612180516,-23.468524044474396],[-51.934447241953755,-23.46841899114452],[-51.93447067386569,-23.46834000065175],[-51.93453543056157,-23.46826193668821],[-51.934558501399756,-23.468197030267337],[-51.934566377700534,-23.46817052809499],[-51.9331253956823,-23.468085201577885],[-51.93296766126407,-23.468077183671895],[-51.931499322250914,-23.467962640604377],[-51.930335950440075,-23.467879189306647],[-51.929803698840175,-23.467847926041703],[-51.92978897369825,-23.46781502863528],[-51.929146247580185,-23.466454404364015],[-51.92911812580053,-23.46640108383777],[-51.92740981874279,-23.46704659927024],[-51.9272565265577,-23.4670947233529],[-51.92665224092259,-23.467327309482936],[-51.926225947774824,-23.467491386384328],[-51.92616833397447,-23.4675096952026],[-51.92611502537121,-23.46752465100856],[-51.9260357678867,-23.467544418735567],[-51.925973939988026,-23.467554590198432],[-51.92587211072713,-23.46757134237011],[-51.92577543314893,-23.467577239826277],[-51.92570471105239,-23.467578990969194],[-51.92557628510985,-23.467567065842537],[-51.925484501708695,-23.467550309564654],[-51.92538618048507,-23.467527601937597],[-51.925305895108316,-23.467503456808682],[-51.92524945425462,-23.467483163263637],[-51.92515532533444,-23.46744046877059],[-51.925046871178395,-23.4673695318134],[-51.924946741636525,-23.46729426599521],[-51.92485088499297,-23.467210990392015],[-51.9247539349379,-23.467117334292684],[-51.924722320711865,-23.46706223986962],[-51.92464973069684,-23.467106987181925],[-51.92363491099533,-23.467739435799032],[-51.92423301354885,-23.46857930001408],[-51.92432794543489,-23.46869291846814],[-51.924496142571236,-23.46897463790883],[-51.925114365201104,-23.470040293488598],[-51.92564407976886,-23.47095336858805],[-51.9269292744846,-23.471769730273305],[-51.92850998959013,-23.472756849634163],[-51.92962163948952,-23.47334885730303],[-51.92969980797118,-23.473412913747893],[-51.92987830929643,-23.473551111425984],[-51.93179620000399,-23.47245362519247],[-51.93181296347313,-23.472323357341416],[-51.93188668439562,-23.472196738568943],[-51.931940824980124,-23.472085530817303],[-51.931986749352,-23.471984887307595],[-51.932072622387096,-23.47181804820703],[-51.93218608838432,-23.471680373991745],[-51.93231859125975,-23.47157264103695],[-51.93248632829283,-23.471421073215794],[-51.93266518908835,-23.471249205015738],[-51.93284543744702,-23.47109566705901],[-51.93307033303719,-23.47095486614334],[-51.93329774782883,-23.470791848073493],[-51.93341616976903,-23.47062213092917]]]}},{"type":"Feature","properties":{"NOME":"Residencial Villa Bella","ZONA":33,"COD_BAIRRO_GEO":3440,"LT_NOMEFANT":"Lt. 122 (Gleba Patrimônio Iguatemi) "},"geometry":{"type":"Polygon","coordinates":[[[-52.061131115787596,-23.3765037115554],[-52.06086733286157,-23.376097295713944],[-52.06047745444569,-23.37617441067994],[-52.060562217375,-23.376456738252056],[-52.06075363949027,-23.37724345497257],[-52.061041465256544,-23.37842404262818],[-52.061194653483625,-23.3790051536478],[-52.06135662008529,-23.37890703797113],[-52.06220139846975,-23.37840564162103],[-52.06235092542767,-23.378314949692896],[-52.061883466924144,-23.377617944435627],[-52.061131115787596,-23.3765037115554]]]}},{"type":"Feature","properties":{"NOME":"Residencial Ícaro","ZONA":48,"COD_BAIRRO_GEO":2518,"LT_NOMEFANT":" "},"geometry":{"type":"Polygon","coordinates":[[[-51.964035768088486,-23.37525181362975],[-51.964031069021694,-23.375005217442077],[-51.962621681955305,-23.375013880882165],[-51.96149610922067,-23.375020822559115],[-51.96048343847897,-23.375028462002227],[-51.95935943895974,-23.375032638292303],[-51.95912944254452,-23.37503041238021],[-51.95897066891862,-23.37605717812394],[-51.96033515520329,-23.376045991392846],[-51.96120760766606,-23.37604207580964],[-51.96235431209253,-23.376039312489503],[-51.96334251811978,-23.376030371679363],[-51.96404020780784,-23.376022218277193],[-51.96404004030679,-23.375842534942798],[-51.964035768088486,-23.37525181362975]]]}},{"type":"Feature","properties":{"NOME":"Sub. Lt . 40e (\"vila Nova\")","ZONA":33,"COD_BAIRRO_GEO":69,"LT_NOMEFANT":"Lt. 40E (Gleba Patrimônio Iguatemi)"},"geometry":{"type":"Polygon","coordinates":[[[-52.06626831015999,-23.374862159901912],[-52.0662160940381,-23.375049510370147],[-52.06612354933819,-23.375366528144596],[-52.06601081330708,-23.37575502584685],[-52.065968021805446,-23.37590706396192],[-52.06775166685671,-23.376322804134205],[-52.06777139752435,-23.376241122824272],[-52.068057510881545,-23.375297310329373],[-52.06798989378079,-23.37528115868144],[-52.06765322492381,-23.375202928299476],[-52.06701308785783,-23.37504618917219],[-52.06658732477574,-23.374938247587497],[-52.06629921193114,-23.374869529756054],[-52.06626831015999,-23.374862159901912]]]}},{"type":"Feature","properties":{"NOME":"Sub. Lt . 64c9a/64-c9-10/a","ZONA":27,"COD_BAIRRO_GEO":null,"LT_NOMEFANT":"Gleba Ribeirão Pinguim"},"geometry":{"type":"Polygon","coordinates":[[[-51.93235378469447,-23.447884967999492],[-51.93222316266472,-23.447802682758915],[-51.928694413275316,-23.449586548880397],[-51.926577439862726,-23.450638904804382],[-51.92687428877368,-23.45113598104294],[-51.9272889541662,-23.450929745564807],[-51.92812540195088,-23.450512069909294],[-51.92873489536457,-23.450207031850653],[-51.92877420447594,-23.450000860269704],[-51.92882204834216,-23.449803396315637],[-51.92911799277427,-23.449736145312492],[-51.92922716738987,-23.4497040724962],[-51.929613771513395,-23.44951620323796],[-51.92966945722146,-23.449608097485307],[-51.930402364176395,-23.44924002780418],[-51.93041676008478,-23.449265492910158],[-51.93045035651758,-23.449324923491915],[-51.9304765007581,-23.44937117187805],[-51.931047147177615,-23.44907763775697],[-51.9309366105178,-23.448891760657435],[-51.93156214339944,-23.448575214025826],[-51.93183068634478,-23.44844097503567],[-51.931837045860064,-23.44845132850301],[-51.931989371634636,-23.44869933654156],[-51.93196135465883,-23.44897057644386],[-51.932281931433195,-23.448816614093],[-51.93235378469447,-23.447884967999492]]]}},{"type":"Feature","properties":{"NOME":"Sub. Lt. 1/12 a 15 (jardim Paraiso)","ZONA":25,"COD_BAIRRO_GEO":307,"LT_NOMEFANT":"Lt. 1/12 à 15 (Gleba Ribeirão Pinguim) "},"geometry":{"type":"Polygon","coordinates":[[[-51.913874729848395,-23.466036730169044],[-51.912941458624374,-23.46712789152076],[-51.91264501906383,-23.467563886495014],[-51.912049157042944,-23.46831297502652],[-51.91161271818537,-23.468889069390876],[-51.91129907520163,-23.469239806219818],[-51.91070824458425,-23.469937240061217],[-51.91095063764046,-23.47047870177193],[-51.91099906945573,-23.470541635559236],[-51.911189968626225,-23.470983743530475],[-51.911253083716346,-23.47116428898868],[-51.91379903256997,-23.468826563416542],[-51.913854029398905,-23.46879229392253],[-51.91833780572072,-23.466055997122368],[-51.91628991305527,-23.46321284583665],[-51.914026653486566,-23.46585910292917],[-51.913874729848395,-23.466036730169044]]]}},{"type":"Feature","properties":{"NOME":"Sub. Lt. 1/4/1/4-b (jardim Catedral)","ZONA":39,"COD_BAIRRO_GEO":150,"LT_NOMEFANT":"Lt. 1/4/1/4-B (Gleba Ribeirão Pinguim) "},"geometry":{"type":"Polygon","coordinates":[[[-51.91723139449808,-23.45882256395304],[-51.9163490290139,-23.457592429318304],[-51.91623639388366,-23.457632358964922],[-51.91540694937992,-23.457940465722057],[-51.91491207303691,-23.45813479940589],[-51.91377552562901,-23.45857167484411],[-51.91235911430343,-23.45912709025107],[-51.912299663918354,-23.45914789933636],[-51.91182549297996,-23.459313873304925],[-51.91214698873937,-23.459552285494116],[-51.91261711925338,-23.459819386029793],[-51.913248222506844,-23.460085542754555],[-51.91415745964302,-23.460363560216855],[-51.91490452116725,-23.460467120570765],[-51.916799937821,-23.46046765158262],[-51.91836328426135,-23.460406527908614],[-51.91833205516004,-23.460363457842096],[-51.91822225899798,-23.46021164380275],[-51.91779692308693,-23.459583078005938],[-51.917814166321534,-23.459473929934603],[-51.9178441347074,-23.45934574224076],[-51.91787442982674,-23.459264964035256],[-51.917899534021544,-23.459177104475152],[-51.91790614714691,-23.459102574035025],[-51.91789827209299,-23.458994577219205],[-51.91780454434597,-23.458809014578687],[-51.91761825609818,-23.45865723186919],[-51.91723139449808,-23.45882256395304]]]}},{"type":"Feature","properties":{"NOME":"Sub. Lt. 10 D (condomínio Andrade)","ZONA":46,"COD_BAIRRO_GEO":196,"LT_NOMEFANT":"Lt.10D (Gleba Ribeirão Morangueiro) "},"geometry":{"type":"Polygon","coordinates":[[[-51.89531340450376,-23.384193466441875],[-51.894486216639784,-23.384659344258324],[-51.893169321838435,-23.385425030332232],[-51.89282548969233,-23.385629389400332],[-51.89284449181695,-23.38565356048969],[-51.892890472311294,-23.385720070644133],[-51.89295724513981,-23.385813444083173],[-51.89302782281994,-23.38591971187493],[-51.89309299056852,-23.38602176537305],[-51.89313041973066,-23.386073035403065],[-51.893202570872724,-23.386165836070095],[-51.89323948968859,-23.386213947699748],[-51.89333168979617,-23.386324714523028],[-51.89342869726566,-23.386442014842636],[-51.893568481315626,-23.386624931981885],[-51.89364636760009,-23.386726551249033],[-51.89372000474894,-23.386821962510286],[-51.89380223562817,-23.386943235412],[-51.893853292589895,-23.387013678677192],[-51.893924600487345,-23.387111903142117],[-51.89401924459692,-23.38726093600409],[-51.894081499556414,-23.387366166977415],[-51.894130534812696,-23.387469938036485],[-51.89418298279401,-23.387538801615136],[-51.89447165770633,-23.387412435985578],[-51.895180639787554,-23.387093296051734],[-51.896588209290876,-23.386455552291068],[-51.897623355562914,-23.38600867484533],[-51.89870735837288,-23.38552452650501],[-51.899775385893456,-23.38504137951174],[-51.90099687281792,-23.38450859158148],[-51.90213561278226,-23.383996958227208],[-51.90230652664386,-23.38391455106886],[-51.90156203535731,-23.383595199241576],[-51.90145000806229,-23.383702073186697],[-51.90125573952105,-23.38364939511978],[-51.90021515454562,-23.383229317343098],[-51.898982347414275,-23.382126460500235],[-51.89825350017937,-23.38253742189671],[-51.89812654046698,-23.3826090352184],[-51.897329254766504,-23.383058096872144],[-51.89718570924471,-23.383138946152975],[-51.89637036970039,-23.383598166737585],[-51.896255248102484,-23.38366300608911],[-51.8954247360257,-23.38413076391609],[-51.89531340450376,-23.384193466441875]]]}},{"type":"Feature","properties":{"NOME":"Sub. Lt. 107 (\"aparecido Lopes\")","ZONA":33,"COD_BAIRRO_GEO":57,"LT_NOMEFANT":"LOT. APARECIDO LOPES - ABERTURA DE RUAS (Gleba Patrimônio Iguatemi) "},"geometry":{"type":"Polygon","coordinates":[[[-52.06119161792518,-23.379116788293747],[-52.059989728364066,-23.37938419801783],[-52.060029173455476,-23.37953621920712],[-52.060140650377406,-23.37996901952993],[-52.060259602630175,-23.380419319923167],[-52.060346968426046,-23.380759386319813],[-52.060442621759876,-23.38114945508356],[-52.06056948927349,-23.381631272593822],[-52.06079453390883,-23.38145414541601],[-52.06119617154599,-23.381176006836128],[-52.06163943222648,-23.38086631252287],[-52.06159487799091,-23.38067076094556],[-52.061574376647144,-23.380547419927172],[-52.061477559793914,-23.380397092830393],[-52.061408732472174,-23.380206383565497],[-52.06146152898751,-23.38015225176432],[-52.061442280157685,-23.380092531341617],[-52.06129389284826,-23.379531122025213],[-52.06119161792518,-23.379116788293747]]]}},{"type":"Feature","properties":{"NOME":"Sub. Lt. 114 e 115 (\"alcides Pires\")","ZONA":33,"COD_BAIRRO_GEO":56,"LT_NOMEFANT":"LOT.  ALCIDES PIRES - ABERTURA DE RUAS (Gleba Patrimônio Iguatemi) "},"geometry":{"type":"Polygon","coordinates":[[[-52.06540336620582,-23.375809167196326],[-52.06452022633987,-23.375588297762885],[-52.06443554989437,-23.37570370340791],[-52.06411989827063,-23.376155589438465],[-52.0637903500101,-23.37664949746218],[-52.064187425507804,-23.37680531140995],[-52.06487779004509,-23.377076210622864],[-52.06553732107619,-23.377326221761958],[-52.066206048876055,-23.37759289629399],[-52.06682276730513,-23.377830051323404],[-52.0668517230463,-23.37779430954482],[-52.06745599977763,-23.377000614083155],[-52.06752465030362,-23.376908335943085],[-52.06759958062607,-23.376789000398993],[-52.067802901475744,-23.37636342593051],[-52.06658403334747,-23.376083329926864],[-52.06540336620582,-23.375809167196326]]]}},{"type":"Feature","properties":{"NOME":"Sub. Lt. 116 B (condomínio Mandacarú)","ZONA":48,"COD_BAIRRO_GEO":null,"LT_NOMEFANT":"Lt. 116B (Gleba Ribeirão Maringá) "},"geometry":{"type":"Polygon","coordinates":[[[-51.961973535361814,-23.377991725506078],[-51.96066263236921,-23.37799978264484],[-51.95959558267447,-23.37800633288857],[-51.95875536461141,-23.378008380319468],[-51.95860722280246,-23.378019322144535],[-51.95844053519551,-23.37888329882756],[-51.96418233828163,-23.37888464182404],[-51.96446239453333,-23.37890027123791],[-51.969638941403794,-23.378877613332794],[-51.97014554654973,-23.378878627420793],[-51.97014856454252,-23.37884643358191],[-51.97015129560854,-23.378817297991837],[-51.97073442191353,-23.37881717525783],[-51.97071137732613,-23.378727791928128],[-51.970600742280695,-23.378466083749768],[-51.970553498930464,-23.37837747828923],[-51.97050722368614,-23.37820857036046],[-51.97047057049953,-23.37808118478101],[-51.97043266742907,-23.377995389017038],[-51.97040024201219,-23.377936515618494],[-51.969801662370585,-23.377943383171104],[-51.968644032505786,-23.377953224849925],[-51.96775766403366,-23.377957477006902],[-51.966880127654186,-23.377965771934047],[-51.96586273994501,-23.377966322524305],[-51.96449284833381,-23.377979078030517],[-51.963112011566615,-23.377981851528926],[-51.961973535361814,-23.377991725506078]]]}},{"type":"Feature","properties":{"NOME":"Sub. Lt. 127 (\"dedé\")","ZONA":33,"COD_BAIRRO_GEO":61,"LT_NOMEFANT":"DEDÉ (Gleba Patrimônio Iguatemi) "},"geometry":{"type":"Polygon","coordinates":[[[-52.06025260145061,-23.375165232797897],[-52.061043373474995,-23.3753796992886],[-52.061114051444115,-23.37513063894994],[-52.06160042467778,-23.37336761718337],[-52.06054482710964,-23.373106166325034],[-52.059799780146754,-23.373428879475497],[-52.05984154199096,-23.373603698994998],[-52.059929935126675,-23.37397372171135],[-52.059975755591715,-23.37418458006045],[-52.06010296174376,-23.3747107748052],[-52.060193384367594,-23.37509490497803],[-52.06021298365219,-23.375155559867224],[-52.06025260145061,-23.375165232797897]]]}},{"type":"Feature","properties":{"NOME":"Sub. Lt. 134 e 135 (\"hélio Barris\")","ZONA":33,"COD_BAIRRO_GEO":62,"LT_NOMEFANT":"HÉLIO BARRIS (Gleba Patrimônio Iguatemi) "},"geometry":{"type":"Polygon","coordinates":[[[-52.06299291086102,-23.372219723671265],[-52.06102463529942,-23.371748511011937],[-52.06065080893722,-23.373088924710487],[-52.062628704898664,-23.373576179153673],[-52.06270781737139,-23.37328167893852],[-52.06272949592648,-23.373206517729567],[-52.06299291086102,-23.372219723671265]]]}},{"type":"Feature","properties":{"NOME":"Sub. Lt. 136 e 137 (\"valdemar Frigo\")","ZONA":33,"COD_BAIRRO_GEO":68,"LT_NOMEFANT":"VALDEMAR FRIGO (Gleba Patrimônio Iguatemi) "},"geometry":{"type":"Polygon","coordinates":[[[-52.06303798498346,-23.372084079063303],[-52.06340457630994,-23.370694003044786],[-52.06202436578685,-23.37037216549197],[-52.061334107296254,-23.37067938683821],[-52.06111491447538,-23.371435066170918],[-52.06106368462784,-23.371633282050738],[-52.06303798498346,-23.372084079063303]]]}},{"type":"Feature","properties":{"NOME":"Sub. Lt. 139 L (vila Nevada)","ZONA":29,"COD_BAIRRO_GEO":25,"LT_NOMEFANT":"Lt.139 L (Gleba Ribeirão Maringá) "},"geometry":{"type":"Polygon","coordinates":[[[-51.938523158471234,-23.40013438947492],[-51.93828664524141,-23.399547496590937],[-51.93823369849968,-23.399400482840043],[-51.93775043886657,-23.39820185523727],[-51.9377483807953,-23.3981939210936],[-51.937712503799915,-23.39814459856858],[-51.93747695016614,-23.39757230427223],[-51.93731655039078,-23.397659900858955],[-51.937164052548866,-23.39770356897613],[-51.93700262225033,-23.397759501068432],[-51.93688583730733,-23.397904781573725],[-51.93680924202343,-23.397953567223237],[-51.93654698759125,-23.397952217808324],[-51.93642958759301,-23.398010275405156],[-51.936315087600285,-23.398112527058835],[-51.93618708775522,-23.398135996096446],[-51.93608920140525,-23.398206290753635],[-51.936317568226784,-23.398808193433002],[-51.93637637414479,-23.398932767633514],[-51.936681370845946,-23.39968503221336],[-51.936900919935916,-23.400245482980463],[-51.93705161874183,-23.40063168145195],[-51.938523158471234,-23.40013438947492]]]}},{"type":"Feature","properties":{"NOME":"Sub. Lt. 139 M-1 (cidade Jardim)","ZONA":29,"COD_BAIRRO_GEO":23,"LT_NOMEFANT":"Lt. 139 M-1 (Gleba Ribeirão Maringá) "},"geometry":{"type":"Polygon","coordinates":[[[-51.94242251420255,-23.396483613497047],[-51.94241275859025,-23.396386379801566],[-51.942436058305816,-23.39624462785922],[-51.94248739338146,-23.39581559469056],[-51.942410677135044,-23.395841150341493],[-51.94234581922213,-23.39589602779636],[-51.9423011399713,-23.3959486330309],[-51.94225641513772,-23.395983598737736],[-51.9421543114722,-23.395990181717522],[-51.942063990468256,-23.396032546744436],[-51.941909045857315,-23.39608963967624],[-51.94179754991803,-23.396125858412713],[-51.94168287679678,-23.39614357759103],[-51.941644345954266,-23.39618682532821],[-51.941564112260444,-23.396313265604967],[-51.941547136628834,-23.396353499513264],[-51.94148901772219,-23.396372967030253],[-51.94127477333647,-23.396377401384502],[-51.94098216849416,-23.39642545648369],[-51.940701496372476,-23.39650886242939],[-51.9404716390734,-23.39657863701934],[-51.94036688338766,-23.3965936058009],[-51.94018638467193,-23.39669864623411],[-51.93987269864569,-23.39686878274025],[-51.93979346881261,-23.396957782353926],[-51.93955029818209,-23.396933880092217],[-51.93942538004661,-23.396995959227183],[-51.939299318626155,-23.397020832657372],[-51.939163193881036,-23.39703411497104],[-51.938889780317716,-23.397048402505295],[-51.938753023796146,-23.3970553657492],[-51.93862291859167,-23.3970480181272],[-51.93858479115185,-23.397055936147073],[-51.93854767799266,-23.397063643940903],[-51.93848003051999,-23.397073624193343],[-51.93832678593187,-23.397115459860487],[-51.93829573916716,-23.397131806564953],[-51.93821018016229,-23.397176855891736],[-51.93805470597731,-23.397318961619305],[-51.93797251531852,-23.397375996148522],[-51.93783272999037,-23.39746706615322],[-51.93773495975961,-23.397493484702487],[-51.93763983265447,-23.39749224893523],[-51.937573370024154,-23.397517666683665],[-51.9374991892136,-23.39756281357392],[-51.93749911126077,-23.39756286100868],[-51.93773114063792,-23.39812745121029],[-51.93775043886657,-23.39820185523727],[-51.93823369849968,-23.399400482840043],[-51.93828664524141,-23.399547496590937],[-51.938523158471234,-23.40013438947492],[-51.94084312919604,-23.39935034213532],[-51.94326397900529,-23.39853215651742],[-51.94331263178873,-23.39803960099311],[-51.94334729046629,-23.397492888234982],[-51.94230645908977,-23.39745205378374],[-51.94230925346556,-23.397422257942644],[-51.94232175389628,-23.397288954771835],[-51.942357800425484,-23.397000846734436],[-51.94242251420255,-23.396483613497047]]]}},{"type":"Feature","properties":{"NOME":"Sub. Lt. 139f/139f/13a2 (jardim do Sol)","ZONA":29,"COD_BAIRRO_GEO":24,"LT_NOMEFANT":"Lt. 139F/139F/13A2 (Gleba Ribeirão Maringá) "},"geometry":{"type":"Polygon","coordinates":[[[-51.93204056648495,-23.400878051064495],[-51.93180904254683,-23.400289052307354],[-51.931261810127836,-23.400475021950633],[-51.930530286539046,-23.4007161734692],[-51.9298774388191,-23.400937178779532],[-51.92930533627696,-23.401137449391875],[-51.928554397098495,-23.401392170622337],[-51.928691657762116,-23.401726361800023],[-51.928725677698644,-23.401815058757645],[-51.92888665566743,-23.402230111968706],[-51.92928740441716,-23.402097147025007],[-51.92919112422674,-23.40183738443086],[-51.92921166299259,-23.401830727544418],[-51.93204056648495,-23.400878051064495]]]}},{"type":"Feature","properties":{"NOME":"Sub. Lt. 144-a (jardim Copacabana Ii)","ZONA":30,"COD_BAIRRO_GEO":33,"LT_NOMEFANT":"Lt. 144 - A (Gleba Ribeirão Maringá) "},"geometry":{"type":"Polygon","coordinates":[[[-51.94832101988809,-23.379577170195105],[-51.93674075157192,-23.374987278021074],[-51.93665438856829,-23.374961393203797],[-51.9365079592633,-23.375275567518194],[-51.93588609402569,-23.376647497387992],[-51.94099928107827,-23.378479654127933],[-51.9436499877579,-23.37941544494253],[-51.94747195019602,-23.38080088360383],[-51.94755636949473,-23.380775389196824],[-51.9481767918288,-23.381026460423453],[-51.94823015984896,-23.380965514823686],[-51.94829782220377,-23.380869513634188],[-51.948319665014886,-23.380737466536345],[-51.9482363084825,-23.38066532361144],[-51.94820882769969,-23.380587105554817],[-51.94826181587705,-23.380466340464555],[-51.94836657967952,-23.380345261403658],[-51.94840929469993,-23.38023602849751],[-51.948383286622544,-23.38007368234434],[-51.94841490050916,-23.37988353623233],[-51.94832101988809,-23.379577170195105]]]}},{"type":"Feature","properties":{"NOME":"Sub. Lt. 145 (recanto Kakogawa)","ZONA":16,"COD_BAIRRO_GEO":248,"LT_NOMEFANT":"Lt. 145 (Gleba Ribeirão Maringá) "},"geometry":{"type":"Polygon","coordinates":[[[-51.94876368790286,-23.37772812892457],[-51.9482851926997,-23.377541050046784],[-51.948138847510606,-23.37748485398579],[-51.94678639491298,-23.376960553518334],[-51.94668378905907,-23.376928915292673],[-51.945120158836104,-23.376302240253242],[-51.94512008008641,-23.376302311179984],[-51.94435114405207,-23.376011495138656],[-51.94362854315647,-23.37572546274631],[-51.94273474779384,-23.375363316807086],[-51.94235980409951,-23.37521424474256],[-51.94138369207664,-23.374838615792825],[-51.94030466999444,-23.37441140317619],[-51.93920531758213,-23.37397852347567],[-51.93802940856771,-23.373521008032245],[-51.93751084455637,-23.373321943909293],[-51.93692644370425,-23.37461154612758],[-51.93674075157192,-23.374987278021074],[-51.94832101988809,-23.379577170195105],[-51.948391721529255,-23.379372405160968],[-51.94840916874605,-23.379297126514853],[-51.948420990468584,-23.37927115511376],[-51.94855820832022,-23.37890811805516],[-51.948750219649675,-23.37859448228736],[-51.9488530874077,-23.378456372547774],[-51.94889604272172,-23.378270392703204],[-51.9488942362718,-23.37812729181676],[-51.9487727876711,-23.377940670887153],[-51.94874885097079,-23.37777831218337],[-51.94876368790286,-23.37772812892457]]]}},{"type":"Feature","properties":{"NOME":"Sub. Lt. 150 e 150-a (condomínio Portal das Torres)","ZONA":16,"COD_BAIRRO_GEO":247,"LT_NOMEFANT":"Lt. 150 e 150A (Gleba Ribeirão Maringá) "},"geometry":{"type":"Polygon","coordinates":[[[-51.93849576739498,-23.370668061747867],[-51.932335161979594,-23.369049327792162],[-51.92917231774043,-23.368186316950897],[-51.9267856743515,-23.367543653817535],[-51.926833350800656,-23.3677358902481],[-51.92681039027022,-23.36803667961526],[-51.92676221678467,-23.368314491347185],[-51.9267569723299,-23.368720419048092],[-51.92673611668625,-23.369071839501096],[-51.92679874410633,-23.369702370057848],[-51.9268111412886,-23.370159132117916],[-51.92685449147857,-23.370250880975625],[-51.9269066197912,-23.370301952751568],[-51.92692552055577,-23.37041415987192],[-51.92689522123461,-23.370524269471346],[-51.92701851500993,-23.370632935222986],[-51.92712431833346,-23.370710509090507],[-51.92726028438529,-23.370719262959025],[-51.92742925567515,-23.37070146507764],[-51.92749193452927,-23.370714304903686],[-51.92799320463517,-23.37080806992499],[-51.92907054245238,-23.37107795542792],[-51.93003311751276,-23.371330118896335],[-51.931162732728595,-23.371602474421532],[-51.93139233641143,-23.3716616757222],[-51.93167043873184,-23.37173338377006],[-51.93189190946123,-23.37179048941954],[-51.93208536531919,-23.37184037062247],[-51.932273828357054,-23.37188896444181],[-51.93246229054609,-23.371937558035203],[-51.93265169578175,-23.371986394160725],[-51.93270452085215,-23.37200001499434],[-51.93450069998653,-23.3724447366919],[-51.93552688785653,-23.372708522955644],[-51.93667361503018,-23.37299290656251],[-51.93734532520754,-23.373164379399658],[-51.93849576739498,-23.370668061747867]]]}},{"type":"Feature","properties":{"NOME":"Sub. Lt. 150-b (condomínio Cidade Campo)","ZONA":16,"COD_BAIRRO_GEO":246,"LT_NOMEFANT":"Lt. 150 B (Gleba Ribeirão Maringá) "},"geometry":{"type":"Polygon","coordinates":[[[-51.93476371590066,-23.37387224196425],[-51.93492884095174,-23.37393844289093],[-51.93508876006068,-23.374002555806918],[-51.93524365571601,-23.374064654604712],[-51.93539424219966,-23.374125025864924],[-51.935540521463395,-23.374183670491856],[-51.93568276233112,-23.37424069527622],[-51.93587732256477,-23.374318695781373],[-51.93606524338701,-23.37439403333846],[-51.936593994564575,-23.374638860551126],[-51.93664464917812,-23.374663650464452],[-51.936708879482644,-23.374521789324934],[-51.93682620552801,-23.374271645769365],[-51.93688848375355,-23.374138865466694],[-51.936950762837434,-23.374006085135143],[-51.93701304082295,-23.373873304786443],[-51.93708880838802,-23.3737117637088],[-51.937201427077184,-23.37347166387286],[-51.937266763278686,-23.373332370964185],[-51.93733209836971,-23.373193078036042],[-51.93602045759508,-23.372879763456815],[-51.93461779203223,-23.372522327304065],[-51.933356761432336,-23.372199495580848],[-51.931843104965985,-23.371818330139263],[-51.93039612284188,-23.371454586463233],[-51.92963755831006,-23.371279813126193],[-51.92887320556843,-23.371071058759814],[-51.927777832235364,-23.370795086364215],[-51.927572831238066,-23.37078005573475],[-51.92759025332099,-23.37080155656844],[-51.92768150187792,-23.370880860203812],[-51.92768012355569,-23.3709358745038],[-51.92771219874303,-23.37104605784195],[-51.92775454502186,-23.371085638744294],[-51.92781521918236,-23.371087627290933],[-51.92786092772927,-23.371132336578942],[-51.92786767426557,-23.37123096255644],[-51.92789599893119,-23.371253340746993],[-51.927966056017524,-23.37127009723352],[-51.928034490984906,-23.371440211160287],[-51.92823946230976,-23.3715156125772],[-51.92828869637893,-23.371566234065757],[-51.9283809672078,-23.371699194220646],[-51.92849440675284,-23.371813457564848],[-51.92862878425461,-23.37185903760413],[-51.928783837456315,-23.37194592277394],[-51.929170554457336,-23.3720606385091],[-51.930407494329735,-23.372235019138373],[-51.93121341414571,-23.37247522854624],[-51.934487311791756,-23.37376142729717],[-51.93476371590066,-23.37387224196425]]]}},{"type":"Feature","properties":{"NOME":"Sub. Lt. 152 (rem.) e 152-b a 152-b-5 (jardim Mediterrâneo)","ZONA":31,"COD_BAIRRO_GEO":null,"LT_NOMEFANT":"Lt. 152 (REM), 152-B, 152-B-1 , 152-B-2 , 152-B-3, 152-B-4, 152-B-5 (Gleba Ribeirão Maringá) "},"geometry":{"type":"Polygon","coordinates":[[[-51.928328848120216,-23.38002129567752],[-51.92806407595948,-23.38147416253925],[-51.927991003947916,-23.38180464148425],[-51.92766054465747,-23.383662423841404],[-51.927137801412115,-23.386502561843095],[-51.92700615788615,-23.387265571397375],[-51.92689870539279,-23.38781066414849],[-51.92687750001402,-23.38794202753186],[-51.9264309321521,-23.390446186913877],[-51.9273239470109,-23.39050778147711],[-51.92739210390728,-23.390071088420235],[-51.92746052343504,-23.38963478846999],[-51.92754452621558,-23.38905692131297],[-51.927635391865564,-23.38842357110984],[-51.927729243601526,-23.387772996795157],[-51.9278016765104,-23.387318510897767],[-51.92789762489443,-23.386671747317674],[-51.92797683349455,-23.386149351439393],[-51.92810465724782,-23.38532718671839],[-51.92813456133181,-23.38512396654676],[-51.92826007714955,-23.384276954243475],[-51.92838911660885,-23.383406145440443],[-51.92841656568438,-23.383251203268458],[-51.92850206839801,-23.38266536456962],[-51.92862752478311,-23.381805774860148],[-51.92863949609933,-23.38172514024524],[-51.92871301892162,-23.38122988951452],[-51.928907107228156,-23.379950034994437],[-51.929043510676685,-23.37902360116086],[-51.92921793228199,-23.37790032758612],[-51.92936239366152,-23.376935912969017],[-51.929485193058895,-23.376066672677002],[-51.92952620293877,-23.37577637716958],[-51.9296721182768,-23.37472400969809],[-51.929762913217566,-23.374083011407507],[-51.929725188062676,-23.373598803634575],[-51.92947943200846,-23.373402355039257],[-51.92939612472797,-23.374050778384227],[-51.92921675307229,-23.375057460005948],[-51.92904053040935,-23.376035349697673],[-51.92894988367493,-23.37658467709361],[-51.92873648576842,-23.377761712215374],[-51.928511271338564,-23.379026761790936],[-51.928328848120216,-23.38002129567752]]]}},{"type":"Feature","properties":{"NOME":"Sub. Lt. 16/a-2 (condomínio Country Village)","ZONA":55,"COD_BAIRRO_GEO":null,"LT_NOMEFANT":"Lt. 16/A-2 (Gleba Ribeirão Morangueiro) "},"geometry":{"type":"Polygon","coordinates":[[[-51.90770836009994,-23.373733340728098],[-51.9076466076048,-23.37377691287439],[-51.90613339668976,-23.374786871260326],[-51.904475145901436,-23.375862791094193],[-51.90415740788985,-23.376077557682763],[-51.904174805389204,-23.37608534316647],[-51.904288134429414,-23.37614058585052],[-51.90431482379052,-23.376157118613836],[-51.90437464352465,-23.376213973029927],[-51.904400743646214,-23.376305745027434],[-51.90445713897387,-23.376376155824627],[-51.90455484061865,-23.376405275303078],[-51.904652209934675,-23.37643429457707],[-51.904702160044835,-23.376470330631328],[-51.904690962083336,-23.37652889449771],[-51.90471615223,-23.376551858684408],[-51.90473836450719,-23.376556298712558],[-51.905719316485715,-23.375902367158044],[-51.90718515572524,-23.374924576469525],[-51.90812704540561,-23.374306815050343],[-51.90794355825821,-23.37404016199222],[-51.90773995879859,-23.373771675341153],[-51.90772459007854,-23.373753029857994],[-51.90770836009994,-23.373733340728098]]]}},{"type":"Feature","properties":{"NOME":"Sub. Lt. 172/173/203-a (condomínio Campo Dourado)","ZONA":33,"COD_BAIRRO_GEO":8403,"LT_NOMEFANT":"Lt. 172/173/203-A (Gleba Patrimônio Iguatemi)"},"geometry":{"type":"Polygon","coordinates":[[[-52.06478297620181,-23.361344870300808],[-52.06445253409063,-23.361025614096427],[-52.064140131389806,-23.36101662402413],[-52.06364568084398,-23.361234262408594],[-52.0633504826272,-23.361349062377005],[-52.06306435786194,-23.36143321253019],[-52.062886015499686,-23.361488042178323],[-52.06277638208269,-23.36187113221739],[-52.062688709099874,-23.362172831477263],[-52.06261461219441,-23.36242425422463],[-52.062542862350995,-23.36267781150994],[-52.06245831717557,-23.36298235705055],[-52.06231415934305,-23.3634924998136],[-52.06303173670481,-23.36367347990387],[-52.063116869905606,-23.36353966029178],[-52.06409478168078,-23.361615420608317],[-52.06412514220068,-23.361587460741454],[-52.06415923824899,-23.36156420187619],[-52.06419634820914,-23.36154613626848],[-52.064235686677414,-23.36153364626298],[-52.06427642108547,-23.36152699620103],[-52.064317689320966,-23.361526326826063],[-52.06435861797351,-23.361531652304883],[-52.06439834081972,-23.36154285992784],[-52.06447268770668,-23.36161524030104],[-52.06478297620181,-23.361344870300808]]]}},{"type":"Feature","properties":{"NOME":"Sub. Lt. 172/173/203-a(condomínio Campo Dourado)","ZONA":33,"COD_BAIRRO_GEO":null,"LT_NOMEFANT":"Lt. 172/173/203-A (Gleba Patrimônio Iguatemi)"},"geometry":{"type":"Polygon","coordinates":[[[-52.06368111782362,-23.362820487593915],[-52.06404756152698,-23.3629793494521],[-52.064415266326115,-23.36224531087081],[-52.06404125339196,-23.362084876431663],[-52.063671084298036,-23.36279570256106],[-52.06368111782362,-23.362820487593915]]]}},{"type":"Feature","properties":{"NOME":"Sub. Lt. 174 (condomínio Solo Rico )","ZONA":33,"COD_BAIRRO_GEO":67,"LT_NOMEFANT":"Lt. 174 (Gleba Patrimônio Iguatemi)  "},"geometry":{"type":"Polygon","coordinates":[[[-52.06727372890986,-23.36639666386767],[-52.067327847642936,-23.366280480775504],[-52.067374234356386,-23.36618089513017],[-52.06742062099592,-23.36608130856927],[-52.06746253767675,-23.36599114300486],[-52.06642828885133,-23.365545290388468],[-52.06638962296495,-23.365529066095473],[-52.0662827484908,-23.365484220142665],[-52.06626583818975,-23.365477124272825],[-52.066175898167316,-23.365439326983758],[-52.06606905174697,-23.365394423787674],[-52.065962205403295,-23.36534952141889],[-52.065855359129095,-23.365304618974235],[-52.065748513895436,-23.36525971554391],[-52.06564166775296,-23.36521481204438],[-52.06553482168718,-23.365169909372124],[-52.06542797666915,-23.365125006617344],[-52.06532179038133,-23.365080380195895],[-52.06521397582448,-23.365035824395743],[-52.065212548635,-23.365035234390167],[-52.0651071242892,-23.364990936813285],[-52.065000274715004,-23.364946041013305],[-52.064893426188526,-23.36490114513081],[-52.064786576753264,-23.364856249179102],[-52.064679728365725,-23.36481135314486],[-52.06463682117151,-23.36479332377706],[-52.063493239622645,-23.36429118076141],[-52.06310236344451,-23.364126556946157],[-52.062997211610785,-23.36449064137611],[-52.06283193700178,-23.365109370144328],[-52.062651782777834,-23.365727138537917],[-52.06358889855553,-23.365957816690106],[-52.06455518487161,-23.36618672812789],[-52.065149455855796,-23.36632993337246],[-52.06607727082992,-23.366555830275907],[-52.06679767413744,-23.366720165177078],[-52.067091198000476,-23.36678971735671],[-52.06710929731223,-23.366752571971503],[-52.06713032984465,-23.366707014998216],[-52.06726068871433,-23.366424651593668],[-52.06727372890986,-23.36639666386767]]]}},{"type":"Feature","properties":{"NOME":"Sub. Lt. 19-a (condomínio Itelvino Fenato)","ZONA":55,"COD_BAIRRO_GEO":5006,"LT_NOMEFANT":"Lt. 19 A (Gleba Ribeirão Morangueiro) "},"geometry":{"type":"Polygon","coordinates":[[[-51.901943672934344,-23.366405429677236],[-51.90158317883279,-23.36594643684406],[-51.90150229261282,-23.36601339564589],[-51.8994824596704,-23.367668494329234],[-51.89832331844081,-23.36861749116827],[-51.89743045674962,-23.369347374451582],[-51.896643715764476,-23.36999426141628],[-51.89556439373769,-23.37086459148915],[-51.89448930256285,-23.37175018450959],[-51.89397335477043,-23.372138107679152],[-51.89407172203339,-23.372171262959736],[-51.894204374157006,-23.372187711235217],[-51.894353708463136,-23.372221271387232],[-51.89446767141772,-23.37223017866614],[-51.894625187052554,-23.372248396547597],[-51.89476628995273,-23.372289649181976],[-51.89501536056942,-23.372372345445026],[-51.89532623804076,-23.37240689157594],[-51.89552504291539,-23.372405753648014],[-51.89560504400163,-23.372432055535466],[-51.896456430598526,-23.371708335982785],[-51.89815981549354,-23.37030585608367],[-51.89977417359193,-23.36901135143516],[-51.90152488198735,-23.367596077822345],[-51.902347571177,-23.36691493254608],[-51.901943672934344,-23.366405429677236]]]}},{"type":"Feature","properties":{"NOME":"Sub. Lt. 203","ZONA":47,"COD_BAIRRO_GEO":null,"LT_NOMEFANT":"(Gleba Ribeirão Pinguim)"},"geometry":{"type":"Polygon","coordinates":[[[-51.997238621921596,-23.472284898456223],[-51.99661986746713,-23.471287012644265],[-51.99660088110306,-23.47126091644926],[-51.99657775885315,-23.471238403009426],[-51.996551165454335,-23.47122011955915],[-51.99652186543494,-23.471206591725696],[-51.996490701135386,-23.47119820841805],[-51.99645856849188,-23.471195210646243],[-51.99642639127939,-23.471197684592624],[-51.996395094554174,-23.471205559134205],[-51.99636557805954,-23.47121860788736],[-51.9963386903593,-23.471236455716085],[-51.99631520444259,-23.471258589516715],[-51.99629579550133,-23.471284372969034],[-51.99628102151931,-23.47131306482972],[-51.995665323673116,-23.472636119908184],[-51.99384967979308,-23.476490363030887],[-51.992844521886845,-23.478571038873927],[-51.99226280249691,-23.479769600297946],[-51.99283973563699,-23.480479016686456],[-51.997238621921596,-23.472284898456223]]]}},{"type":"Feature","properties":{"NOME":"Sub. Lt. 205","ZONA":33,"COD_BAIRRO_GEO":null,"LT_NOMEFANT":"(Gleba Patrimônio Iguatemi)"},"geometry":{"type":"Polygon","coordinates":[[[-52.05748725859852,-23.374298587998528],[-52.05712543406291,-23.373765174865614],[-52.0566795339039,-23.37311112164426],[-52.05649644140948,-23.37285800750167],[-52.055242389404164,-23.373434752280936],[-52.055265476641246,-23.37357136662784],[-52.05534399081412,-23.374006361728465],[-52.05542399953196,-23.37446643835598],[-52.055495268738746,-23.374885352009223],[-52.05553684074098,-23.375117025750132],[-52.05748725859852,-23.374298587998528]]]}},{"type":"Feature","properties":{"NOME":"Sub. Lt. 206/207 (\"arlindo Teixeira\")","ZONA":33,"COD_BAIRRO_GEO":58,"LT_NOMEFANT":"LOT. ARLINDO TEIXERA (Gleba Patrimônio Iguatemi) "},"geometry":{"type":"Polygon","coordinates":[[[-52.06046278284454,-23.373049926918547],[-52.05947950062231,-23.372581518832085],[-52.058355371657086,-23.372003047313566],[-52.056545101785986,-23.372835627322793],[-52.05686860006427,-23.373319182612114],[-52.05734004221648,-23.374010924546084],[-52.057522398852115,-23.374283841496744],[-52.06046278284454,-23.373049926918547]]]}},{"type":"Feature","properties":{"NOME":"Sub. Lt. 244-b e 244-c","ZONA":20,"COD_BAIRRO_GEO":null,"LT_NOMEFANT":"Sub. Lt. para abertura de ruas (Gleba Patrimônio Maringá)"},"geometry":{"type":"Polygon","coordinates":[[[-51.94705293214758,-23.44781387625302],[-51.95077734804182,-23.448242412727772],[-51.95275426829204,-23.4484774880775],[-51.954418993511595,-23.448677174409102],[-51.954707910462275,-23.447330750435288],[-51.946158217765195,-23.446341535044105],[-51.9445149705986,-23.44615467355151],[-51.943762535781644,-23.446069111587118],[-51.94232553551828,-23.44590569217136],[-51.94049868011749,-23.445693359418044],[-51.94045527347909,-23.44575759263927],[-51.939658672512664,-23.44565227711698],[-51.93961210623491,-23.44572755462234],[-51.93954938872114,-23.445834163254847],[-51.93949907087869,-23.44593129209182],[-51.93942874669832,-23.44602860998945],[-51.939282460489956,-23.446232687461805],[-51.939192731048,-23.4463634685635],[-51.93910026767098,-23.44647395377927],[-51.93902802532051,-23.44651381902371],[-51.93898026197505,-23.446535614555287],[-51.938887578739,-23.446615033259803],[-51.93886740813382,-23.446692821636265],[-51.93887302662725,-23.446754921454296],[-51.938886196121906,-23.4467859090329],[-51.939210202920606,-23.44681980596597],[-51.9397182543247,-23.446874101308854],[-51.93975653496467,-23.446878788768508],[-51.939735962350404,-23.446956972559594],[-51.941089171553166,-23.447119696164968],[-51.94412144027283,-23.44747442128641],[-51.94705293214758,-23.44781387625302]]]}},{"type":"Feature","properties":{"NOME":"Sub. Lt. 245 (cidade Monções - Setor 08 )","ZONA":20,"COD_BAIRRO_GEO":283,"LT_NOMEFANT":"Lt. 245 (Gleba Patrimônio Maringá)"},"geometry":{"type":"Polygon","coordinates":[[[-51.94512842232169,-23.442824674387307],[-51.9427005949636,-23.442532727524807],[-51.94191216694362,-23.442458425998915],[-51.94190236866721,-23.442539855309782],[-51.94189749126745,-23.44258039190125],[-51.94115444512941,-23.44249272966934],[-51.94113919133064,-23.44253884110355],[-51.94113777542255,-23.442629170644196],[-51.94113153061854,-23.44273554592485],[-51.941111199088596,-23.44289884876298],[-51.94108597343064,-23.44298607031048],[-51.94105760958292,-23.443072498789768],[-51.94102051320948,-23.443156088739826],[-51.940970247419045,-23.443260971772844],[-51.94090392187746,-23.443404632479123],[-51.94081804485883,-23.443566915079735],[-51.940785168269734,-23.44365201499597],[-51.94075935430246,-23.443739149717096],[-51.940738736697156,-23.443827427285314],[-51.94071841337115,-23.443915793397785],[-51.940688871880646,-23.444001866722555],[-51.94065000856535,-23.44408483499069],[-51.94062236711766,-23.444137726466252],[-51.940565014378166,-23.44424747342096],[-51.94051013688115,-23.44432231895516],[-51.94045909232764,-23.444399309077856],[-51.94034372953962,-23.444545240363382],[-51.94024992460551,-23.44465134561343],[-51.940220101343755,-23.44468507953461],[-51.94015272446368,-23.444750516545778],[-51.940092141485486,-23.444821512506884],[-51.94003401781922,-23.44489421063453],[-51.93997323765686,-23.44496502709728],[-51.939870066774546,-23.445118471581154],[-51.939834245515605,-23.445202595509194],[-51.939815417997124,-23.44528110751371],[-51.93979750285784,-23.445419406520305],[-51.93977404112006,-23.445507068846208],[-51.93974557803751,-23.445593496790625],[-51.93973999183229,-23.44560299155242],[-51.94049868011749,-23.445693359418044],[-51.941536117369274,-23.44581591245571],[-51.943762535781644,-23.446069111587118],[-51.9445149705986,-23.44615467355151],[-51.946099471829655,-23.446334855203638],[-51.94625804717928,-23.44548211102454],[-51.94711863363297,-23.44557630412363],[-51.94849480852411,-23.44574862950253],[-51.949576730609046,-23.445866199743406],[-51.95081937964045,-23.446012103196573],[-51.952063782547214,-23.446149418148657],[-51.95307903050041,-23.44627036479887],[-51.953809328082016,-23.446356972531348],[-51.95378349635119,-23.446479766093958],[-51.954208651992445,-23.44653213085339],[-51.95419861842344,-23.44657759733401],[-51.95482198264224,-23.446655243030502],[-51.95485622606615,-23.446484589296045],[-51.9553677343829,-23.443982450677286],[-51.95344361851862,-23.443764478062896],[-51.953228384131705,-23.444919206128347],[-51.953137170279305,-23.445418741156793],[-51.95263490101815,-23.445375924945516],[-51.95149168906326,-23.445239514841425],[-51.95150461013025,-23.44517802515398],[-51.95181891317202,-23.44358040483414],[-51.94995751679874,-23.443369493994474],[-51.949619042225066,-23.445021326116596],[-51.94788110226802,-23.44484190686358],[-51.948197227751955,-23.443170019754405],[-51.94625787508934,-23.442950227763966],[-51.94512842232169,-23.442824674387307]]]}},{"type":"Feature","properties":{"NOME":"Sub. Lt. 245-a (jardim Bela Vista)","ZONA":20,"COD_BAIRRO_GEO":282,"LT_NOMEFANT":"Lt. 245A (Gleba Patrimônio Maringá)"},"geometry":{"type":"Polygon","coordinates":[[[-51.94984403863489,-23.44595165765549],[-51.94810865966742,-23.445757260440505],[-51.94704441271571,-23.445636465662936],[-51.94647758409841,-23.445580323291058],[-51.94630733555206,-23.445563460433398],[-51.946158217765195,-23.446341535044105],[-51.95469061414123,-23.44731436730199],[-51.954811981995555,-23.446718200851997],[-51.954629394176955,-23.446697742071958],[-51.954144384106755,-23.44663717029823],[-51.954105772985415,-23.44663312967827],[-51.95411568644951,-23.44657093563581],[-51.9538091786013,-23.446534127625615],[-51.95374605457004,-23.446527054734652],[-51.95376847161621,-23.44641650786154],[-51.95250264542353,-23.446256635260816],[-51.95126671753463,-23.446122700767376],[-51.94984403863489,-23.44595165765549]]]}},{"type":"Feature","properties":{"NOME":"Sub. Lt. 26 (casas da Usina Santa Terezinha)","ZONA":33,"COD_BAIRRO_GEO":65,"LT_NOMEFANT":"Lt. 26 (Gleba Patrimônio Iguatemi) "},"geometry":{"type":"Polygon","coordinates":[[[-52.06809844379974,-23.36494858760361],[-52.06997594043667,-23.366636796137822],[-52.07026961893372,-23.366479957503735],[-52.070523475651875,-23.36633637872973],[-52.07149889892636,-23.365920319352494],[-52.070730745402756,-23.363444348548924],[-52.070335711724304,-23.363628032298145],[-52.07014288069467,-23.363717695322023],[-52.06922570303222,-23.364162345060407],[-52.06857426658467,-23.364475087914887],[-52.06827791341365,-23.364646922880027],[-52.06809844379974,-23.36494858760361]]]}},{"type":"Feature","properties":{"NOME":"Sub. Lt. 29 (jardim Monte Belo)","ZONA":14,"COD_BAIRRO_GEO":238,"LT_NOMEFANT":"Lt. 29 (Gleba Patrimônio Maringá)"},"geometry":{"type":"Polygon","coordinates":[[[-51.95208755600103,-23.41188858239715],[-51.95132011945106,-23.413933738569686],[-51.95139060059791,-23.4139345422446],[-51.952432433164475,-23.413985508264563],[-51.95499470765613,-23.414112837123756],[-51.95508491242237,-23.413637494877467],[-51.95523034927971,-23.412919483406917],[-51.95436283339927,-23.41277497054646],[-51.9527275707155,-23.412133823584718],[-51.95208755600103,-23.41188858239715]]]}},{"type":"Feature","properties":{"NOME":"Sub. Lt. 31/32","ZONA":21,"COD_BAIRRO_GEO":null,"LT_NOMEFANT":"Gleba Patrimônio Maringá"},"geometry":{"type":"Polygon","coordinates":[[[-51.95937003072639,-23.39829012187077],[-51.95893708459493,-23.39829106163178],[-51.95798158950748,-23.398296966830994],[-51.95693558997876,-23.398306196784308],[-51.95655314032686,-23.398307779990297],[-51.95667012010195,-23.40030055521785],[-51.95937469187892,-23.40029162554551],[-51.95937003072639,-23.39829012187077]]]}},{"type":"Feature","properties":{"NOME":"Sub. Lt. 34 (cidade Universitária)","ZONA":21,"COD_BAIRRO_GEO":293,"LT_NOMEFANT":"Lt. 34 (Gleba Patrimônio Maringá)"},"geometry":{"type":"Polygon","coordinates":[[[-51.95681107835186,-23.402667045782827],[-51.95685687437391,-23.40351670290531],[-51.95687964251364,-23.40420755014062],[-51.95811162071813,-23.4041657537727],[-51.958131948075646,-23.40348229287264],[-51.95923229594678,-23.403452588572616],[-51.95920154621937,-23.40413160189991],[-51.962406862189866,-23.404031122609755],[-51.96242665741112,-23.403366313598095],[-51.9624899413773,-23.4012409824795],[-51.96213611890494,-23.40130283711514],[-51.96168462709192,-23.401381764738293],[-51.96140903205881,-23.401428199968386],[-51.96034695974796,-23.401619496949298],[-51.959286611402646,-23.401807668255344],[-51.957230047602884,-23.402174237627296],[-51.95723557850052,-23.402202105765756],[-51.95724024837149,-23.402265653328882],[-51.95723530609065,-23.402322097297688],[-51.957212100448096,-23.40240420679214],[-51.95718653920541,-23.402455686545604],[-51.95714409450428,-23.402514606486495],[-51.95706748179639,-23.40258380195871],[-51.95700274066998,-23.402621692542386],[-51.95693915973992,-23.402646456846377],[-51.95687972559068,-23.402660520676214],[-51.95681107835186,-23.402667045782827]]]}},{"type":"Feature","properties":{"NOME":"Sub. Lt. 34 e 35 (\"baianinho\")","ZONA":33,"COD_BAIRRO_GEO":59,"LT_NOMEFANT":"BAIANINHO - ABERTURA DE RUAS (Gleba Patrimônio Iguatemi) "},"geometry":{"type":"Polygon","coordinates":[[[-52.068956379372054,-23.372184191143],[-52.06826613850343,-23.372020725250945],[-52.068330543402865,-23.371800685617025],[-52.06812750591936,-23.37175116174762],[-52.0678019724266,-23.371676404907998],[-52.06780636241432,-23.37166138644091],[-52.067888896715424,-23.37137901031726],[-52.067847587392976,-23.371370364229865],[-52.06764478210225,-23.371323343581],[-52.06745316060119,-23.37200972471529],[-52.06726267291221,-23.372638391019084],[-52.067258473966646,-23.372653208562678],[-52.06724374098268,-23.372705194855328],[-52.06782060586299,-23.372847006523095],[-52.06872400172443,-23.37306110258481],[-52.06873339684232,-23.373028487303156],[-52.068956379372054,-23.372184191143]]]}},{"type":"Feature","properties":{"NOME":"Sub. Lt. 34-b/b-4 (cidade Hannover)","ZONA":47,"COD_BAIRRO_GEO":314,"LT_NOMEFANT":"Lt. 34-B/B-4 (Gleba Ribeirão Pinguim) "},"geometry":{"type":"Polygon","coordinates":[[[-51.97343040512739,-23.456864168791377],[-51.973588613006996,-23.457396650870248],[-51.97362334405363,-23.457384284234433],[-51.975565529445106,-23.45673247862099],[-51.97621327388266,-23.45652487832825],[-51.9788475171706,-23.455670814371572],[-51.97978382158218,-23.45535968554615],[-51.9815895903902,-23.454764175573143],[-51.983615697086485,-23.454078398307264],[-51.983764716686544,-23.45402453116724],[-51.98325634851071,-23.452986661941765],[-51.983391071186205,-23.452929916456554],[-51.98364493020071,-23.452838420616942],[-51.983303633967054,-23.451937942399468],[-51.98196498347528,-23.452288403568833],[-51.978145279434095,-23.453286209856763],[-51.97656411691182,-23.453805955128242],[-51.97664537003084,-23.453956479113064],[-51.97489395160001,-23.454531295825877],[-51.97308213896743,-23.45516094842537],[-51.97293192797324,-23.455211755591037],[-51.9730569221405,-23.45561937184101],[-51.97310598329317,-23.455785727516545],[-51.97326093542609,-23.456251727564904],[-51.973407492800455,-23.456787052711636],[-51.97343040512739,-23.456864168791377]]]}},{"type":"Feature","properties":{"NOME":"Sub. Lt. 36 e 37 (\"lazinho\")","ZONA":33,"COD_BAIRRO_GEO":63,"LT_NOMEFANT":"LAZINHO (Gleba Patrimônio Iguatemi) "},"geometry":{"type":"Polygon","coordinates":[[[-52.06663179483021,-23.373618069327698],[-52.0666057225409,-23.373709613294324],[-52.066600197092036,-23.373728991060222],[-52.06721332096031,-23.373870327284255],[-52.067099530427555,-23.37428972574225],[-52.06729013187826,-23.374342011842675],[-52.06727774836659,-23.374387462850365],[-52.0674505867021,-23.374427690380397],[-52.06746214513137,-23.374390272576267],[-52.067594546934,-23.373961656226626],[-52.06761270447206,-23.37396674914702],[-52.06816846648693,-23.37410855343259],[-52.06836699947475,-23.374159208884944],[-52.06866873939768,-23.37321505011954],[-52.0687027097322,-23.37310875512559],[-52.068515151743796,-23.373058471261327],[-52.06772008698467,-23.372873577280146],[-52.06688904465522,-23.372679895334283],[-52.06678247905824,-23.373088996709047],[-52.06663179483021,-23.373618069327698]]]}},{"type":"Feature","properties":{"NOME":"Sub. Lt. 37-b (indaiá 2)","ZONA":43,"COD_BAIRRO_GEO":173,"LT_NOMEFANT":"Gleba Patrimônio Maringá"},"geometry":{"type":"Polygon","coordinates":[[[-51.96619174118635,-23.409558206162174],[-51.966018538211316,-23.4095489904682],[-51.96553265853427,-23.40949805499622],[-51.96520110877794,-23.409483375136837],[-51.96516024128987,-23.409514640186263],[-51.96511929326643,-23.40955706939118],[-51.96501122196569,-23.409651415074787],[-51.964868173239736,-23.40977847687387],[-51.96479512936689,-23.409846796893483],[-51.96467859239034,-23.40991634101643],[-51.96465491321172,-23.410039167443884],[-51.9646840306395,-23.4100950598133],[-51.96468766439776,-23.410167686124367],[-51.96465733433512,-23.410270154629277],[-51.96461623859477,-23.41031629139237],[-51.9645803484688,-23.41036621929309],[-51.96450036618984,-23.410477597366473],[-51.9644327431298,-23.410579340445842],[-51.96440114088651,-23.41064931566875],[-51.96436514074254,-23.410683950156532],[-51.96429286831631,-23.41071594172186],[-51.96424990833256,-23.410790766798478],[-51.96423676543473,-23.410978203350975],[-51.964233083394255,-23.411064339866257],[-51.96423353519457,-23.411079418868542],[-51.964234157600906,-23.411100214133377],[-51.96556276104213,-23.411131439404485],[-51.96631247906879,-23.411142337670306],[-51.96710438804606,-23.411143013301356],[-51.96782773339191,-23.411158058811154],[-51.968466895133965,-23.411178530852528],[-51.96906668722777,-23.41118644419837],[-51.968649591933605,-23.409982579672587],[-51.96851993343124,-23.40962335179555],[-51.96838287840152,-23.409621539544098],[-51.967637052537384,-23.4096086344047],[-51.96725873562011,-23.409601738864204],[-51.966937656065475,-23.409582178362307],[-51.966502568474866,-23.409572832358123],[-51.96619174118635,-23.409558206162174]]]}},{"type":"Feature","properties":{"NOME":"Sub. Lt. 37a5/37c5/37d5-1 (casas da Ferrovia)","ZONA":44,"COD_BAIRRO_GEO":null,"LT_NOMEFANT":"Lt. 37A5/37C5/37D5-1 (Gleba Ribeirão Pinguim) "},"geometry":{"type":"Polygon","coordinates":[[[-51.96662370604493,-23.44879255867637],[-51.96543371560848,-23.448668609454987],[-51.9651626775235,-23.45071311607742],[-51.966358782634444,-23.45083833230419],[-51.96662370604493,-23.44879255867637]]]}},{"type":"Feature","properties":{"NOME":"Sub. Lt. 38 e 39 (\"odgair\")","ZONA":33,"COD_BAIRRO_GEO":64,"LT_NOMEFANT":"ODGAIR (Gleba Patrimônio Iguatemi) "},"geometry":{"type":"Polygon","coordinates":[[[-52.066581016839976,-23.373758335646517],[-52.06651379732899,-23.373995374759147],[-52.06640530544338,-23.374391053098716],[-52.06635637164665,-23.37456341712092],[-52.0662773828013,-23.37483880017204],[-52.066635245294776,-23.374925146049478],[-52.06710887197866,-23.375037811638702],[-52.06754465057656,-23.37514416335006],[-52.067821066575334,-23.375211496428413],[-52.06806538430824,-23.375271337626778],[-52.068081807580036,-23.375214064179733],[-52.06835863475605,-23.374189177976305],[-52.068089770826205,-23.37412513693699],[-52.067620383746025,-23.37401548364178],[-52.06760971308581,-23.374012991400534],[-52.06752576660964,-23.374294593017055],[-52.067472786806356,-23.374471367254298],[-52.06723938297712,-23.37441412044943],[-52.067251486418776,-23.374373890911503],[-52.06704299052505,-23.374327997707642],[-52.067168974905556,-23.373900048656264],[-52.06660572366493,-23.373764290836412],[-52.066581016839976,-23.373758335646517]]]}},{"type":"Feature","properties":{"NOME":"Sub. Lt. 40","ZONA":43,"COD_BAIRRO_GEO":null,"LT_NOMEFANT":"Gleba Patrimônio Maringá"},"geometry":{"type":"Polygon","coordinates":[[[-51.96733275983213,-23.405541179889177],[-51.967722017629406,-23.40523625695808],[-51.96796076373114,-23.405059849210698],[-51.96823114257791,-23.404853850172522],[-51.96875949059276,-23.404444797170882],[-51.96914341328099,-23.40415062861141],[-51.9695105226957,-23.4038645532411],[-51.970247962490944,-23.403295515051823],[-51.9708935117867,-23.40278539262156],[-51.97081740928916,-23.40273327603992],[-51.97068974852027,-23.402625335281474],[-51.97054953346042,-23.402571242227758],[-51.97030902778072,-23.402434130060975],[-51.97019990975723,-23.402383428444967],[-51.96983242407845,-23.402231570364314],[-51.969595281534076,-23.402022743937415],[-51.969447526858715,-23.401999763430034],[-51.969195919516686,-23.401937995439603],[-51.96899602659619,-23.40186634773958],[-51.968752986610845,-23.40173641847845],[-51.96860496288236,-23.401676397297457],[-51.968444037312565,-23.40162243065243],[-51.96817784443815,-23.401512956217182],[-51.96808298536492,-23.401464553731145],[-51.96804474774598,-23.401369201178976],[-51.96794531864388,-23.40122643245255],[-51.967890209274366,-23.40115453051452],[-51.967893871114036,-23.401181168784962],[-51.96794498079249,-23.401292488989007],[-51.968003802820846,-23.401401232416873],[-51.968006632729924,-23.40146742016692],[-51.96800255099162,-23.401484787076186],[-51.96798129865844,-23.401521947598233],[-51.96795841383335,-23.40155773993023],[-51.96793288172298,-23.40159351342938],[-51.96792086054607,-23.401623132775462],[-51.96790884704811,-23.401652732202468],[-51.967902631763174,-23.401685287150265],[-51.96789463842214,-23.40175527309062],[-51.96788801775308,-23.40182521620715],[-51.967872990468564,-23.401903053955845],[-51.96783610180887,-23.401987735226154],[-51.96778910787703,-23.40207590584327],[-51.96775279958889,-23.402129510375506],[-51.967713837318485,-23.402181505555774],[-51.96768537619361,-23.40220666456798],[-51.96761493260936,-23.40226683902418],[-51.96760378212134,-23.40228108845472],[-51.96754866551706,-23.402318641934865],[-51.96750345463966,-23.40237036504612],[-51.967463053017354,-23.40242012008514],[-51.967406943442114,-23.402491129135456],[-51.96737046936527,-23.402548889374557],[-51.96733047964334,-23.402575884557564],[-51.967304150193485,-23.402593557151107],[-51.967246563977454,-23.40266163714481],[-51.967205920937126,-23.40272088725285],[-51.96715929909296,-23.402806888587637],[-51.96715082078421,-23.40293302914298],[-51.96714246898552,-23.402995763587377],[-51.96713108097126,-23.40305815553677],[-51.96710640307231,-23.40313749084812],[-51.96708152337474,-23.40319551797641],[-51.967036603327855,-23.403295019859893],[-51.967016099380174,-23.403355390826885],[-51.96699127917358,-23.403414343363263],[-51.966981910230984,-23.40343325764504],[-51.966986053018964,-23.40349028325501],[-51.96695381717916,-23.403686442198826],[-51.96692158125535,-23.40388260113428],[-51.966868805144685,-23.404102784267174],[-51.96684116703174,-23.404251572999183],[-51.96680626260847,-23.40440427873968],[-51.96727610523291,-23.405575616809205],[-51.96733275983213,-23.405541179889177]]]}},{"type":"Feature","properties":{"NOME":"Sub. Lt. 436-b","ZONA":27,"COD_BAIRRO_GEO":null,"LT_NOMEFANT":"Gleba Patrimônio Maringá"},"geometry":{"type":"Polygon","coordinates":[[[-51.92407451315879,-23.43796250239196],[-51.924100182377735,-23.437926733112846],[-51.92429729147539,-23.43803946226336],[-51.92461022494344,-23.438233273969193],[-51.924885308979086,-23.438403643283593],[-51.925040209199466,-23.438205491632527],[-51.924307032395255,-23.437723486686064],[-51.9233025915548,-23.437067571180684],[-51.92275063072855,-23.436679612217755],[-51.92265416685017,-23.436765261522122],[-51.922592753896176,-23.436872685140997],[-51.92245474354617,-23.436956964010175],[-51.92309125127357,-23.437327680296566],[-51.9230427376958,-23.437363723590572],[-51.92407451315879,-23.43796250239196]]]}},{"type":"Feature","properties":{"NOME":"Sub. Lt. 436/436a","ZONA":27,"COD_BAIRRO_GEO":null,"LT_NOMEFANT":"Gleba Patrimônio Maringá"},"geometry":{"type":"Polygon","coordinates":[[[-51.924241020429136,-23.43762917649782],[-51.92473108736764,-23.43795602569416],[-51.92506639325719,-23.43817199615105],[-51.925538967339186,-23.437567464280672],[-51.92484929130197,-23.437099877489047],[-51.92472369896661,-23.43701401597262],[-51.9242154685934,-23.436675473672608],[-51.92395061524369,-23.436498331597246],[-51.923820317413266,-23.436414270176158],[-51.923493685337725,-23.436197370303184],[-51.923359489011,-23.436111443823997],[-51.92335231097777,-23.436119479723022],[-51.92325624030418,-23.436214131198795],[-51.92302613632762,-23.436391095642428],[-51.92292898292564,-23.43647916980008],[-51.92283242031308,-23.436569594182654],[-51.92278720891045,-23.43661624508982],[-51.92276397243926,-23.43663937736656],[-51.92340506795429,-23.437078077283513],[-51.923652888593374,-23.437233851651634],[-51.924241020429136,-23.43762917649782]]]}},{"type":"Feature","properties":{"NOME":"Sub. Lt. 51-b/52 (jardim Santa Cruz)","ZONA":43,"COD_BAIRRO_GEO":174,"LT_NOMEFANT":"Lt. 51 B / 52 (Gleba Patrimônio Maringá)"},"geometry":{"type":"Polygon","coordinates":[[[-51.973471425495056,-23.394658066898494],[-51.97320008573193,-23.394363637316346],[-51.97256447315545,-23.393806958119157],[-51.97254170396638,-23.39382380463894],[-51.97248750028118,-23.39387488868766],[-51.97244373088592,-23.393933884959896],[-51.97241172428383,-23.39399899955438],[-51.97239245537102,-23.394068255609845],[-51.97238650864007,-23.394139546822263],[-51.97239406402039,-23.394210708885844],[-51.97241489241781,-23.394279579132466],[-51.972448361098444,-23.39434406423934],[-51.972493453737655,-23.394402206039477],[-51.971409328371,-23.395229135343875],[-51.968716949322875,-23.397304983885412],[-51.96711149995011,-23.398537166788167],[-51.96662140194854,-23.3989146776199],[-51.96668378840913,-23.399029440261078],[-51.96670871834571,-23.39905375042613],[-51.966780248934484,-23.39912350278767],[-51.96680288521968,-23.399154704166726],[-51.96683138827077,-23.399199126571776],[-51.96686641756549,-23.39925203851702],[-51.9668820693898,-23.39928090854924],[-51.96690004223024,-23.39931406169549],[-51.96692698340763,-23.399358603934235],[-51.96697506762157,-23.399454016932946],[-51.966994004256435,-23.39949159344645],[-51.967021063339466,-23.399528107204546],[-51.96706496273797,-23.39958734630147],[-51.967107002462704,-23.399649227039575],[-51.9671336016814,-23.399675907662726],[-51.967140339415344,-23.399681176846304],[-51.96716427613065,-23.399706678088776],[-51.96719197961182,-23.399721556846814],[-51.96722263234888,-23.399738019643333],[-51.9672866780521,-23.399789957089457],[-51.96759927155742,-23.399547948953174],[-51.968036489731446,-23.399209863481786],[-51.96857722495524,-23.398793656223436],[-51.968912392336335,-23.398534925443414],[-51.96897114192962,-23.398559693964607],[-51.96954098906687,-23.39878518263612],[-51.97014704753495,-23.3990216424054],[-51.970093932785645,-23.399137708462845],[-51.97036893329768,-23.399245001624436],[-51.97049186802235,-23.399240333767658],[-51.97068076792673,-23.39945732828409],[-51.97068160278428,-23.399458284114154],[-51.9708338016951,-23.399340771495442],[-51.97112041832361,-23.399113474881453],[-51.97146502636594,-23.398858588278454],[-51.97169517244934,-23.398674189113446],[-51.97129129841356,-23.398521705940986],[-51.9705663418465,-23.398229987223804],[-51.96995149124233,-23.39800177565325],[-51.969406368666576,-23.39779388583055],[-51.973471425495056,-23.394658066898494]]]}},{"type":"Feature","properties":{"NOME":"Sub. Lt. 560 (km 120)","ZONA":18,"COD_BAIRRO_GEO":null,"LT_NOMEFANT":"Lt. 560 (Gleba Patrimônio Maringá)"},"geometry":{"type":"Polygon","coordinates":[[[-51.890716152404266,-23.43488248218823],[-51.89120105461199,-23.43466745919095],[-51.891032588972536,-23.434221386667343],[-51.89057259684227,-23.434364757313485],[-51.890486076005594,-23.434130096669314],[-51.89094472052321,-23.433988040941127],[-51.89067145995824,-23.433243044693395],[-51.89058342007995,-23.43301064896549],[-51.89012730687983,-23.43315329159113],[-51.89006604545938,-23.43297775321242],[-51.89051922014896,-23.4328411809163],[-51.890380818258514,-23.432475842829678],[-51.89002821472536,-23.4315195159676],[-51.88977534252766,-23.430846952616033],[-51.88970079294232,-23.430643020224796],[-51.88968587858979,-23.43065241018272],[-51.88928985489207,-23.430894188512042],[-51.888986959826546,-23.43109779214079],[-51.88872425765531,-23.431310710758698],[-51.88867787385703,-23.431355902754476],[-51.88904929154331,-23.43233462321661],[-51.88958182903683,-23.43376357936198],[-51.889855054893715,-23.434512161768172],[-51.890073142037,-23.435107525022733],[-51.890716152404266,-23.43488248218823]]]}},{"type":"Feature","properties":{"NOME":"Sub. Lt. 60-a/1 (jardim Continental)","ZONA":19,"COD_BAIRRO_GEO":270,"LT_NOMEFANT":"Lt. 60 A 1 (Gleba Patrimônio Maringá)"},"geometry":{"type":"Polygon","coordinates":[[[-51.97499607660183,-23.394436133696615],[-51.975266462665275,-23.394091468683268],[-51.975567850917066,-23.393692458748312],[-51.97597746189216,-23.393159280131826],[-51.97641824043487,-23.392599854568633],[-51.976514628998984,-23.39247270838736],[-51.976563020978595,-23.39240974957771],[-51.97663044398898,-23.392322030512126],[-51.97669880519181,-23.392233091644353],[-51.97676783801484,-23.392143277858292],[-51.97683696089118,-23.39205334696657],[-51.97690361490835,-23.391966628833792],[-51.976973256173906,-23.391876023561114],[-51.97702094984424,-23.39181397309312],[-51.977090557016446,-23.3917234104347],[-51.977155346771546,-23.39163911632327],[-51.977245879940895,-23.391512844489988],[-51.97732513849528,-23.391410204204142],[-51.977390661663016,-23.391325350844845],[-51.97745877670272,-23.39123714028384],[-51.97752907262404,-23.391146106174673],[-51.9775959991032,-23.391059434831266],[-51.97766940537965,-23.390964373673867],[-51.977767345111175,-23.390841173115206],[-51.97734036277715,-23.390571136933403],[-51.976866925914806,-23.390266296494275],[-51.976671597267426,-23.390132216046794],[-51.97642472987428,-23.390474640111037],[-51.976061976961276,-23.390944168024486],[-51.975639982477894,-23.391488015129454],[-51.975307447075245,-23.391907815373354],[-51.97502949393835,-23.39227661441374],[-51.9746656403532,-23.39275551420326],[-51.97423354574589,-23.39330952307022],[-51.973826404389364,-23.39384035796591],[-51.97350039355028,-23.394260323457154],[-51.973323129331035,-23.394497151422826],[-51.973471425495056,-23.394658066898494],[-51.97353922142487,-23.394731632908943],[-51.97388571547938,-23.395107610483006],[-51.97399155785651,-23.395222459777663],[-51.97420693718455,-23.39545616432343],[-51.97460377306021,-23.39494291315517],[-51.9746166260968,-23.394926288032195],[-51.97499607660183,-23.394436133696615]]]}},{"type":"Feature","properties":{"NOME":"Sub. Lt. 64-a/64-a2/a/64-d/1-b-d (jardim Leblon)","ZONA":28,"COD_BAIRRO_GEO":16,"LT_NOMEFANT":"Lt. 64 A/ 64 A2/ A/ 64D/ 1-B-D (Gleba Ribeirão Pinguim) "},"geometry":{"type":"Polygon","coordinates":[[[-51.91973279695239,-23.45614226653748],[-51.91963422983563,-23.455969185159027],[-51.9193873329442,-23.456100658663143],[-51.919074339113806,-23.455564808765992],[-51.918819505474005,-23.455123248821085],[-51.91865128687286,-23.454844346483526],[-51.91864006498341,-23.454858713124704],[-51.91858660002547,-23.454908357782525],[-51.91852460407458,-23.45494868272048],[-51.918455959133574,-23.454978462931393],[-51.91838275110482,-23.454996793753633],[-51.9183072063363,-23.455003117438903],[-51.91823161735458,-23.454997243460994],[-51.91767322525383,-23.458120956743244],[-51.92028078064156,-23.456818747313626],[-51.920068968032844,-23.456455681511482],[-51.920056390749544,-23.45643367034209],[-51.92003318023823,-23.456445841623076],[-51.91994024842733,-23.456494576919336],[-51.91973279695239,-23.45614226653748]]]}},{"type":"Feature","properties":{"NOME":"Sub. Lt. 64-c (jardim Tabaetê Ii)","ZONA":27,"COD_BAIRRO_GEO":8,"LT_NOMEFANT":"Lt. 64 C (Gleba Ribeirão Pinguim) "},"geometry":{"type":"Polygon","coordinates":[[[-51.92663027529693,-23.447856142194645],[-51.92744187604226,-23.447446595194865],[-51.928107094371775,-23.447122145551326],[-51.928770214371575,-23.446787604110018],[-51.92958362349552,-23.446384479001754],[-51.92947893297401,-23.44620719064113],[-51.929286291260404,-23.445880957945203],[-51.92846405867117,-23.446283752811368],[-51.92773200397008,-23.44665420529655],[-51.92699932863023,-23.447017118107546],[-51.92628374145352,-23.44737661857307],[-51.92555023001136,-23.447738291409287],[-51.924820030407425,-23.4481051907256],[-51.9239644969339,-23.44852176039468],[-51.9232131694378,-23.448917135637867],[-51.92322083221956,-23.44892635094012],[-51.923268416949945,-23.448983694361562],[-51.923301976101015,-23.449022029553536],[-51.92331765836294,-23.449039944109565],[-51.923364561067004,-23.4490977431405],[-51.92340206270222,-23.4491455314848],[-51.92341048990809,-23.4491562704887],[-51.92345866027711,-23.449213339416946],[-51.92350465861416,-23.449270022866738],[-51.923541350775686,-23.44933541596097],[-51.9235493866532,-23.44934984960474],[-51.924470949283986,-23.44889616359967],[-51.92498120348839,-23.44865152788289],[-51.92511868400191,-23.44858585323297],[-51.925150857282986,-23.4485704840123],[-51.925843463627295,-23.4482293155906],[-51.92632321406805,-23.448006001666148],[-51.92663027529693,-23.447856142194645]]]}},{"type":"Feature","properties":{"NOME":"Sub. Lt. 64-d/1-d","ZONA":28,"COD_BAIRRO_GEO":null,"LT_NOMEFANT":"Gleba Ribeirão Pinguim"},"geometry":{"type":"Polygon","coordinates":[[[-51.9211083729073,-23.453180213538246],[-51.92242876802362,-23.45505160781753],[-51.9239848248651,-23.45428480047046],[-51.922295913406145,-23.452587705403236],[-51.9211083729073,-23.453180213538246]]]}},{"type":"Feature","properties":{"NOME":"Sub. Lt. 64d-1/a , 64d1/a-a e 64d1/a-b","ZONA":28,"COD_BAIRRO_GEO":null,"LT_NOMEFANT":"Gleba Ribeirão Pinguim"},"geometry":{"type":"Polygon","coordinates":[[[-51.91787838960804,-23.456105187567058],[-51.91725854390534,-23.456399429207412],[-51.91639615741632,-23.456802988421718],[-51.916104458322316,-23.456940844689125],[-51.916112255049555,-23.456953722976742],[-51.916241054597606,-23.45713147032215],[-51.91631621083479,-23.457238040642995],[-51.916334780667356,-23.45726437221872],[-51.916450428515326,-23.457428357594193],[-51.91658462879629,-23.45761865013105],[-51.91659520218795,-23.457639051193024],[-51.91676264904647,-23.457891471690612],[-51.91763349213486,-23.457469614814375],[-51.91767292715173,-23.457247739017326],[-51.917700472071246,-23.457092766361875],[-51.917707260034284,-23.457054573831524],[-51.91773981926831,-23.456871386923474],[-51.917769332679875,-23.456705339222005],[-51.91779638262742,-23.456553146835347],[-51.9177988450461,-23.456539291519572],[-51.91782638970136,-23.456384318837223],[-51.91787320599685,-23.456136247933284],[-51.917875460324254,-23.456122741577126],[-51.91787838960804,-23.456105187567058]]]}},{"type":"Feature","properties":{"NOME":"Sub. Lt. 64d/1c (galeão)","ZONA":28,"COD_BAIRRO_GEO":15,"LT_NOMEFANT":"Lt. 64D/1C (Gleba Ribeirão Pinguim) "},"geometry":{"type":"Polygon","coordinates":[[[-51.91965274126727,-23.455919731744093],[-51.919660242942605,-23.455931527733224],[-51.91974210162707,-23.45607782438955],[-51.919872598015,-23.45629404542554],[-51.91995048431623,-23.45642310499134],[-51.919980787338005,-23.456473317409042],[-51.92003383939693,-23.456446022894287],[-51.92008690508926,-23.45641872105585],[-51.92012089050649,-23.456469957647087],[-51.9201222568128,-23.45647201794461],[-51.92031537905258,-23.456801468892564],[-51.9227864271785,-23.455567369149964],[-51.92270544874503,-23.455454345084426],[-51.92260109380602,-23.455295840690773],[-51.922403168420296,-23.455015325408276],[-51.921526703952786,-23.45377312187234],[-51.9211083729073,-23.453180213538246],[-51.91867758651004,-23.45439298182166],[-51.918689109665046,-23.45441155537587],[-51.918719063708224,-23.454475850311965],[-51.918736462013925,-23.454543967510364],[-51.91874077430762,-23.454613837225313],[-51.91873187035385,-23.45468333586918],[-51.91871002041568,-23.454750351944202],[-51.91867921064544,-23.45480676738229],[-51.91908508181197,-23.455503131939533],[-51.919401302030344,-23.456044446210257],[-51.91965274126727,-23.455919731744093]]]}},{"type":"Feature","properties":{"NOME":"Sub. Lt. 64d1 Rem., 64d1/c e 64d1/b","ZONA":28,"COD_BAIRRO_GEO":null,"LT_NOMEFANT":"Gleba Ribeirão Pinguim"},"geometry":{"type":"Polygon","coordinates":[[[-51.91792109019305,-23.45584964780755],[-51.917924009648765,-23.45583322286993],[-51.91795509353763,-23.455658332463837],[-51.91805980101421,-23.455069207368474],[-51.91794708170651,-23.454959197252556],[-51.91788980700872,-23.454900334955905],[-51.91783958917566,-23.454827182037093],[-51.91780266984733,-23.454750002023115],[-51.91769922035946,-23.454791018485423],[-51.91754604852033,-23.45486146224484],[-51.917455645121095,-23.454903039491686],[-51.91739387711307,-23.454931062696392],[-51.91724193297315,-23.454999997805366],[-51.91708853713449,-23.45506841473003],[-51.91705348778483,-23.455084047628525],[-51.91693599158106,-23.45513735308305],[-51.91678356971455,-23.45520650462496],[-51.9166973000192,-23.455245643766844],[-51.91663126870354,-23.455275884727374],[-51.916479129159114,-23.455345561796257],[-51.91632699140263,-23.455415237806488],[-51.91629745973529,-23.455428762548124],[-51.9161741733616,-23.455483679361723],[-51.9160216834867,-23.455551604915645],[-51.91586900035635,-23.45562134240043],[-51.91584244301657,-23.455633472197306],[-51.9157156022588,-23.455688648873434],[-51.91568386082323,-23.455702457435695],[-51.91554596435896,-23.455762814664475],[-51.91534390378869,-23.455856958099226],[-51.915491937497464,-23.456066871412894],[-51.91557800069413,-23.456188908877394],[-51.91558746243585,-23.45620232567365],[-51.91586790658688,-23.45659999720959],[-51.91595397048514,-23.456722034436762],[-51.91609368563774,-23.45692445954001],[-51.916702449373716,-23.456634664507504],[-51.91735261664288,-23.456330767517844],[-51.917767661462875,-23.45613535417362],[-51.91788242547492,-23.45608101914299],[-51.91792109019305,-23.45584964780755]]]}},{"type":"Feature","properties":{"NOME":"Sub. Lt. 7/7/a/7-1 (jardim Alvorada Iii)","ZONA":46,"COD_BAIRRO_GEO":195,"LT_NOMEFANT":"Lt. 7/7/A/7-1 (Gleba Ribeirão Morangueiro) "},"geometry":{"type":"Polygon","coordinates":[[[-51.91353278505843,-23.38567288796168],[-51.91367455261586,-23.385610279336074],[-51.91399535192123,-23.385467427085626],[-51.9149738567214,-23.38503034156422],[-51.91507966328812,-23.384979010177254],[-51.916166411259425,-23.38449862657047],[-51.91630556671405,-23.384439016965374],[-51.91625441893385,-23.384373559469633],[-51.91553473533394,-23.383452508605597],[-51.91522910168232,-23.383075875034923],[-51.915102278783095,-23.382911054940998],[-51.91491800985462,-23.38298283547188],[-51.9134655889949,-23.38362514015799],[-51.913219910206855,-23.383728184771044],[-51.910797063325845,-23.384812132465143],[-51.910759818169986,-23.384828642613705],[-51.910467521548924,-23.384958211164104],[-51.9100161680168,-23.385159779435362],[-51.90960491441596,-23.385341772485713],[-51.90915269281715,-23.385541559506443],[-51.908606787496694,-23.38578490559381],[-51.90815844634333,-23.38598466635212],[-51.90767524670359,-23.386198250601165],[-51.90723000933535,-23.386397991643364],[-51.90681497720751,-23.386585368196027],[-51.90645667660806,-23.386737881902746],[-51.906159550221446,-23.3868749185504],[-51.90634232375705,-23.3872110827241],[-51.90663625263018,-23.387782294397915],[-51.90685708823179,-23.388199813477783],[-51.907040663662784,-23.388558359300177],[-51.90782741341955,-23.388209352264873],[-51.909059499352644,-23.387665279873044],[-51.90991371323868,-23.387276508825817],[-51.90999685978325,-23.38724058162524],[-51.910437952379304,-23.387049984848396],[-51.91087737144794,-23.386860109245237],[-51.91138303838895,-23.386632345461372],[-51.911578655249095,-23.386548266854472],[-51.91217526716624,-23.386278208094673],[-51.912268798458136,-23.386235870388543],[-51.91353278505843,-23.38567288796168]]]}},{"type":"Feature","properties":{"NOME":"Sub. Lt. 87-a (jardim São Francisco)","ZONA":37,"COD_BAIRRO_GEO":66,"LT_NOMEFANT":"Lt. 87A (Gleba Ribeirão Morangueiro) "},"geometry":{"type":"Polygon","coordinates":[[[-51.898324634846404,-23.397860579268713],[-51.898498517032394,-23.397775830342603],[-51.89871709189433,-23.397697252501494],[-51.89868713481844,-23.397621942437837],[-51.89938155182475,-23.397247096111027],[-51.90025032009544,-23.396752888998943],[-51.90083344062469,-23.39641796660895],[-51.901580173772324,-23.395986605361973],[-51.90228176262052,-23.395584332076723],[-51.903027110069445,-23.395157248861295],[-51.90377116637188,-23.394735576340057],[-51.90388126560526,-23.394669579922272],[-51.90415222421672,-23.39457277816005],[-51.90427304180981,-23.394529615251276],[-51.904429213092556,-23.394415707891607],[-51.90456868149477,-23.39431398394712],[-51.90456550154967,-23.394306838895098],[-51.9045329920367,-23.39426051107932],[-51.90450364636279,-23.39422486180673],[-51.90439408945494,-23.39404898262131],[-51.90437406998835,-23.39401512103589],[-51.90433805631916,-23.393971523112196],[-51.904293231646314,-23.393927343892475],[-51.90424695515844,-23.393885521433766],[-51.904199528996635,-23.393847318497997],[-51.904157159922,-23.393804479866162],[-51.90412951019184,-23.393753246450437],[-51.90408122796302,-23.39371866131523],[-51.90402605586448,-23.39369260629458],[-51.90399755828742,-23.393656438983285],[-51.9039909163256,-23.393648009684846],[-51.903961417306256,-23.393598232084923],[-51.90394930353604,-23.39354356687529],[-51.9039170928896,-23.39349795976636],[-51.90388086541881,-23.393451653297177],[-51.90385869437047,-23.393400207505188],[-51.903839356762965,-23.39334811307205],[-51.903805082727,-23.393301253355492],[-51.9037672231209,-23.393259562725238],[-51.90372225526759,-23.393223061542795],[-51.90368579514178,-23.393192922237958],[-51.90332173080247,-23.393451588386952],[-51.903177853015436,-23.39355448470102],[-51.90302074960023,-23.39362070336649],[-51.902602720489966,-23.393858383430764],[-51.90206513278144,-23.39417237735004],[-51.90162416064835,-23.394424231461254],[-51.901180417185756,-23.394679080069274],[-51.90065140228549,-23.394986187864937],[-51.900149316123034,-23.395275463695306],[-51.899701776637585,-23.395528968922633],[-51.8994217980168,-23.39568894843896],[-51.89911007898544,-23.395864655399897],[-51.89897343532198,-23.395941676892537],[-51.898534453418755,-23.39619453081669],[-51.898137671196835,-23.39642662527965],[-51.897790280404436,-23.396630079315138],[-51.897329551862846,-23.396888334185068],[-51.89698699220381,-23.397083559293364],[-51.89647867147702,-23.397373190912564],[-51.89607522193002,-23.397608071544873],[-51.89553313321739,-23.397917569559546],[-51.894939800202195,-23.398264280205126],[-51.8947160654448,-23.3983905743575],[-51.89448071079038,-23.39853208265036],[-51.894764066074465,-23.398951001482555],[-51.895240957733435,-23.39962513604741],[-51.89529101465341,-23.399597941413457],[-51.89614105085265,-23.399111850119148],[-51.89695669072331,-23.3986475387373],[-51.89710904772728,-23.398559323626497],[-51.897907289741845,-23.398103953434646],[-51.898324634846404,-23.397860579268713]]]}},{"type":"Feature","properties":{"NOME":"Sub. Lt. 87-a/1","ZONA":37,"COD_BAIRRO_GEO":null,"LT_NOMEFANT":"Gleba Patrimônio Maringá"},"geometry":{"type":"Polygon","coordinates":[[[-51.89523949549394,-23.399623068816656],[-51.89496828770377,-23.399239690964205],[-51.89489016410336,-23.399282123691904],[-51.89405729234462,-23.399761450665334],[-51.89287693599211,-23.400424138657687],[-51.891842252917854,-23.401021678192414],[-51.89156214859249,-23.401183438560423],[-51.89086067349828,-23.401588537488824],[-51.890726263176795,-23.401666158861488],[-51.88921224113794,-23.40254047949119],[-51.88907516745904,-23.40261963566425],[-51.88787819633988,-23.403310845615547],[-51.88775106387525,-23.403384258385692],[-51.886556745109274,-23.404073917875504],[-51.88642438768819,-23.404150347100877],[-51.88397187318438,-23.40556649899852],[-51.884405175691846,-23.405822732473315],[-51.884603629770865,-23.405742085732758],[-51.884694010141416,-23.405690788506316],[-51.88544943398424,-23.405246695914393],[-51.88617457632234,-23.404832888584366],[-51.88697762086766,-23.404372491046583],[-51.88800827456806,-23.403773239881595],[-51.888928476336446,-23.403250985169493],[-51.889490573749214,-23.40292836827923],[-51.89047156415883,-23.402363999095275],[-51.89126791293993,-23.401903564961632],[-51.89192973292643,-23.40153502899973],[-51.892695092926175,-23.401089119563355],[-51.893657377120974,-23.400536423406482],[-51.89431727097556,-23.400151372281204],[-51.895155033467375,-23.39967454853435],[-51.89523949549394,-23.399623068816656]]]}},{"type":"Feature","properties":{"NOME":"Sub. Lt. 87-a/1/1 (conjunto. Residencial. Village Blue)","ZONA":37,"COD_BAIRRO_GEO":127,"LT_NOMEFANT":"Lt. 87A/1/1 (Gleba Ribeirão Morangueiro) "},"geometry":{"type":"Polygon","coordinates":[[[-51.894764066074465,-23.398951001482555],[-51.89448042711556,-23.39853166337177],[-51.89388858131848,-23.3988669159811],[-51.89343882911218,-23.399131754574352],[-51.89330143478369,-23.399209473724223],[-51.891672732619455,-23.400140272088056],[-51.89088843250121,-23.400596010390444],[-51.89032088812042,-23.400926756889536],[-51.889876336787864,-23.401183398871062],[-51.889141918587505,-23.401603997354833],[-51.8884821747583,-23.40198354368315],[-51.8878076310171,-23.402363792793572],[-51.88712189465748,-23.402764159592557],[-51.8860755141765,-23.403366108892676],[-51.885030913200694,-23.403956889188],[-51.88384979966679,-23.40464176137411],[-51.88341864479437,-23.404883575412033],[-51.883112782380934,-23.40505846853353],[-51.88391954950127,-23.405535556966417],[-51.88476624565664,-23.405055185470665],[-51.88560054941451,-23.404576361926743],[-51.88637451738849,-23.404126004471596],[-51.88720126050558,-23.40365530566829],[-51.88799787139967,-23.40319795908288],[-51.88879018322227,-23.402741743959478],[-51.88929318588464,-23.40245569306428],[-51.8902346406355,-23.401911436628794],[-51.89109587916004,-23.401417677852894],[-51.89182339057621,-23.400997945246615],[-51.8926636970494,-23.400509694262833],[-51.893615769072206,-23.399969198776333],[-51.89466074944247,-23.39936613702621],[-51.89494475470098,-23.399206423623273],[-51.894764066074465,-23.398951001482555]]]}},{"type":"Feature","properties":{"NOME":"Sub. Lt. 87-b","ZONA":37,"COD_BAIRRO_GEO":null,"LT_NOMEFANT":"Gleba Patrimônio Maringá"},"geometry":{"type":"Polygon","coordinates":[[[-51.90461263349196,-23.394416939872126],[-51.904585221099985,-23.394352142395892],[-51.904356760269025,-23.394540701223598],[-51.90405259190411,-23.39464481730257],[-51.90390719312411,-23.394692693388265],[-51.90325840774869,-23.395065491892485],[-51.90264773491923,-23.395418179659714],[-51.902193062221706,-23.395681512285417],[-51.901810504099664,-23.395903076288374],[-51.90302963684258,-23.397919007654426],[-51.90442382977031,-23.39714759815641],[-51.90489457717361,-23.396875647735005],[-51.904872485184285,-23.396831952219358],[-51.905523925070625,-23.396481721183555],[-51.905517051485646,-23.396449914316634],[-51.905500665375705,-23.396328345307804],[-51.90548793021428,-23.39615364572226],[-51.90547002434548,-23.396096394878864],[-51.90541780986528,-23.39591542076559],[-51.9053761595823,-23.395805739943924],[-51.905302923740464,-23.395641776871372],[-51.90519163415627,-23.395436486825748],[-51.90512393465348,-23.395338337353635],[-51.90501933139254,-23.395180879198534],[-51.904931709669896,-23.395103077137694],[-51.90481413069519,-23.39500607251164],[-51.90474051889061,-23.394947926445937],[-51.90469901033011,-23.394902192690118],[-51.90465827203889,-23.394752032993726],[-51.90465420019588,-23.394672943360433],[-51.90466770943164,-23.394616052529567],[-51.90469445520235,-23.394562968947998],[-51.90467648825564,-23.394511047350484],[-51.90461263349196,-23.394416939872126]]]}},{"type":"Feature","properties":{"NOME":"Sub. Parte Lt. 119-a-1 (chácaras Bandeirantes)","ZONA":53,"COD_BAIRRO_GEO":null,"LT_NOMEFANT":"Parte Lt. 119-A-1 (Gleba Ribeirão Maringá) "},"geometry":{"type":"Polygon","coordinates":[[[-51.95906636996228,-23.37347408276278],[-51.95895102301728,-23.37266287401644],[-51.95766258968346,-23.3726794025005],[-51.95389104248623,-23.372702685079016],[-51.95053926435667,-23.372716296024958],[-51.94985773436934,-23.37272136691813],[-51.94992971656098,-23.37293040014149],[-51.949805549612954,-23.373124725079034],[-51.94983547954017,-23.37332886803193],[-51.94995236621013,-23.37356593986975],[-51.95001811986976,-23.373711316033898],[-51.94996612616784,-23.37386218708851],[-51.94988134130304,-23.374133940475527],[-51.94981077534769,-23.374403217570816],[-51.94976051356049,-23.374675019583368],[-51.95096358523012,-23.37466936317256],[-51.95557493200589,-23.374630865997954],[-51.95911538317076,-23.374599947118607],[-51.9591059959321,-23.374029424229168],[-51.95906636996228,-23.37347408276278]]]}},{"type":"Feature","properties":{"NOME":"Sub. Quadra 27 (central Park)","ZONA":6,"COD_BAIRRO_GEO":600,"LT_NOMEFANT":"CENTRAL PARK"},"geometry":{"type":"Polygon","coordinates":[[[-51.95800720154953,-23.42276615329312],[-51.958187864522934,-23.422807633112473],[-51.959349664638374,-23.423124101698757],[-51.960742735239855,-23.42350143866181],[-51.96081499541474,-23.423507052844446],[-51.96091774832023,-23.421521569813407],[-51.9602461744055,-23.42139765947886],[-51.95989397842146,-23.421297237037102],[-51.959497817048224,-23.421153906874025],[-51.95917158691837,-23.42100181774522],[-51.958935907083166,-23.420882489577785],[-51.958843301733744,-23.420811792189696],[-51.95879585334725,-23.42093474290347],[-51.95856898793666,-23.421898787589196],[-51.95851599012413,-23.422031892737188],[-51.95825765922718,-23.42237372499178],[-51.958141773279735,-23.42251551454858],[-51.958043930880635,-23.4226654911238],[-51.95802606542986,-23.422682198086985],[-51.95800720154953,-23.42276615329312]]]}},{"type":"Feature","properties":{"NOME":"Vila Bosque","ZONA":12,"COD_BAIRRO_GEO":233,"LT_NOMEFANT":" "},"geometry":{"type":"Polygon","coordinates":[[[-51.92659175025848,-23.43581667682883],[-51.92674386899629,-23.4359164406092],[-51.92751177041531,-23.434939570201134],[-51.92772282839042,-23.434670390564904],[-51.92783436030877,-23.434528144558204],[-51.92874433280254,-23.433367566621612],[-51.928608935021956,-23.433276024768148],[-51.92719886908824,-23.432359785464516],[-51.9270044160211,-23.432235974188355],[-51.92694362589331,-23.43220282768613],[-51.92683740952333,-23.432278180218752],[-51.92681530966676,-23.4323516731359],[-51.92683289614712,-23.43240314224161],[-51.926821131138446,-23.432456592011402],[-51.92677903104615,-23.432497305894703],[-51.92674035988987,-23.432538451020843],[-51.926666082649774,-23.432625148800838],[-51.9265988955202,-23.4327179463218],[-51.92651448414066,-23.432797207503132],[-51.92645596256283,-23.432897450214924],[-51.926398592523945,-23.43292416447637],[-51.926360909375155,-23.432966658470686],[-51.92634718966579,-23.43302057141198],[-51.92624133314867,-23.433154875084956],[-51.926158619872325,-23.433239094586643],[-51.9260382168301,-23.433364903888496],[-51.92584358243754,-23.43351391430846],[-51.925773467293574,-23.433608083674457],[-51.92569325676193,-23.433756596015268],[-51.925591608034416,-23.433820604287803],[-51.925499508413544,-23.433892413848984],[-51.92541668276867,-23.43397482630906],[-51.92534251433011,-23.43406332926926],[-51.92523775468268,-23.434200787038694],[-51.92514118061054,-23.43434704773017],[-51.92503886129844,-23.434483587697553],[-51.92495675886566,-23.434571414921887],[-51.92491253317715,-23.434614767462165],[-51.92487333575304,-23.43465585294171],[-51.92536465128646,-23.434994163025586],[-51.92659175025848,-23.43581667682883]]]}},{"type":"Feature","properties":{"NOME":"Vila Cafelândia","ZONA":18,"COD_BAIRRO_GEO":257,"LT_NOMEFANT":" "},"geometry":{"type":"Polygon","coordinates":[[[-51.896613936488066,-23.431973586581762],[-51.89661363215248,-23.43197272846498],[-51.89634253705179,-23.431270240218677],[-51.89617503344844,-23.43083309527459],[-51.89557454892608,-23.429242375631276],[-51.895385824642545,-23.428729327320593],[-51.894777117376975,-23.42892506774866],[-51.89420391956772,-23.429106911492866],[-51.89520803290702,-23.431798746498778],[-51.89550874692652,-23.432600735332343],[-51.895572568916016,-23.43256556551791],[-51.896613936488066,-23.431973586581762]]]}},{"type":"Feature","properties":{"NOME":"Vila Cleopatra","ZONA":13,"COD_BAIRRO_GEO":234,"LT_NOMEFANT":" "},"geometry":{"type":"Polygon","coordinates":[[[-51.93376901896612,-23.43666561347131],[-51.933705172852434,-23.43664135844212],[-51.93367625251508,-23.436667273614386],[-51.933643950735494,-23.436688827665087],[-51.93360891984458,-23.436705585312534],[-51.93357186728735,-23.436717208137868],[-51.93353354133614,-23.4367234614194],[-51.933494715979336,-23.436724218872797],[-51.933456175290786,-23.436719465201367],[-51.93331116303563,-23.437065317699748],[-51.933190419262445,-23.43740417954964],[-51.93313361555737,-23.437630687012916],[-51.93321862396106,-23.437591299175295],[-51.93332014180704,-23.43756232326397],[-51.93342557107026,-23.437550052288138],[-51.933531707612175,-23.437554861265863],[-51.933569483023426,-23.437560775391834],[-51.93368725975827,-23.437580538676524],[-51.933868504483755,-23.437607448660597],[-51.939469007069846,-23.438599237554985],[-51.939460095122755,-23.438653772864512],[-51.93985571437128,-23.43871690756593],[-51.94057486953667,-23.438842481984956],[-51.940727273338965,-23.438869132285316],[-51.941350671786154,-23.4389683969849],[-51.94173907591238,-23.439026634327515],[-51.9421051001047,-23.43908433468275],[-51.942103116827525,-23.439029923718852],[-51.94209682677579,-23.438943524459628],[-51.94207448301782,-23.438857131765833],[-51.94205943773625,-23.43876464351155],[-51.942053189276265,-23.438670295744927],[-51.942061228109445,-23.438575319826757],[-51.94208078470545,-23.43848948714164],[-51.94207510634173,-23.438406516382297],[-51.942064046473405,-23.438350114419055],[-51.94150108287741,-23.43824408153357],[-51.94084557130643,-23.43811892075342],[-51.940250037166074,-23.438017721203966],[-51.94014716766659,-23.43799672334144],[-51.940129943335464,-23.438059557771037],[-51.93997228409702,-23.438032786763674],[-51.94003503417773,-23.43770615291559],[-51.93987127882987,-23.43772836981936],[-51.93984414975034,-23.437732051163056],[-51.93964250105956,-23.437726739394964],[-51.93960506204823,-23.43772040111681],[-51.939592401718215,-23.437718257228283],[-51.9395725360421,-23.437714894018583],[-51.93955266938806,-23.437711530812187],[-51.93953280763551,-23.437708168476956],[-51.93951295665747,-23.437704806977543],[-51.93949312234615,-23.4377014489881],[-51.93739209843106,-23.43732762629443],[-51.934070395960624,-23.436729053997134],[-51.93386297450299,-23.436689761517826],[-51.93376901896612,-23.43666561347131]]]}},{"type":"Feature","properties":{"NOME":"Vila Cristino","ZONA":8,"COD_BAIRRO_GEO":225,"LT_NOMEFANT":" "},"geometry":{"type":"Polygon","coordinates":[[[-51.90694823899123,-23.42765749276195],[-51.90706843196726,-23.427604221947604],[-51.90713211958669,-23.427575994949574],[-51.9072419002023,-23.42753052687318],[-51.90737332254099,-23.42747979456437],[-51.90845009028713,-23.427102378551414],[-51.90839857085202,-23.42697115352968],[-51.90836254356458,-23.426885276535504],[-51.9083101176085,-23.42676030882176],[-51.908260320559194,-23.42664160767403],[-51.90820753261011,-23.42651577493368],[-51.90815850587884,-23.42639890911946],[-51.908052076804616,-23.426145212638566],[-51.90799682897494,-23.425998081787952],[-51.90794940944627,-23.426014623544308],[-51.907800238326004,-23.426066660762075],[-51.90772052280907,-23.426094469056938],[-51.90757135052404,-23.426146506066754],[-51.907491635886466,-23.426174314241766],[-51.907342464394176,-23.426226351032284],[-51.90726323199839,-23.42625527628093],[-51.90711455283502,-23.42630848689021],[-51.90703760347691,-23.426342661815077],[-51.906888958769926,-23.426395929819485],[-51.90681197464904,-23.42643004703144],[-51.90672287564468,-23.42646370526403],[-51.906665254724366,-23.426487429549226],[-51.90650001219362,-23.42655693315634],[-51.90644259865873,-23.426581082476115],[-51.90617610195143,-23.426703657636867],[-51.90613702964354,-23.426720697765326],[-51.906356657295305,-23.42707041817965],[-51.90678569768274,-23.42774292731432],[-51.90694823899123,-23.42765749276195]]]}},{"type":"Feature","properties":{"NOME":"Vila Emília","ZONA":17,"COD_BAIRRO_GEO":250,"LT_NOMEFANT":" "},"geometry":{"type":"Polygon","coordinates":[[[-51.93885368744868,-23.446624980081804],[-51.93794922037344,-23.446521086112035],[-51.937474874125535,-23.446473884936125],[-51.936600203307925,-23.4463855732441],[-51.936287187436214,-23.44635761125248],[-51.93551899209996,-23.446266140979922],[-51.93475975803962,-23.44618038383403],[-51.93376992510958,-23.446076806956405],[-51.93315244928527,-23.446004505955514],[-51.933173901295305,-23.445808342947203],[-51.93317471813056,-23.44580087392657],[-51.93309491709632,-23.445797288433877],[-51.93311528816781,-23.44548220156604],[-51.932641464716134,-23.44543136686587],[-51.93263800817215,-23.44551518745836],[-51.93261628211718,-23.446042100761634],[-51.93261512610607,-23.446070146956842],[-51.93259198618775,-23.44663134101917],[-51.93257004580903,-23.447163451706036],[-51.932604728448624,-23.44716545550273],[-51.93266894117493,-23.447177223547264],[-51.93272996399676,-23.447199099497823],[-51.932785942055084,-23.44723042064938],[-51.932835175082374,-23.447270234347712],[-51.93287616756058,-23.44731733110747],[-51.932907672033785,-23.44737027867424],[-51.93292873350216,-23.44742747053154],[-51.932938710271955,-23.447487167323008],[-51.93293729982135,-23.447547555405663],[-51.937069938611536,-23.448003668015307],[-51.93721957574141,-23.448020558109782],[-51.93746242998534,-23.448047970479895],[-51.93767747039427,-23.448044345499866],[-51.93796843035936,-23.448042596905935],[-51.938112562707296,-23.448030065550437],[-51.93829454671597,-23.44800330852677],[-51.93844365658248,-23.447979081982677],[-51.938698915053024,-23.447937885876392],[-51.93875025557795,-23.4479293226027],[-51.93871592084476,-23.447782088263338],[-51.93869893602264,-23.447732636726272],[-51.938637045971674,-23.447577385934668],[-51.93863088813037,-23.447521104222062],[-51.938626685308435,-23.447482701531875],[-51.938622121290514,-23.44739096285453],[-51.9386294971712,-23.44727741932293],[-51.93863465868242,-23.44719796180101],[-51.93867555620633,-23.44711163989771],[-51.93870353445081,-23.447082112765887],[-51.93875579402146,-23.44703727467116],[-51.93880181108979,-23.447006191162888],[-51.93885322727817,-23.446962536799347],[-51.93889171944344,-23.446897424941096],[-51.93887982903792,-23.446815964618782],[-51.93884497285509,-23.446745904584024],[-51.93886051947725,-23.44662455963152],[-51.93885368744868,-23.446624980081804]]]}},{"type":"Feature","properties":{"NOME":"Vila Esperança","ZONA":29,"COD_BAIRRO_GEO":18,"LT_NOMEFANT":" "},"geometry":{"type":"MultiPolygon","coordinates":[[[[-51.93079400911055,-23.40529609108632],[-51.93007695109422,-23.405545072477597],[-51.92961291011854,-23.4057024697213],[-51.93141848513444,-23.40995122538081],[-51.93183097290688,-23.40980318201718],[-51.93275905206107,-23.40948813863517],[-51.93353994591237,-23.409227313184886],[-51.93380248489606,-23.409136316138806],[-51.93393461680386,-23.409090518302044],[-51.93367455818366,-23.408477354212092],[-51.93342602552628,-23.407856895908143],[-51.93333535251093,-23.407630530877707],[-51.93319929756114,-23.407284418456406],[-51.932998326217124,-23.40681334977],[-51.9328097203021,-23.406355641374184],[-51.93258102119285,-23.40578236797712],[-51.93230066777091,-23.405100707534398],[-51.93218004502574,-23.404809575498597],[-51.93176522261187,-23.40495669223247],[-51.93079400911055,-23.40529609108632]]],[[[-51.92885689745284,-23.4035446957995],[-51.928713712521244,-23.40358642455089],[-51.92899955187482,-23.404259086052278],[-51.92959215942905,-23.405653639747275],[-51.93213396358379,-23.404787597844987],[-51.932192241395505,-23.404767593528625],[-51.932538404759285,-23.40465013877078],[-51.932615108132126,-23.404624112798004],[-51.932954451159404,-23.404508971232445],[-51.9330947358726,-23.404461371474174],[-51.933443369603935,-23.404343076264936],[-51.933527793280994,-23.404314429572903],[-51.93387331079992,-23.404197189831976],[-51.93401270247994,-23.404149891759253],[-51.934355646542116,-23.40403352440704],[-51.93443886895744,-23.404005285441745],[-51.93478422859901,-23.403888097053986],[-51.934920662375056,-23.403841801287328],[-51.93526564525857,-23.403724739655967],[-51.93535221989745,-23.403695362873584],[-51.93569735526728,-23.403578247910623],[-51.935831538991756,-23.403532715407202],[-51.936177423278956,-23.403415344727982],[-51.93626283765654,-23.40338636097699],[-51.93660240744345,-23.403271131696048],[-51.936742356524675,-23.40322364183001],[-51.937086535508804,-23.403106847519435],[-51.937174031911255,-23.403077157125956],[-51.937512051660946,-23.402962451838892],[-51.93765293437556,-23.402914643962315],[-51.93799890025815,-23.402797240836087],[-51.93808062636232,-23.402769506619173],[-51.93842820721609,-23.4026515545499],[-51.93856090894435,-23.402606521800163],[-51.938909203550445,-23.402488325945455],[-51.93898874043244,-23.40246133421232],[-51.93934203183806,-23.402341441860134],[-51.93947370782509,-23.402296755929964],[-51.939818223523936,-23.40217984078745],[-51.93989968817098,-23.402152193917598],[-51.94024821168197,-23.402033916983513],[-51.94031487188083,-23.40201129413307],[-51.94038150570474,-23.401988681348794],[-51.94072405840156,-23.401872429081834],[-51.94081572765552,-23.401841318812266],[-51.94115741068209,-23.401725360780087],[-51.94129009096093,-23.401680332207135],[-51.94163717482719,-23.40156253960691],[-51.941719806312086,-23.40153449639321],[-51.942071699460065,-23.401415070661194],[-51.94219858397391,-23.4013720082425],[-51.942544731881185,-23.401254530915292],[-51.9426355919059,-23.401223694539304],[-51.942971139714714,-23.401109812689324],[-51.94310516693824,-23.401064325579473],[-51.94345524848257,-23.40094551016537],[-51.943534391967844,-23.400918649502177],[-51.9438789129287,-23.40080172102495],[-51.944019636626685,-23.400753959054768],[-51.94436636792038,-23.400636279149285],[-51.94444450938018,-23.400609757374315],[-51.944793620973336,-23.400491268229466],[-51.94493561409792,-23.400443075071824],[-51.94527106897771,-23.400329219646093],[-51.94536187984662,-23.40029839736631],[-51.94569324445739,-23.400185928741585],[-51.94583853197414,-23.400135271651482],[-51.94619296657437,-23.400011691034056],[-51.94626663904065,-23.399986002892902],[-51.946605157177274,-23.399867971327097],[-51.94674928154134,-23.39982036157202],[-51.9469150099899,-23.399763483889505],[-51.947552373807945,-23.399544735766813],[-51.94742911733888,-23.399348878615893],[-51.94733232306761,-23.39905297906885],[-51.9472089606709,-23.398770174471036],[-51.947080307367884,-23.398643494336678],[-51.94699157371479,-23.39850412413721],[-51.94683484594796,-23.398293883229766],[-51.94673693991823,-23.398216091755398],[-51.946631772759126,-23.397991135655992],[-51.94649754087309,-23.397756796756255],[-51.94640581363128,-23.397687458754607],[-51.9461690603973,-23.397586722284657],[-51.94607313177361,-23.397495536371892],[-51.94597871606305,-23.397325956694306],[-51.945784203181134,-23.39706139276034],[-51.94548091427664,-23.396646453742207],[-51.9449831980537,-23.39597841841714],[-51.94481662953478,-23.39575912582724],[-51.94462426441167,-23.39572839951274],[-51.94437293918038,-23.395504155031688],[-51.94419390691224,-23.39537714531501],[-51.94407171825744,-23.39537979451135],[-51.94398863904899,-23.395347795858616],[-51.943902845463626,-23.39537476819024],[-51.943752186098585,-23.395416321612668],[-51.94384513136035,-23.395668423049088],[-51.94393662873925,-23.395792138465218],[-51.944045909847304,-23.395867951004966],[-51.944168559614454,-23.39600342585463],[-51.9443368516964,-23.396104738964137],[-51.94444394630636,-23.396135588845027],[-51.944555596823875,-23.396180319723587],[-51.94467785847971,-23.396260833173983],[-51.94468403607907,-23.396401791251137],[-51.944541636396984,-23.396496518359672],[-51.944201499163796,-23.396997367272018],[-51.944188743724816,-23.39738936538891],[-51.944160880738025,-23.398206831743718],[-51.9433255274624,-23.398504251475714],[-51.94328213315382,-23.398521977922382],[-51.943224805854456,-23.398545396497454],[-51.94084312919604,-23.39935034213532],[-51.939442442984316,-23.399823716296865],[-51.938523158471234,-23.40013438947492],[-51.937035217145656,-23.40063722436996],[-51.93217024781366,-23.4023103394979],[-51.93220032778117,-23.402411677058065],[-51.93212979235786,-23.402430783508414],[-51.93136829721047,-23.402689962734314],[-51.931532033098875,-23.403106782154797],[-51.93145365842454,-23.403131486204035],[-51.93148041304579,-23.403116372189203],[-51.93132091838098,-23.402706087496462],[-51.92885689745284,-23.4035446957995]]]]}},{"type":"Feature","properties":{"NOME":"Vila Ipiranga","ZONA":18,"COD_BAIRRO_GEO":256,"LT_NOMEFANT":" "},"geometry":{"type":"Polygon","coordinates":[[[-51.90023393501492,-23.42963681384304],[-51.900137779650656,-23.429374520717804],[-51.899918984829476,-23.42878003864233],[-51.899718569190334,-23.428249469521248],[-51.89942433207073,-23.427459604257898],[-51.89880568073555,-23.42765943853896],[-51.89829382731182,-23.427801076762847],[-51.89744886028671,-23.428071369695964],[-51.897500197444145,-23.42819958377349],[-51.89767294313895,-23.428657724220038],[-51.89789599451151,-23.429276704920944],[-51.89803100261695,-23.429632569970636],[-51.898272797368286,-23.43029098148371],[-51.89839165769825,-23.43060786758267],[-51.89849611795911,-23.43090360807904],[-51.90031846624538,-23.429867603716627],[-51.90023393501492,-23.42963681384304]]]}},{"type":"Feature","properties":{"NOME":"Vila Marumby","ZONA":27,"COD_BAIRRO_GEO":3,"LT_NOMEFANT":" "},"geometry":{"type":"Polygon","coordinates":[[[-51.92844615124341,-23.446992152637605],[-51.927692455054654,-23.447368241547377],[-51.92689103861758,-23.447773287335487],[-51.926139840311926,-23.44813740550638],[-51.92555480152564,-23.44841027582243],[-51.92489039316575,-23.44873986468861],[-51.924254118225996,-23.449056692482937],[-51.92357414559786,-23.449394318144694],[-51.92357713848185,-23.449399693511758],[-51.92361136496061,-23.449464702863615],[-51.92365280980492,-23.449525966309185],[-51.92368235067885,-23.449592900123566],[-51.923703588258,-23.44966241207755],[-51.92371593068492,-23.44971978331786],[-51.92371619392527,-23.449724977036713],[-51.9237192218193,-23.449784795120777],[-51.923733061557805,-23.449846312271273],[-51.92375209656262,-23.44990879219778],[-51.92378075842912,-23.449976003057394],[-51.92381264263415,-23.45004201975404],[-51.92382722217611,-23.45006857639241],[-51.92384466926181,-23.450100358295586],[-51.92387471606166,-23.450155547308725],[-51.92390167090733,-23.45018844528064],[-51.92393052332332,-23.450212661174504],[-51.92399396180798,-23.45025500747163],[-51.9240278123545,-23.450265916530707],[-51.92410588187536,-23.450272408936545],[-51.92418301205847,-23.45028459710314],[-51.924189316802334,-23.450286305670698],[-51.92423421212966,-23.45029847428019],[-51.9242717656906,-23.450306922679406],[-51.92431101612949,-23.450320057720933],[-51.92435686315768,-23.450338572947828],[-51.92439167462417,-23.45036094702795],[-51.92442153690212,-23.45038958258398],[-51.92444500044692,-23.450427197842725],[-51.92446171105651,-23.450451033960874],[-51.9244862561334,-23.450461185157696],[-51.92451379226687,-23.45049317636105],[-51.924530152995125,-23.45053706585206],[-51.92455315012727,-23.45060611563543],[-51.92456275406524,-23.450677864087854],[-51.92457903643086,-23.450724553993364],[-51.9245904012264,-23.450796111366266],[-51.9245938153138,-23.45082246492728],[-51.92459782855287,-23.450877087280393],[-51.92459911447397,-23.45089460016728],[-51.92460000828322,-23.450910491402393],[-51.92461422171538,-23.45095529681615],[-51.92462562621868,-23.45099036418351],[-51.92464396108625,-23.451022500203212],[-51.92466710326592,-23.451042053085764],[-51.924693461494826,-23.451059509518284],[-51.92472815561786,-23.451064994146513],[-51.92483028558838,-23.45115675943328],[-51.92487509418996,-23.45130080543215],[-51.932228192831204,-23.447631561960172],[-51.93243161382246,-23.447530045951446],[-51.93255637940316,-23.447494888077586],[-51.93257004580903,-23.447163451706036],[-51.93259198618775,-23.44663134101917],[-51.93261512610607,-23.446070146956842],[-51.93262153724976,-23.445914669616872],[-51.932641464716134,-23.44543136686587],[-51.93266889315935,-23.444766151347856],[-51.93267067493996,-23.44472294010394],[-51.932494262983546,-23.444716747790228],[-51.93238243662378,-23.444772278768994],[-51.9322891180159,-23.444818620031537],[-51.93140324186776,-23.445263260391876],[-51.93087492252422,-23.44552374111387],[-51.93084706221956,-23.44553747714014],[-51.93062841895035,-23.445644371943807],[-51.92948777283942,-23.44622216111141],[-51.92957680362324,-23.44637293051626],[-51.92959115107974,-23.44639993508093],[-51.92960122894001,-23.44641890571948],[-51.929231842836955,-23.446600935063774],[-51.92844615124341,-23.446992152637605]]]}},{"type":"Feature","properties":{"NOME":"Vila Morangueira","ZONA":23,"COD_BAIRRO_GEO":297,"LT_NOMEFANT":" "},"geometry":{"type":"Polygon","coordinates":[[[-51.91712116403824,-23.413162833002993],[-51.917110055792904,-23.413057896967572],[-51.91688063132059,-23.41256605332967],[-51.9166663993511,-23.412102541697152],[-51.916605496764916,-23.411996790797744],[-51.91626805672645,-23.41149183820653],[-51.9158060093999,-23.410774929054405],[-51.91579523428039,-23.41075988589016],[-51.91571011845714,-23.410641058818523],[-51.91569951827658,-23.410626261200107],[-51.91438687389796,-23.409269929153012],[-51.91433168264351,-23.40920471188568],[-51.91402214503883,-23.40930669346774],[-51.91384369740542,-23.40941518322536],[-51.91353593032137,-23.40958930622238],[-51.89903424007979,-23.417792601023375],[-51.90541782957942,-23.419761440749348],[-51.90554373646459,-23.419825121195068],[-51.90559639014087,-23.41990887669331],[-51.906262233135244,-23.42152074190204],[-51.90640462870016,-23.4214748720901],[-51.90686028619888,-23.42133943049929],[-51.907563003370925,-23.42111245888614],[-51.90798573282767,-23.420967274511472],[-51.907997946396414,-23.420963343154135],[-51.90800647616579,-23.420960597460027],[-51.90939455712564,-23.42051379796445],[-51.910520486455354,-23.420151369645236],[-51.910589772069386,-23.420127271617613],[-51.9103495632799,-23.419698020198926],[-51.91041761212066,-23.419660277319778],[-51.91614863749492,-23.416420344058153],[-51.91622006422159,-23.416377590439584],[-51.917242429828626,-23.415795676816536],[-51.91729316326497,-23.415878202133342],[-51.91737647864801,-23.41584308353543],[-51.91764149576419,-23.415750482700147],[-51.91764519673594,-23.415394946538736],[-51.91785103151426,-23.41539015242857],[-51.91803048592342,-23.415315015171068],[-51.91862399509189,-23.41498206876011],[-51.9185866261683,-23.414851715818617],[-51.91860826149225,-23.414842477848612],[-51.91861194215658,-23.41484300355505],[-51.91873287955398,-23.414803807189973],[-51.91886895577927,-23.414757261630054],[-51.91903275325444,-23.41468482112376],[-51.919168710736194,-23.41462112120497],[-51.91936630950538,-23.41450559492342],[-51.91946449338237,-23.414442483753405],[-51.91954370583802,-23.414591368964896],[-51.919645581320985,-23.41453575162133],[-51.92094871706565,-23.413793677447345],[-51.921418602647336,-23.41352194868466],[-51.92157487366208,-23.41344213275004],[-51.92230682658071,-23.413188580591356],[-51.922313755765494,-23.413184481531786],[-51.92223198897488,-23.412967716230362],[-51.92222675462091,-23.41295384030141],[-51.922358585391,-23.412875443217484],[-51.922815576121884,-23.41261949254028],[-51.922961076302,-23.412535118022067],[-51.92361960506572,-23.412165592492737],[-51.924062848811175,-23.41192102419422],[-51.924490314270216,-23.41167981768097],[-51.9248142452572,-23.411582348394344],[-51.925760821326854,-23.411057680311448],[-51.92446205578277,-23.407867794557436],[-51.92328837496652,-23.408278004212143],[-51.922561771379854,-23.406488372785326],[-51.92240260200207,-23.406542288836757],[-51.921827835692085,-23.406732778460512],[-51.92129717545133,-23.40690399685186],[-51.920670974206566,-23.407119773959018],[-51.91921984249056,-23.407602655599884],[-51.919035758626634,-23.407659710819516],[-51.917506241017676,-23.408171678876755],[-51.91961957000811,-23.411561832871854],[-51.91926634828861,-23.41187219318901],[-51.91919061157947,-23.411806664186066],[-51.91906005758288,-23.411693410064462],[-51.91892100112441,-23.411572104877493],[-51.91878222965361,-23.411427969060835],[-51.918401898664655,-23.41084101469975],[-51.91793690866737,-23.410088115324697],[-51.91743054874042,-23.4092889560009],[-51.91680326757731,-23.409470887974205],[-51.916128991235894,-23.408729820683064],[-51.91606733323577,-23.408645683404913],[-51.91597320268047,-23.40866387509438],[-51.91521420063633,-23.408913948369182],[-51.91439037108927,-23.40918537556571],[-51.91489072724195,-23.409712234772005],[-51.91569192864858,-23.410544916697507],[-51.91577537862742,-23.410630459121414],[-51.91642663674759,-23.411647549581133],[-51.91673859403095,-23.4121255845961],[-51.917166889636825,-23.41307814223572],[-51.91714382636297,-23.413171267491947],[-51.91712116403824,-23.413162833002993]]]}},{"type":"Feature","properties":{"NOME":"Vila Nova","ZONA":15,"COD_BAIRRO_GEO":243,"LT_NOMEFANT":" "},"geometry":{"type":"Polygon","coordinates":[[[-51.902236219540114,-23.425591291778826],[-51.902709006571826,-23.42635264006525],[-51.90273359895227,-23.426392570099395],[-51.90282207183911,-23.42637898996465],[-51.90296695825517,-23.42633228863188],[-51.903873530426885,-23.426047440985776],[-51.90592884100046,-23.425399383993327],[-51.90645182489512,-23.425224005330644],[-51.90682676002799,-23.425104891700382],[-51.905572128411535,-23.42291521438799],[-51.90534691636696,-23.42251445143877],[-51.90180071139928,-23.424695415229426],[-51.9017554872689,-23.424719079673398],[-51.90184845692758,-23.424889264740447],[-51.902066977496844,-23.42528927840787],[-51.9021342307953,-23.42541238792612],[-51.902236219540114,-23.425591291778826]]]}},{"type":"Feature","properties":{"NOME":"Vila Progresso","ZONA":14,"COD_BAIRRO_GEO":236,"LT_NOMEFANT":" "},"geometry":{"type":"Polygon","coordinates":[[[-51.95532947288023,-23.41026578632244],[-51.95497492650879,-23.410204028085925],[-51.954537382228715,-23.410123059918465],[-51.95424310224575,-23.410069893465717],[-51.95398379313489,-23.410028701770305],[-51.95399052800684,-23.409998617128508],[-51.95314631386449,-23.40980734440607],[-51.952883031431305,-23.411250229314284],[-51.952722177682325,-23.41213170953856],[-51.95436283339927,-23.41277497054646],[-51.95523034927971,-23.412919483406917],[-51.955714552232585,-23.41041993249901],[-51.95571647828535,-23.410409987202655],[-51.95572980172477,-23.410341135216136],[-51.95532947288023,-23.41026578632244]]]}},{"type":"Feature","properties":{"NOME":"Vila Regina","ZONA":35,"COD_BAIRRO_GEO":77,"LT_NOMEFANT":" "},"geometry":{"type":"Polygon","coordinates":[[[-51.901159784929554,-23.42938930320444],[-51.90104639140033,-23.429089103623085],[-51.90081033541111,-23.428465423861454],[-51.900585656849266,-23.427860866001662],[-51.90041461475021,-23.42739469945533],[-51.90033650040797,-23.427164951877053],[-51.89945719728585,-23.427448988198368],[-51.89954379398475,-23.42768051639783],[-51.89971286507879,-23.42813424533654],[-51.89993832920962,-23.42874792340532],[-51.90012955891068,-23.42926195480344],[-51.900265560063296,-23.429619770224903],[-51.90035453234287,-23.4298470995327],[-51.901159784929554,-23.42938930320444]]]}},{"type":"Feature","properties":{"NOME":"Vila Ruth","ZONA":35,"COD_BAIRRO_GEO":78,"LT_NOMEFANT":" "},"geometry":{"type":"Polygon","coordinates":[[[-51.90626909706161,-23.42636095914552],[-51.90617145410092,-23.42610435071196],[-51.90612501010464,-23.425978391875994],[-51.90591714602411,-23.425403071934124],[-51.903873530426885,-23.426047440985776],[-51.90381624804473,-23.426065439477593],[-51.904394132267136,-23.427639142649845],[-51.90443708696091,-23.42761561432216],[-51.904790480070446,-23.427422541899524],[-51.90510558534757,-23.427249647226294],[-51.90549081906452,-23.427041912829477],[-51.90574263419839,-23.426913184536616],[-51.906339153064586,-23.426628662873807],[-51.90636370198124,-23.426618108999634],[-51.90626909706161,-23.42636095914552]]]}},{"type":"Feature","properties":{"NOME":"Vila Santa Izabel","ZONA":21,"COD_BAIRRO_GEO":289,"LT_NOMEFANT":" "},"geometry":{"type":"Polygon","coordinates":[[[-51.96674093317893,-23.404388103581812],[-51.96680158129191,-23.4041975106168],[-51.96679429322688,-23.404085237964658],[-51.966818532828434,-23.404013822950212],[-51.96651549695991,-23.404023633949347],[-51.96569485043973,-23.40404543564033],[-51.96499065346832,-23.404064152100403],[-51.964356490458975,-23.404087157020427],[-51.963554955433985,-23.404107741183974],[-51.963437495892975,-23.40412130179942],[-51.96282506213947,-23.404119755484295],[-51.96246303804619,-23.404131646289656],[-51.96240384931152,-23.404132279968927],[-51.962406862189866,-23.404031122609755],[-51.95706761601993,-23.404198459814996],[-51.95687964251364,-23.40420755014062],[-51.956865625939116,-23.404355992971087],[-51.95682621048993,-23.404619831163334],[-51.95680941452377,-23.40474363332883],[-51.956452317190156,-23.406608169951124],[-51.95633412330271,-23.40721881749922],[-51.95649424283204,-23.407220217410888],[-51.957887959567195,-23.407250763649305],[-51.95911807889098,-23.407274343501022],[-51.96031455589418,-23.40730140719645],[-51.961545180833824,-23.407323949593774],[-51.96241401869382,-23.407340116966587],[-51.96311469993003,-23.407356039815287],[-51.96330906400287,-23.40736224350683],[-51.965021710442706,-23.407416897497267],[-51.96521395929948,-23.407420339926535],[-51.96569567222561,-23.40743313634005],[-51.9656992832765,-23.407412880322834],[-51.96571358647222,-23.40733265556158],[-51.96572979062611,-23.407210679026694],[-51.96575327427788,-23.4071015607503],[-51.965757273003376,-23.40693903327847],[-51.96579879514425,-23.406775579318115],[-51.96582911583107,-23.406669743484766],[-51.96589029463989,-23.40653673442254],[-51.96596060551747,-23.406413227553486],[-51.96600507553288,-23.40629705008116],[-51.96609218912823,-23.406169854442602],[-51.96621272921193,-23.406010191237403],[-51.96627165626797,-23.40592379615303],[-51.96631002641241,-23.405859035396013],[-51.96632493708307,-23.405772912475296],[-51.966340719884734,-23.405602295221502],[-51.96637002464458,-23.40556353069067],[-51.9665084691132,-23.405360618350667],[-51.966585686460945,-23.40531007854473],[-51.966916324884814,-23.405314567765124],[-51.96694206083365,-23.40531197707971],[-51.967022531012404,-23.405303875912388],[-51.96668871735575,-23.40454077368292],[-51.96674093317893,-23.404388103581812]]]}},{"type":"Feature","properties":{"NOME":"Vila Santo Antonio","ZONA":11,"COD_BAIRRO_GEO":232,"LT_NOMEFANT":" "},"geometry":{"type":"Polygon","coordinates":[[[-51.92738633140121,-23.410029723754153],[-51.92745385788773,-23.41005859797791],[-51.927491989324224,-23.4101555116163],[-51.9277813363176,-23.410046497084277],[-51.927785675241196,-23.410064388416465],[-51.92785412301429,-23.41023184104189],[-51.92788478602045,-23.410291773391034],[-51.927999174140616,-23.410251768908616],[-51.92810700414401,-23.410292886804676],[-51.928869402291895,-23.410579527677772],[-51.92891502192802,-23.410563870177494],[-51.92884278963008,-23.41038724401798],[-51.92900095557541,-23.410324767568266],[-51.92900461083858,-23.410333303804265],[-51.92908149220747,-23.410512895497096],[-51.92915594263116,-23.41068700462838],[-51.929156029715365,-23.41068728230094],[-51.92933473972162,-23.41075434446586],[-51.9294482980763,-23.410789759660734],[-51.929880197555114,-23.410937308715013],[-51.92990781207507,-23.410997664321073],[-51.93040799045872,-23.411152310298558],[-51.930774282025624,-23.411273012847992],[-51.9312749564035,-23.41145112218164],[-51.931537667203585,-23.41154514691373],[-51.93155811495217,-23.41159449680285],[-51.93163565030222,-23.411781626855497],[-51.93165432881181,-23.411774386396566],[-51.93212117817708,-23.41161025959193],[-51.93159516544382,-23.410366959869634],[-51.931423963958935,-23.409964116829407],[-51.92959215942905,-23.405653639747275],[-51.92899955187482,-23.404259086052278],[-51.928123344821564,-23.404562670890144],[-51.92782845245672,-23.404664843453205],[-51.9273210764143,-23.404840634097198],[-51.927096180468745,-23.404918552229883],[-51.92615575185507,-23.405244375009328],[-51.92591338864487,-23.405328343579342],[-51.924428431696825,-23.405842805741575],[-51.92344924486702,-23.406182035102965],[-51.922561771379854,-23.406488372785326],[-51.92328837496652,-23.408278004212143],[-51.92446205578277,-23.407867794557436],[-51.925731134567776,-23.410984767947447],[-51.925861373549075,-23.410897888092677],[-51.926346848914115,-23.410612421204306],[-51.926807922032644,-23.410361008854686],[-51.92716452419902,-23.410156503176346],[-51.92738633140121,-23.410029723754153]]]}},{"type":"Feature","properties":{"NOME":"Vila Vardelina","ZONA":21,"COD_BAIRRO_GEO":290,"LT_NOMEFANT":" "},"geometry":{"type":"Polygon","coordinates":[[[-51.958462357725146,-23.40131327379918],[-51.9589704852544,-23.401310665304763],[-51.95942895784774,-23.401310869111562],[-51.959886346504966,-23.401308685623455],[-51.960296211645314,-23.401306732292266],[-51.96070113887916,-23.401302500534992],[-51.960708428893426,-23.400287189432937],[-51.95667012010195,-23.40030055521785],[-51.95673020073628,-23.40132400616468],[-51.95714433930683,-23.401315312334376],[-51.95752625497204,-23.401317751820972],[-51.957914302777496,-23.401317770116474],[-51.958462357725146,-23.40131327379918]]]}},{"type":"Feature","properties":{"NOME":"Zona 01","ZONA":1,"COD_BAIRRO_GEO":197,"LT_NOMEFANT":" "},"geometry":{"type":"Polygon","coordinates":[[[-51.9335653088597,-23.41726333808529],[-51.933561596276135,-23.416981572785403],[-51.933170269129214,-23.416986296399973],[-51.93302089740343,-23.41698572183498],[-51.93306088935036,-23.419939314863715],[-51.930803871654255,-23.419952438173514],[-51.93011687998978,-23.419971267493835],[-51.929701581672724,-23.41999584708013],[-51.929374270458624,-23.420034638904333],[-51.928975105531464,-23.42008122584675],[-51.928608204859756,-23.420171832322588],[-51.928313057386,-23.420239904420896],[-51.92817539153637,-23.420275214531113],[-51.92838222875017,-23.420782437369],[-51.92833035261738,-23.42080459777085],[-51.92828170726067,-23.420833160786014],[-51.92823707889223,-23.420867664775553],[-51.92819718880118,-23.4209075520818],[-51.92816268169601,-23.42095217804125],[-51.92813411528476,-23.421000821403723],[-51.92811195126126,-23.42105269598927],[-51.928096547843126,-23.421106963394536],[-51.928088153982294,-23.421162746543107],[-51.92808690534137,-23.42121914386095],[-51.92809282210102,-23.421275243847752],[-51.92810580863387,-23.4213301398087],[-51.928125655049996,-23.421382944508597],[-51.9281520405892,-23.421432804511454],[-51.92818453880518,-23.42147891397384],[-51.92822262445784,-23.421520527669017],[-51.9282656820022,-23.421556973031375],[-51.928313015537,-23.421587661026535],[-51.928363860051896,-23.42161209567139],[-51.92841739379165,-23.421629882050226],[-51.92847275153744,-23.421640732697437],[-51.92814394696946,-23.423275443369235],[-51.92823165835081,-23.423348273938984],[-51.92826367736438,-23.42339557464824],[-51.9282801076032,-23.423479501225867],[-51.928284528484674,-23.42354523076736],[-51.92859579575764,-23.42335125940029],[-51.9289360224799,-23.423202743768474],[-51.929191726927385,-23.423102916791215],[-51.92948993744508,-23.423020496081996],[-51.92970853716465,-23.42297070678447],[-51.92986431787806,-23.422949166210255],[-51.93000756790478,-23.422938348995274],[-51.93017604936281,-23.422930703398652],[-51.93032920865144,-23.422923835335766],[-51.9305229408375,-23.422922681186137],[-51.930654718299124,-23.42291923873541],[-51.93079719325679,-23.422923279675636],[-51.9308757651174,-23.422932773832358],[-51.93098104440095,-23.422950745281035],[-51.931068335583994,-23.422971479345538],[-51.93114121642878,-23.422990971551584],[-51.93123503730387,-23.423018310633086],[-51.93141099088443,-23.42307106583984],[-51.9315972593121,-23.42314134308509],[-51.93173484049098,-23.423203481780664],[-51.93188239325303,-23.423289044412567],[-51.93196902627734,-23.42334318996317],[-51.932062421157546,-23.423408565410504],[-51.932155812933175,-23.42347320560156],[-51.93224525363826,-23.423540801150583],[-51.93262942353121,-23.42407171695335],[-51.932712863921495,-23.424190522321176],[-51.93278561892392,-23.42431865301306],[-51.93312230456552,-23.42492852545691],[-51.933122990100486,-23.4250262237642],[-51.933133136769946,-23.42544895100696],[-51.933134722580434,-23.425683869133767],[-51.936467832428725,-23.425657576566163],[-51.93643131867883,-23.423739813041298],[-51.93999426506179,-23.42370061545079],[-51.94002509432755,-23.425629440147997],[-51.94334795049054,-23.425603082343425],[-51.946801637817245,-23.425575611403435],[-51.94679999953129,-23.42544394221362],[-51.94681096694326,-23.4253385143564],[-51.94682503584304,-23.42525738032609],[-51.94685061263742,-23.425146460880484],[-51.94689657667706,-23.42501920698614],[-51.94696017459571,-23.424899951567888],[-51.94702390705951,-23.4247996049341],[-51.947073166721886,-23.424723662291193],[-51.94717492211593,-23.424614981398516],[-51.94728548371216,-23.424508949433836],[-51.94738745046625,-23.42442998457342],[-51.947495295063156,-23.42435368458853],[-51.947579877905504,-23.42430184192055],[-51.94767920372528,-23.424263416361583],[-51.947951986824634,-23.42417515554153],[-51.94772960899482,-23.423379191206955],[-51.94769723235825,-23.423243374934934],[-51.947561702439955,-23.42277034204522],[-51.94753943021584,-23.422689101463938],[-51.947512151741286,-23.422589604837313],[-51.94743709633332,-23.422329427745403],[-51.94740290994645,-23.422197510682526],[-51.94731392717526,-23.42189253019697],[-51.94726860578148,-23.421685456677537],[-51.947170505056974,-23.42134329197036],[-51.947140488969566,-23.421245495435308],[-51.94705861888765,-23.421256358947026],[-51.946975947554435,-23.421253939228368],[-51.94689498699484,-23.421238307756347],[-51.946818198270385,-23.42120993915433],[-51.94674791503307,-23.421169697203677],[-51.94668627087921,-23.42111880457369],[-51.94663514036746,-23.421058807049384],[-51.94659607702518,-23.42099152693852],[-51.946570267955316,-23.420919010958883],[-51.94655849612671,-23.42084345730519],[-51.946561118498146,-23.420767167007185],[-51.946578057575124,-23.420692457271993],[-51.94660879899339,-23.420621596467498],[-51.94665240669965,-23.42055673629001],[-51.94670755678504,-23.42049985194848],[-51.946772572193375,-23.420452667892164],[-51.94684547921679,-23.42041661953495],[-51.94692405998549,-23.420392802359068],[-51.94701320329226,-23.42038161664272],[-51.947011993497064,-23.419791855765588],[-51.94684998472611,-23.419793399745963],[-51.943434903000906,-23.419829759789202],[-51.94328251923361,-23.419822775222254],[-51.943261432907214,-23.418174737915873],[-51.943248411558606,-23.41715684191807],[-51.942495645837596,-23.417163948943024],[-51.941970737784565,-23.417165819943996],[-51.94188062168686,-23.41716669301312],[-51.941875263264464,-23.41662232284735],[-51.94156604315352,-23.41662688759976],[-51.941515416197014,-23.41662917078433],[-51.94143014367059,-23.416633017573563],[-51.941432570729305,-23.41687682436062],[-51.94143284225574,-23.416904129558787],[-51.940961076046285,-23.416914027061097],[-51.94037997777064,-23.416924984191958],[-51.9396975295576,-23.416933218734318],[-51.938911765475936,-23.416937948153954],[-51.93833887219405,-23.416942778784783],[-51.93732668434941,-23.416954631718376],[-51.936271311940885,-23.416960954563013],[-51.93606391502174,-23.416963099814062],[-51.93605947253198,-23.416498918778657],[-51.935894912778274,-23.41650129121158],[-51.93590006974713,-23.416955120768062],[-51.93568171024108,-23.416958262405107],[-51.93482258682922,-23.41697806169106],[-51.93482540000353,-23.416884368915163],[-51.93481205498389,-23.415787192668635],[-51.93433263185002,-23.41579244625828],[-51.93417552125896,-23.415794167149745],[-51.93397421703441,-23.415796372497798],[-51.93397337805018,-23.416260450822065],[-51.93399291549698,-23.417264067824064],[-51.93397454518121,-23.4172599506203],[-51.93358458369022,-23.417263715140816],[-51.9335653088597,-23.41726333808529]]]}},{"type":"Feature","properties":{"NOME":"Zona 02","ZONA":2,"COD_BAIRRO_GEO":199,"LT_NOMEFANT":" "},"geometry":{"type":"Polygon","coordinates":[[[-51.933769002176234,-23.436663223672777],[-51.9338629577114,-23.436687371719366],[-51.934070379165256,-23.43672666419884],[-51.937392081575496,-23.43732523649859],[-51.939493105452506,-23.437699059193807],[-51.93954290395948,-23.437223415844706],[-51.93963280068377,-23.436294173391207],[-51.93972994161153,-23.435244293168893],[-51.93981592839206,-23.434307957584],[-51.939902979736935,-23.433447561985922],[-51.939982494161434,-23.43296080063645],[-51.940286989960775,-23.431979735180583],[-51.94029163895236,-23.43196776492175],[-51.94033897757924,-23.431849460805],[-51.94038854751893,-23.431731937158023],[-51.940440332382316,-23.43161523020603],[-51.94049431675287,-23.43149937526511],[-51.94055048422904,-23.431384406753953],[-51.94060881743711,-23.431270360000248],[-51.94066929998238,-23.431157270325794],[-51.94073191056993,-23.43104517217853],[-51.94079663181391,-23.43093409907965],[-51.94161457966796,-23.42969117280916],[-51.94243692093859,-23.428463137900597],[-51.942898166985465,-23.427670422807296],[-51.94307722965158,-23.42737192119745],[-51.94310721700763,-23.42732193159519],[-51.94329115444123,-23.426646379994867],[-51.94335584966813,-23.425890114087778],[-51.94334793451614,-23.42560069254218],[-51.940025077434086,-23.42562705035038],[-51.94003079626696,-23.425725600626595],[-51.94003373559792,-23.425779187669296],[-51.94001707771316,-23.42607039862112],[-51.939945873194276,-23.426354516199588],[-51.93982228451645,-23.426622907972526],[-51.93965006716829,-23.42686741780174],[-51.9394344530359,-23.427080617654703],[-51.93918199440404,-23.427256028948722],[-51.93890036177097,-23.427388320692014],[-51.93859811204504,-23.427473474383483],[-51.93828442995899,-23.427508901199335],[-51.93816377198963,-23.427506726835762],[-51.93785443248664,-23.427466361641184],[-51.93755738923574,-23.427377041954994],[-51.93728166764813,-23.427241482011926],[-51.93703564615099,-23.427063799064037],[-51.936826797888806,-23.426849393881763],[-51.93666147123574,-23.42660478043784],[-51.936544687778955,-23.42633739200158],[-51.936479995855144,-23.426055350772877],[-51.9364693612383,-23.425767229168866],[-51.936467815605525,-23.42565518766929],[-51.93313470678951,-23.42568147932559],[-51.93313312000682,-23.425446562107748],[-51.933122973331535,-23.425023833961674],[-51.933122287802995,-23.424926136557534],[-51.93278560216795,-23.424316264113248],[-51.932712847166925,-23.42418813342128],[-51.93262940775064,-23.424069327144338],[-51.9322452368926,-23.423538412250164],[-51.93215579618919,-23.42347081670108],[-51.93206240538769,-23.423406175600913],[-51.93196900953681,-23.423340801062526],[-51.93188237651411,-23.42328665551183],[-51.931734823748435,-23.42320109197664],[-51.93159724355713,-23.42313895417828],[-51.93141097415414,-23.423068676938716],[-51.931235020576786,-23.42301592173183],[-51.93114119970339,-23.42298858265027],[-51.931068319838666,-23.422969090438308],[-51.93098102767215,-23.422948355476407],[-51.930875748396836,-23.42293038493083],[-51.93079717751006,-23.42292088986504],[-51.93065470256127,-23.422916849827907],[-51.93052292509569,-23.422920291375355],[-51.930329191934376,-23.422921445530676],[-51.930176032654806,-23.422928314496648],[-51.93000755217853,-23.42293596008733],[-51.929864302148054,-23.422946776399044],[-51.92970852143743,-23.422968316973154],[-51.92948992074302,-23.42301810627637],[-51.92919171023693,-23.4231005278886],[-51.928936005793965,-23.42320035486571],[-51.92859578005642,-23.423348870491534],[-51.92828451181016,-23.423542841864244],[-51.928285123769506,-23.423630515059195],[-51.928277992312296,-23.423743806989112],[-51.928270579383124,-23.423816914774623],[-51.92820346711692,-23.423885873057614],[-51.927990571556215,-23.42414676361597],[-51.927896896197694,-23.424398144669787],[-51.92786179682548,-23.424517362548322],[-51.92782839935745,-23.424642171140103],[-51.927790457934506,-23.424817573177627],[-51.927671691378805,-23.4253727087356],[-51.92753515285145,-23.426024942319795],[-51.927446912359834,-23.426457034835664],[-51.927350970785895,-23.426900028758347],[-51.927290398015344,-23.42720017429378],[-51.92718876793275,-23.427673111820415],[-51.92709759409878,-23.428104394180632],[-51.92698830429967,-23.428599063207074],[-51.926919225330636,-23.428802640456073],[-51.926872156033085,-23.428932947462926],[-51.92680269056762,-23.429103032164225],[-51.92668593727344,-23.429350234807984],[-51.926580197412875,-23.429537766207428],[-51.926517398226956,-23.429659137021975],[-51.92644192842224,-23.429788708304756],[-51.92634986891262,-23.429926505998758],[-51.92614296974613,-23.430205709210156],[-51.925955466493406,-23.43041721324133],[-51.92582579139703,-23.43055863882385],[-51.92561766183395,-23.43076123443368],[-51.92552717593323,-23.43084394072747],[-51.92538536904985,-23.4309539726011],[-51.925179830936436,-23.431106889062104],[-51.92495860690909,-23.43125718944733],[-51.924342214962856,-23.43164929595518],[-51.924490333726006,-23.43161185146598],[-51.92471985093719,-23.431596269386088],[-51.92495228458711,-23.431614530287227],[-51.92508796519326,-23.431638720186783],[-51.92532069715961,-23.431699824533453],[-51.92563687961926,-23.43179078361046],[-51.9263406081276,-23.431987590410458],[-51.926639357776935,-23.43207686428972],[-51.926878086055176,-23.432164710068182],[-51.92694360922969,-23.432200437881587],[-51.92700439935636,-23.432233584383855],[-51.9271988524199,-23.432357395660194],[-51.92860891832755,-23.433273634965065],[-51.92874431610562,-23.433365176818647],[-51.92800590759433,-23.43430694412565],[-51.928776294946104,-23.434814544372546],[-51.92886495189818,-23.434872614664727],[-51.928940138820494,-23.434921862083883],[-51.92877691361034,-23.43513674840779],[-51.92848133105821,-23.435504709854705],[-51.92827196518915,-23.43577141194047],[-51.92804823307689,-23.43562840053847],[-51.92754657579532,-23.43529585988728],[-51.92733699801271,-23.435159493161716],[-51.92674385233329,-23.435914050805668],[-51.92685028503844,-23.435983852420577],[-51.92724535804692,-23.436240514472214],[-51.92815876449659,-23.43684002061329],[-51.92854301670516,-23.437095640734867],[-51.928537967251266,-23.437102448479067],[-51.92842978062078,-23.4372483078057],[-51.92806435547243,-23.437710636995288],[-51.92772706269987,-23.438152176922976],[-51.92743459719404,-23.438528812299786],[-51.925940810551886,-23.440464801792288],[-51.9248660353672,-23.441857697062183],[-51.92504382375907,-23.44182832323342],[-51.93284244645962,-23.440554177726632],[-51.93291831076499,-23.438714193448767],[-51.93296727298648,-23.43844119855726],[-51.932997691856656,-23.438199135684194],[-51.93308341663448,-23.4378283967052],[-51.93313359877813,-23.437628297214236],[-51.93319040248236,-23.437401789750933],[-51.93331114625366,-23.437062927901035],[-51.93345506482105,-23.436719683193097],[-51.93349376554659,-23.436724419466373],[-51.93353274723125,-23.43672364055496],[-51.933571227866004,-23.436717362084543],[-51.93360843549336,-23.436705710007118],[-51.93364362369354,-23.436688918074235],[-51.93367608655837,-23.43666732314777],[-51.933705172852434,-23.43664135844212],[-51.933706261223506,-23.436639388349505],[-51.933769002176234,-23.436663223672777]]]}},{"type":"Feature","properties":{"NOME":"Zona 03","ZONA":3,"COD_BAIRRO_GEO":201,"LT_NOMEFANT":"VILA OPERÁRIA"},"geometry":{"type":"Polygon","coordinates":[[[-51.92847275153744,-23.421640732697437],[-51.928417393832795,-23.42162988199973],[-51.92836386013845,-23.42161209558148],[-51.9283130156711,-23.42158766090847],[-51.92826568218391,-23.42155697289624],[-51.928222624685226,-23.421520527527374],[-51.92818453907448,-23.42147891383542],[-51.92815204089494,-23.421432804384853],[-51.92812565538532,-23.42138294440103],[-51.92810580899074,-23.421330139725796],[-51.928092822470546,-23.421275243793364],[-51.9280869057141,-23.421219143837053],[-51.928088154348615,-23.42116274654974],[-51.928096548193516,-23.421106963429782],[-51.928111951586686,-23.42105269604931],[-51.92813411557701,-23.421000821482924],[-51.92816268194795,-23.420952178132342],[-51.928197189007086,-23.420907552176057],[-51.92823707904802,-23.42086766486305],[-51.92828170736408,-23.42083316085589],[-51.928330352668155,-23.420804597811653],[-51.92838222875017,-23.420782437369],[-51.92817539153637,-23.420275214531113],[-51.92784250027283,-23.420360600672],[-51.927467969345656,-23.420502830630568],[-51.92712524152438,-23.420622763843284],[-51.926793333176576,-23.420726114121674],[-51.92672191160092,-23.42074835415981],[-51.92645561051138,-23.420840430710186],[-51.9251851043212,-23.42128163509386],[-51.92355952731069,-23.421846126421467],[-51.92303370534662,-23.422028718243208],[-51.92195061322363,-23.422404810713022],[-51.92081779316852,-23.422798162239456],[-51.91966764325963,-23.42319752020065],[-51.918558808076746,-23.423582523135604],[-51.91694115603963,-23.424144174316734],[-51.91532784675317,-23.42470429689867],[-51.913720358703216,-23.425262378367226],[-51.91169974971298,-23.425963855378058],[-51.91234729153934,-23.42642520775631],[-51.91233968810883,-23.426434324088522],[-51.912293853676246,-23.42650236745017],[-51.91226151907649,-23.426576721292353],[-51.91224366720255,-23.42665512545166],[-51.91224084359417,-23.42673520128505],[-51.91225312943759,-23.426814511439183],[-51.912280153913805,-23.42689064829358],[-51.91232109464098,-23.426961298990246],[-51.91237470751739,-23.4270243157114],[-51.91243936634096,-23.42707778409414],[-51.912513104300835,-23.427120078989255],[-51.9125936808812,-23.427149914652286],[-51.91267864871693,-23.427166387708915],[-51.91276542419186,-23.427168994807932],[-51.91285137179027,-23.427157657418945],[-51.912933882389915,-23.427132719568398],[-51.91301044368768,-23.427094940201513],[-51.9130787339785,-23.42704546553641],[-51.913136676769994,-23.426985799840256],[-51.919119498537796,-23.43127004211558],[-51.91932413545135,-23.431406126057713],[-51.91970377351368,-23.431601223815967],[-51.92012119570678,-23.431775503750004],[-51.920446892520324,-23.431888537992528],[-51.9210713125906,-23.432041957184335],[-51.92156155726689,-23.432108689521982],[-51.92210557583343,-23.43213234455277],[-51.92251000069022,-23.4321067483274],[-51.92276730362945,-23.43208201883614],[-51.92306509690148,-23.432033842355686],[-51.923485963298965,-23.431941528932477],[-51.92390892507527,-23.431797991545725],[-51.924266181271676,-23.431670910185318],[-51.92434223060049,-23.431651685767445],[-51.92495862255748,-23.431259579259308],[-51.92517984658241,-23.431109277970794],[-51.92538538469938,-23.430956361509693],[-51.92552719158524,-23.430846329636],[-51.92561767847259,-23.43076362423957],[-51.92582580803296,-23.430561027726462],[-51.92595548313784,-23.430419603047095],[-51.92614298638747,-23.430208098112676],[-51.926349884578684,-23.42992889490703],[-51.92644194409614,-23.429791098116176],[-51.92651741488089,-23.429661526827587],[-51.92658021406784,-23.429540156013037],[-51.926685952951374,-23.429352624619373],[-51.926802706241176,-23.429105421072446],[-51.926872171707736,-23.42893533637114],[-51.92691924101234,-23.428805030267498],[-51.92698831998245,-23.428601453018505],[-51.92709761075561,-23.42810678308316],[-51.92718878459087,-23.42767550072301],[-51.927290414674914,-23.42720256319644],[-51.92735098744632,-23.42690241766105],[-51.92744692902163,-23.42645942373844],[-51.92753516853571,-23.42602733122846],[-51.92767170805007,-23.425375098541732],[-51.927790473622416,-23.42481996208648],[-51.92782841505221,-23.424644560952164],[-51.92786181349318,-23.42451975145141],[-51.92789691286593,-23.424400533572875],[-51.92799058822594,-23.424149152519085],[-51.92820348281152,-23.42388826196648],[-51.92827059507888,-23.42381930368346],[-51.92827800899316,-23.42374619679533],[-51.928285140444096,-23.423632903962282],[-51.928284528484674,-23.42354523076736],[-51.9282801076032,-23.423479501225867],[-51.92826367736438,-23.42339557464824],[-51.92823165835081,-23.423348273938984],[-51.92814394696946,-23.423275443369235],[-51.92847275153744,-23.421640732697437]]]}},{"type":"Feature","properties":{"NOME":"Zona 04","ZONA":4,"COD_BAIRRO_GEO":203,"LT_NOMEFANT":" "},"geometry":{"type":"Polygon","coordinates":[[[-51.94562060344137,-23.43677920420313],[-51.94602338436022,-23.436785196207293],[-51.946577682382795,-23.436792351302607],[-51.94663465129176,-23.436791050258034],[-51.94670869948692,-23.436821896525014],[-51.94684478692732,-23.437019583098895],[-51.9470816653186,-23.43731640583287],[-51.94713455505376,-23.437374110737995],[-51.94693254142093,-23.437374380691203],[-51.946221274573446,-23.437376204381877],[-51.94646562633437,-23.437943579841797],[-51.946734151004186,-23.438559890427616],[-51.946930925611305,-23.438490121595166],[-51.94722276164224,-23.43841668311866],[-51.94754779412928,-23.438348589208903],[-51.948203249800244,-23.438208021298443],[-51.94828027273588,-23.438191503388907],[-51.948672977801266,-23.43811363880314],[-51.94927442894348,-23.437978666674255],[-51.95002554165859,-23.43783823022944],[-51.95006966673808,-23.43782894043008],[-51.95020185817393,-23.437801108205218],[-51.953584393335724,-23.4370889051831],[-51.953635814382665,-23.437024770358963],[-51.95367548188798,-23.43700985721511],[-51.95389831989885,-23.43603682769974],[-51.954820903376756,-23.43584312882581],[-51.956964669621904,-23.435393016724692],[-51.95676955748694,-23.435314829666446],[-51.955617551268666,-23.434718814375046],[-51.95459522177134,-23.433947263582798],[-51.95373363634824,-23.43302362061466],[-51.95349029513228,-23.432647255805378],[-51.9532971790296,-23.432347678214636],[-51.95317650034247,-23.43214649359627],[-51.95306231079428,-23.43194327045721],[-51.95287267258819,-23.431551517505184],[-51.952640477154404,-23.430947782404587],[-51.95251608687683,-23.430530704925367],[-51.952446596741794,-23.430225822384358],[-51.95238603217258,-23.429942303156675],[-51.9523537500047,-23.429672605718228],[-51.9523113523781,-23.429213567821254],[-51.952304855252244,-23.428911725912858],[-51.95229958859051,-23.428781808755645],[-51.95231950927867,-23.428544558618608],[-51.952349691877885,-23.42821850192877],[-51.95238465320004,-23.427954392518647],[-51.95240337530916,-23.42784432158596],[-51.952423402555034,-23.427712035473643],[-51.952519760470416,-23.42728416993801],[-51.952559708169325,-23.42729208134001],[-51.95265563025801,-23.42729981474075],[-51.952751551003715,-23.427292059851116],[-51.95284455426243,-23.42726905304268],[-51.95293181628203,-23.427231493476416],[-51.95301068385188,-23.427180520947545],[-51.95307876120816,-23.427117686450693],[-51.95313397913231,-23.427044896660252],[-51.95317466214205,-23.426964365647894],[-51.9531995710109,-23.426878538751403],[-51.95320795121071,-23.42679002363333],[-51.95319954800382,-23.426701511608627],[-51.953174615597845,-23.426615689977254],[-51.95313391171597,-23.42653516799453],[-51.95307867446642,-23.426462391208748],[-51.953010580726655,-23.42639957126663],[-51.95293170062096,-23.426348616646195],[-51.95284442957876,-23.426311076171505],[-51.95275142045331,-23.426288090655593],[-51.95333400568945,-23.42311362549717],[-51.95335553793869,-23.423117216187226],[-51.953442919834,-23.42312284987276],[-51.95353003531272,-23.42311439505987],[-51.95361423569075,-23.423092109982832],[-51.95369296336567,-23.42305666960812],[-51.953763826119165,-23.423009153438038],[-51.95382467119834,-23.422951002605803],[-51.953873648694376,-23.422883986068072],[-51.95390927178284,-23.422810138816743],[-51.953930457426864,-23.42273170562977],[-51.95393656109008,-23.422651068600903],[-51.95392739973647,-23.4225706792578],[-51.95390324929221,-23.422492978191574],[-51.95386484514097,-23.422420328216813],[-51.95381335317407,-23.422354935970226],[-51.953750338987604,-23.422298787972302],[-51.95367771558159,-23.422253591336812],[-51.95359769206527,-23.422220718086894],[-51.95351269704649,-23.422201167689664],[-51.953597205786735,-23.42173052905848],[-51.953630701854834,-23.42154309991725],[-51.953894411423065,-23.420067502901322],[-51.95395896007357,-23.419716945794704],[-51.9537731595343,-23.419726016973318],[-51.952997876647835,-23.419730324672678],[-51.951746403172834,-23.419744818854028],[-51.94991373862636,-23.419764179042826],[-51.94849210600118,-23.419777746327366],[-51.947011993503494,-23.41979185666876],[-51.94701320427097,-23.420381616636785],[-51.94700601687069,-23.420382518265967],[-51.9469240609642,-23.420392802353135],[-51.94684547921679,-23.42041661953495],[-51.946772572199784,-23.420452668795335],[-51.94670755678504,-23.42049985194848],[-51.94665240670608,-23.420556737193174],[-51.94660879899339,-23.420621596467498],[-51.94657805855384,-23.420692457266064],[-51.94656111948329,-23.420767167904433],[-51.946558496133136,-23.420843458208346],[-51.946570267955316,-23.420919010958883],[-51.94659607801031,-23.420991527835763],[-51.9466351413526,-23.42105880794662],[-51.946686271864344,-23.42111880547093],[-51.94674791503951,-23.421169698106848],[-51.94681819827682,-23.421209940057516],[-51.94689498797357,-23.42123830775041],[-51.946975947554435,-23.421253939228368],[-51.94705861889407,-23.421256359850222],[-51.947140488976004,-23.421245496338486],[-51.947170506042134,-23.421343292867583],[-51.947268606760204,-23.421685456671607],[-51.94731392717526,-23.42189253019697],[-51.94740290994645,-23.422197510682526],[-51.94743709731848,-23.42232942864264],[-51.947512152720016,-23.42258960483137],[-51.94753943021584,-23.422689101463938],[-51.94756170342511,-23.422770342942453],[-51.947697233343426,-23.423243375832165],[-51.94772960997355,-23.423379191201025],[-51.947951986824634,-23.42417515554153],[-51.94767920471045,-23.424263417258803],[-51.94757987888425,-23.42430184191461],[-51.94749529506959,-23.424353685491695],[-51.947387451444996,-23.42442998456748],[-51.9472854846909,-23.424508949427892],[-51.94717492211593,-23.424614981398516],[-51.947073166721886,-23.424723662291193],[-51.94702390706594,-23.424799605837283],[-51.94696017459571,-23.424899951567888],[-51.94689657667706,-23.42501920698614],[-51.94685061263742,-23.425146460880484],[-51.9468250368282,-23.425257381223318],[-51.946810967922005,-23.425338514350475],[-51.946800000516454,-23.42544394311086],[-51.94680163880243,-23.425575612300666],[-51.943347951469285,-23.425603082337517],[-51.94335586662166,-23.425892503883023],[-51.94330185130212,-23.42658726702834],[-51.94310723395785,-23.427324321390167],[-51.9430772466013,-23.427374310992427],[-51.94289818393221,-23.427672812602317],[-51.94243693787769,-23.42846552769569],[-51.94161459659326,-23.42969356260445],[-51.94079664872552,-23.430936488875115],[-51.94079012283451,-23.430947688276405],[-51.940731927480456,-23.43104756197401],[-51.94072561471737,-23.43105886486114],[-51.94066931689188,-23.43115966012127],[-51.940663218210354,-23.43117106287591],[-51.940608834345625,-23.431272749795742],[-51.94060295265691,-23.431284248787733],[-51.940550501136585,-23.431386796549432],[-51.940544838373135,-23.431398388154523],[-51.94049433365951,-23.431501765060606],[-51.9404888907814,-23.431513446563617],[-51.94044034928808,-23.431617620001532],[-51.94043512822785,-23.431629387778173],[-51.940388564423856,-23.43173432695353],[-51.94038356710764,-23.43174617647635],[-51.940338994483355,-23.431851850600495],[-51.9403342218713,-23.43186377915428],[-51.94029165585572,-23.431970154717245],[-51.94028700686407,-23.431982124976077],[-51.94011709852839,-23.43244875089126],[-51.939902996634515,-23.433449951781235],[-51.939815945288764,-23.434310347379117],[-51.93972995850744,-23.435246682963772],[-51.93963281757878,-23.436296563185827],[-51.939542920853626,-23.437225805639113],[-51.93949312234615,-23.4377014489881],[-51.93964250105956,-23.437726739394964],[-51.93984414975034,-23.437732051163056],[-51.94004373394344,-23.43770497241607],[-51.94023518928793,-23.437646326388617],[-51.94034818146056,-23.437598060120624],[-51.94051049663775,-23.43750059678625],[-51.94065200226837,-23.437378607353672],[-51.94076840087598,-23.437235798361304],[-51.940809246677574,-23.437172082680345],[-51.940856812878756,-23.437085477964306],[-51.94089614756427,-23.43700273078451],[-51.940912184982395,-23.43694832586892],[-51.9411759745481,-23.43571343396139],[-51.94120574005958,-23.435594856217595],[-51.94130974646296,-23.435334471124428],[-51.94146117355957,-23.43509470571799],[-51.94165542319118,-23.434882845803845],[-51.94184249982059,-23.434743883721215],[-51.94220151188841,-23.434545079420616],[-51.942592482086106,-23.43440681867606],[-51.943003530908506,-23.434333301570405],[-51.94330239102245,-23.43433291413678],[-51.943686972635504,-23.434387582542296],[-51.94405542404264,-23.434503038755842],[-51.944396551077666,-23.434675777493347],[-51.944486183286784,-23.434735324940366],[-51.9444394302625,-23.434850789676346],[-51.944367064395486,-23.43508640082434],[-51.9443138339244,-23.435284655929845],[-51.94427699307329,-23.435454621786906],[-51.944241455244594,-23.435669816135352],[-51.94421827166495,-23.435880475698692],[-51.94421617152794,-23.435912928099686],[-51.94450834424326,-23.436125451798553],[-51.94472985704302,-23.436286578160068],[-51.945035490022704,-23.436471726160004],[-51.94505255894296,-23.43644493297317],[-51.94513642774904,-23.4363162597259],[-51.945154719386565,-23.4363607910399],[-51.94522406004655,-23.4365296110815],[-51.94524314193857,-23.436522425213617],[-51.945448055524764,-23.43644795747922],[-51.94547592234675,-23.4364372753425],[-51.94562060344137,-23.43677920420313]]]}},{"type":"Feature","properties":{"NOME":"Zona 05","ZONA":5,"COD_BAIRRO_GEO":206,"LT_NOMEFANT":" "},"geometry":{"type":"Polygon","coordinates":[[[-51.96365431893642,-23.43731637354599],[-51.96369984932075,-23.43709161673991],[-51.964150955418766,-23.434775687455623],[-51.9648490092242,-23.43429117960644],[-51.96577426382291,-23.433429311825847],[-51.96599025859557,-23.43320521138306],[-51.966071746755674,-23.433140505441187],[-51.96614536861306,-23.433084787172735],[-51.96631018426606,-23.432978062192145],[-51.96643197452098,-23.43292744592953],[-51.96670138256566,-23.432831891536814],[-51.966971276093986,-23.432741637309874],[-51.96804582441979,-23.432380138479687],[-51.968243408913935,-23.43231291147584],[-51.96671640512721,-23.428449542334462],[-51.97237556485183,-23.430906891762266],[-51.97104903213182,-23.43135827647593],[-51.97112804716677,-23.4317961966328],[-51.97308645718381,-23.43115245664845],[-51.973466949530284,-23.43103235380743],[-51.973458489011826,-23.43098201762637],[-51.97346441910188,-23.430920177013032],[-51.97346385853948,-23.430852711961638],[-51.9734577331343,-23.430851117155957],[-51.973397692050945,-23.430829581520104],[-51.97334261703045,-23.430798752530183],[-51.973294179918,-23.43075956723216],[-51.97325385276315,-23.430713215010005],[-51.9732228606067,-23.430661106266875],[-51.97320214587477,-23.430604822066464],[-51.97319233774705,-23.430546074582082],[-51.97319373411067,-23.43048664850003],[-51.973206292363386,-23.430428347787505],[-51.973229631988424,-23.43037294600015],[-51.96484908745738,-23.426741021641746],[-51.96483851885227,-23.42676144794866],[-51.96480138154521,-23.426815692824306],[-51.96475459992306,-23.426863162703885],[-51.9646995954969,-23.42690241540686],[-51.96463804020279,-23.426932257394565],[-51.964571804815684,-23.42695178383121],[-51.964502901345824,-23.426960398811264],[-51.96443342352941,-23.426957842824162],[-51.9643654812431,-23.426944192256418],[-51.96430114081066,-23.426919861566788],[-51.96424235640272,-23.426885591967814],[-51.96419091402984,-23.426842421965034],[-51.96414837657404,-23.42679166601834],[-51.964116036435065,-23.426734863350465],[-51.9640948771042,-23.42667374295789],[-51.96408554138735,-23.426610160581525],[-51.964088311458816,-23.42654604734625],[-51.964103104536164,-23.426483352885192],[-51.964129470460485,-23.426423981226876],[-51.963482280347066,-23.426143539230907],[-51.96193612176798,-23.425473536973364],[-51.95986655393627,-23.42457669052571],[-51.959634185717036,-23.424479555909986],[-51.9594296042247,-23.424390949940268],[-51.959347086960136,-23.42435805981355],[-51.959329438764364,-23.42435102474612],[-51.958967541958835,-23.42424697493996],[-51.959349664638374,-23.423124101698757],[-51.958187864522934,-23.422807633112473],[-51.95800720154953,-23.42276615329312],[-51.95799965452265,-23.422764420264627],[-51.95782018185774,-23.422723214725437],[-51.95538516261258,-23.422029502585946],[-51.95521191056634,-23.421979827190178],[-51.95377874606097,-23.421582705799157],[-51.953630701854834,-23.42154309991725],[-51.953597205786735,-23.42173052905848],[-51.95351269704649,-23.422201167689664],[-51.95353422915092,-23.422204758360174],[-51.95361822082195,-23.422227704619203],[-51.95369661795429,-23.42226376076655],[-51.95376704019402,-23.422311832204386],[-51.95382734630511,-23.42237045798124],[-51.953875703987464,-23.42243785642753],[-51.953910645093444,-23.422511981718745],[-51.95393110713083,-23.42259057871599],[-51.95393646807783,-23.422671260427933],[-51.9539265664406,-23.422751574724938],[-51.953901700842174,-23.422829082920465],[-51.953862628567876,-23.422901429327425],[-51.953810535753156,-23.422966414601206],[-51.95374700559358,-23.423022066385748],[-51.95367396782164,-23.423066691106648],[-51.95359364335326,-23.423098934826385],[-51.95350847112145,-23.42311781711145],[-51.95342103979595,-23.423122763966447],[-51.95333400568945,-23.42311362549717],[-51.95275142045331,-23.426288090655593],[-51.95279136883444,-23.426296001099512],[-51.95288228138742,-23.4263252685633],[-51.95296630660513,-23.426368659042687],[-51.95304089019385,-23.42642485409609],[-51.95310376576631,-23.4264921469547],[-51.953153022730326,-23.426568491782582],[-51.953187164514816,-23.426651570156398],[-51.95320515505234,-23.426738857617337],[-51.953206445765964,-23.426827701180656],[-51.95319099769549,-23.426915401391877],[-51.95315928209167,-23.426999294514914],[-51.95311226043041,-23.427076831233983],[-51.95305136246227,-23.42714565446494],[-51.95297843781473,-23.42720367461886],[-51.95289570355486,-23.427249127729826],[-51.95280567217499,-23.427280633701955],[-51.95271107942783,-23.4272972337836],[-51.95261480038917,-23.427298424499828],[-51.952519760470416,-23.42728416993801],[-51.952423402555034,-23.427712035473643],[-51.95240337530916,-23.42784432158596],[-51.95238465320004,-23.427954392518647],[-51.952349691877885,-23.42821850192877],[-51.95231950927867,-23.428544558618608],[-51.95229958859051,-23.428781808755645],[-51.952304855252244,-23.428911725912858],[-51.9523113523781,-23.429213567821254],[-51.9523537500047,-23.429672605718228],[-51.95238603217258,-23.429942303156675],[-51.952446596741794,-23.430225822384358],[-51.95251608687683,-23.430530704925367],[-51.952640477154404,-23.430947782404587],[-51.95287267258819,-23.431551517505184],[-51.95306231079428,-23.43194327045721],[-51.95317650034247,-23.43214649359627],[-51.9532971790296,-23.432347678214636],[-51.95349029513228,-23.432647255805378],[-51.95373363634824,-23.43302362061466],[-51.95386023427383,-23.433181352228893],[-51.95474958236452,-23.434082312177793],[-51.9557949827132,-23.434827076908814],[-51.956964669621904,-23.435393016724692],[-51.95796078983893,-23.43570396859175],[-51.959262607868105,-23.435909544504838],[-51.960161110902796,-23.4359383987437],[-51.961467617663374,-23.43580266762011],[-51.96138566169593,-23.43616700043835],[-51.96124955063284,-23.436857398376578],[-51.96116593640448,-23.43729456595495],[-51.96309373761123,-23.437605087424952],[-51.96357977250923,-23.437684361105287],[-51.96365431893642,-23.43731637354599]],[[-51.963906111284935,-23.434919772374204],[-51.96390554283854,-23.434920033029304],[-51.96391345204528,-23.434915452512257],[-51.963906111284935,-23.434919772374204]],[[-51.962728724960925,-23.43545965046203],[-51.96271003974928,-23.435464732779934],[-51.96273809863577,-23.43545535226224],[-51.962728724960925,-23.43545965046203]]]}},{"type":"Feature","properties":{"NOME":"Zona 06","ZONA":6,"COD_BAIRRO_GEO":207,"LT_NOMEFANT":" "},"geometry":{"type":"Polygon","coordinates":[[[-51.959349664638374,-23.423124101698757],[-51.958967541958835,-23.42424697493996],[-51.959329438764364,-23.42435102474612],[-51.959347086960136,-23.42435805981355],[-51.9594296042247,-23.424390949940268],[-51.959634185717036,-23.424479555909986],[-51.95986655393627,-23.42457669052571],[-51.96193612176798,-23.425473536973364],[-51.963482280347066,-23.426143539230907],[-51.964129470460485,-23.426423981226876],[-51.964103104536164,-23.426483352885192],[-51.964088311458816,-23.42654604734625],[-51.96408554138735,-23.426610160581525],[-51.9640948771042,-23.42667374295789],[-51.964116036435065,-23.426734863350465],[-51.96414837657404,-23.42679166601834],[-51.96419091402984,-23.426842421965034],[-51.96424235640272,-23.426885591967814],[-51.96430114081066,-23.426919861566788],[-51.9643654812431,-23.426944192256418],[-51.96443342352941,-23.426957842824162],[-51.964502901345824,-23.426960398811264],[-51.964571804815684,-23.42695178383121],[-51.96463804020279,-23.426932257394565],[-51.9646995954969,-23.42690241540686],[-51.96475459992306,-23.426863162703885],[-51.96480138154521,-23.426815692824306],[-51.96483851885227,-23.42676144794866],[-51.96484908745738,-23.426741021641746],[-51.973229631988424,-23.43037294600015],[-51.973206292363386,-23.430428347787505],[-51.97319373411067,-23.43048664850003],[-51.97319233774705,-23.430546074582082],[-51.97320214587477,-23.430604822066464],[-51.9732228606067,-23.430661106266875],[-51.97325385276315,-23.430713215010005],[-51.973294179918,-23.43075956723216],[-51.97334261703045,-23.430798752530183],[-51.973397692050945,-23.430829581520104],[-51.9734577331343,-23.430851117155957],[-51.97346385853948,-23.430852711961638],[-51.973527246293735,-23.43086329430558],[-51.97359166260537,-23.430863558313185],[-51.97365515074295,-23.430853497218255],[-51.973715780734224,-23.43083341659995],[-51.973771709992896,-23.430803925875416],[-51.97382123996377,-23.43076592078499],[-51.97386286585618,-23.43072055779137],[-51.97389532332809,-23.43066921314313],[-51.97391762444892,-23.43061344832773],[-51.97392909255055,-23.430554957467326],[-51.973929134477785,-23.430554534505657],[-51.9743045120483,-23.430418687102733],[-51.97447398291181,-23.430393183360092],[-51.974770834796786,-23.43038644045412],[-51.97501755491136,-23.430411791125373],[-51.97520168131291,-23.430428834493746],[-51.97517402689976,-23.430410309058807],[-51.975084307008984,-23.43035020740931],[-51.974753654214794,-23.430073462425785],[-51.97458162210632,-23.429916947726245],[-51.97430354795802,-23.429639872629803],[-51.97406499732227,-23.429374672366738],[-51.973905933200214,-23.42919383212039],[-51.97318665512814,-23.428312970946344],[-51.97038873946422,-23.424823199197235],[-51.970271782513926,-23.424694456626426],[-51.969875481949586,-23.42425155967408],[-51.969611012726276,-23.423959938729904],[-51.96933032562266,-23.423624428160434],[-51.96894587017689,-23.423230908401756],[-51.96869778301107,-23.42300516883477],[-51.968633412388805,-23.422974243953437],[-51.96848356175019,-23.422902251932996],[-51.96782787605015,-23.42246902688693],[-51.96713130322134,-23.42215993158349],[-51.966667246884384,-23.421996217769184],[-51.96626566746302,-23.421889859003873],[-51.96549037319303,-23.421773878478156],[-51.96466895134952,-23.42173103897099],[-51.96353129055202,-23.421673348523772],[-51.96246832120391,-23.421609005230803],[-51.96124198725616,-23.421566582116792],[-51.96095609328777,-23.421528644465827],[-51.96091774832023,-23.421521569813407],[-51.96081499541474,-23.423507052844446],[-51.960742735239855,-23.42350143866181],[-51.959349664638374,-23.423124101698757]],[[-51.966368455826355,-23.425550811262667],[-51.966810341513096,-23.42470069065313],[-51.96838344094402,-23.42477252162398],[-51.968051853261215,-23.425400989495152],[-51.96800683040371,-23.425487476989154],[-51.96769119355883,-23.42611473882954],[-51.967619289093065,-23.42624149067193],[-51.96728927582631,-23.426888894726957],[-51.96598265790433,-23.426321527808536],[-51.96600663959306,-23.42627253039243],[-51.96631496032577,-23.425659106284254],[-51.966368455826355,-23.425550811262667]]]}},{"type":"Feature","properties":{"NOME":"Zona 07","ZONA":7,"COD_BAIRRO_GEO":210,"LT_NOMEFANT":" "},"geometry":{"type":"Polygon","coordinates":[[[-51.94858277398283,-23.404844483995216],[-51.94862584875275,-23.404628762878],[-51.94865886336284,-23.404471034897753],[-51.94869570538755,-23.404192477130973],[-51.94866228141767,-23.40399792292386],[-51.948629404091236,-23.403944193458067],[-51.94862688311089,-23.403930181862645],[-51.948592270140104,-23.403844511761918],[-51.94859030647903,-23.40380474798492],[-51.94858650728774,-23.40377341419818],[-51.9485849591184,-23.40359886502486],[-51.948454643402414,-23.4033210300826],[-51.9484523215376,-23.403307215077717],[-51.94844879621507,-23.403291924300543],[-51.94842571690639,-23.403177035656046],[-51.948418133260844,-23.403073149844154],[-51.94841720626171,-23.403039462005754],[-51.94841275100314,-23.402999409861994],[-51.94841070379338,-23.40295656211082],[-51.948404971399654,-23.402836558059256],[-51.94840580173045,-23.40273991733658],[-51.948405612524795,-23.402720364822024],[-51.948408594253664,-23.40263669111922],[-51.94840446799502,-23.402602156512227],[-51.948383519540485,-23.402380836525186],[-51.94836595768586,-23.402231846069864],[-51.948396234780205,-23.40209951049463],[-51.94840856585166,-23.402013863431286],[-51.94840934219861,-23.40185716747076],[-51.94840391817627,-23.401764915469023],[-51.94839669011233,-23.40167671900263],[-51.948378517712015,-23.40160287326634],[-51.948355322511404,-23.401504079639995],[-51.94834371567537,-23.401443698903055],[-51.94832662711002,-23.40135480356155],[-51.948299307823014,-23.40126242337404],[-51.94827821871529,-23.401191108056437],[-51.94825785119199,-23.40111008332851],[-51.94824263404536,-23.401017370475607],[-51.94823111893368,-23.400918740788043],[-51.948220373303606,-23.400806959254407],[-51.94819675421336,-23.4007340750317],[-51.948138280330404,-23.400632495808843],[-51.94810276421871,-23.40054103147837],[-51.94807274030531,-23.400465539668748],[-51.948050278127745,-23.400347723461064],[-51.94803328029968,-23.400277841967753],[-51.94797688004206,-23.40023558580433],[-51.94784124854055,-23.40018924439049],[-51.94778469577717,-23.400125688592873],[-51.94773239836887,-23.40000347756616],[-51.947707365138534,-23.399928050247723],[-51.947642862580075,-23.39971038931123],[-51.947597925991495,-23.399583020503183],[-51.94744816420042,-23.399631137581775],[-51.94572628144643,-23.400206504568192],[-51.944326825083735,-23.400683837465447],[-51.94274606793137,-23.401228208113782],[-51.94120248975237,-23.401759434946115],[-51.94004163986083,-23.40215069525508],[-51.938511939440254,-23.402670341701555],[-51.93706438111178,-23.4031636715652],[-51.935551745582885,-23.403683188148257],[-51.93399412576163,-23.404214429156617],[-51.93223033906159,-23.404812342800017],[-51.93230470757502,-23.40500596951253],[-51.93253870881179,-23.405586719323512],[-51.93276795059,-23.406153159454284],[-51.93307298086475,-23.406892642577994],[-51.933504421178036,-23.407933913510995],[-51.933776402906915,-23.4086119370522],[-51.933986519612546,-23.409108229006062],[-51.93362421950141,-23.4092368263069],[-51.93335541270829,-23.409329907187313],[-51.93206106916804,-23.409776455421397],[-51.93143479426191,-23.409985407891536],[-51.93159608986577,-23.410364941090766],[-51.93212210259886,-23.41160824081025],[-51.93165525324183,-23.41177236761742],[-51.93160404575873,-23.411797608028497],[-51.93151064042604,-23.411574885643603],[-51.930526051463595,-23.411216989155008],[-51.93039029824423,-23.41120165083384],[-51.92993317567783,-23.41104906167841],[-51.9298999408329,-23.410976422377903],[-51.92976839224073,-23.410933194281125],[-51.92934818235686,-23.410777386829064],[-51.92912896307575,-23.410709824045174],[-51.928988785834775,-23.41035913683826],[-51.928872994170256,-23.410400073470345],[-51.92894460775016,-23.410582834321797],[-51.928881589017124,-23.410604369530827],[-51.92823621588522,-23.41037124906003],[-51.92796176618031,-23.410263155739766],[-51.92788571049904,-23.410289754632327],[-51.927855047492976,-23.410229822283355],[-51.92779198723396,-23.410075549008035],[-51.92747515901096,-23.410182197688982],[-51.92743299454328,-23.41007546834964],[-51.927381817033655,-23.410057008708478],[-51.92717180992162,-23.410174966840952],[-51.92667314480088,-23.41046063819164],[-51.926162022535586,-23.410751758685624],[-51.92591956439583,-23.41089088112601],[-51.92578762825404,-23.41099996401233],[-51.92566978710865,-23.411097393082382],[-51.92483519983563,-23.411567679862426],[-51.92475560869189,-23.41160653044971],[-51.92459703173497,-23.41167192882518],[-51.92452321795828,-23.411702368677368],[-51.92440141940238,-23.411763312230768],[-51.92405076005063,-23.41195964858655],[-51.923543813254064,-23.41224883027176],[-51.92296689721046,-23.412571324297684],[-51.92270925203993,-23.412718959528956],[-51.92228062720302,-23.412966969371396],[-51.922364162519706,-23.41316452362447],[-51.92231316384504,-23.413183097685476],[-51.92222389563172,-23.413215610277273],[-51.921575798257905,-23.413440114025732],[-51.92141952724609,-23.413519929961215],[-51.92121813683343,-23.413634678169906],[-51.92094964167337,-23.413791658726456],[-51.9196465059535,-23.414533732907557],[-51.91954463047245,-23.4145893502517],[-51.91946541801708,-23.414440465040617],[-51.919367234141994,-23.41450357621118],[-51.9191696353766,-23.414619102493795],[-51.919033677897346,-23.41468280241333],[-51.91886988042515,-23.41475524292054],[-51.91873380420223,-23.414801788481178],[-51.91861556984526,-23.414840109089674],[-51.91865952910809,-23.41499975072807],[-51.918651697935246,-23.415004645249034],[-51.91862267601194,-23.41502278451143],[-51.91858808235243,-23.41504377456856],[-51.91853303150721,-23.41507624376162],[-51.91805657975457,-23.415341709052612],[-51.917955529114664,-23.415388546688384],[-51.91785139168309,-23.415426470481993],[-51.917674561975716,-23.41542867810473],[-51.91767980865435,-23.4155073942764],[-51.917680216296915,-23.41552335805229],[-51.917685556428445,-23.415732114368314],[-51.91760257381494,-23.415762386316047],[-51.91737740332381,-23.415841064834066],[-51.91729408794229,-23.415876183432424],[-51.917315561201754,-23.41591111210376],[-51.917815247101004,-23.417121870498697],[-51.91782205840906,-23.41713368971739],[-51.91781877845676,-23.417134792849506],[-51.9179318846596,-23.41741010437872],[-51.916780745594735,-23.4177986491255],[-51.916728777711945,-23.417818129419924],[-51.916634669910884,-23.41759537841001],[-51.91658729872968,-23.417483250102215],[-51.916187798112155,-23.416466356404456],[-51.916150767639245,-23.416419838408643],[-51.91606297282265,-23.416470154881658],[-51.910418536928,-23.419658258656437],[-51.91035048808852,-23.41969600153597],[-51.910590696877065,-23.42012525295337],[-51.916779525543596,-23.41797254364135],[-51.917992224791426,-23.41755068504584],[-51.91813000631933,-23.41750275444606],[-51.921661912299086,-23.41809111491238],[-51.92174058213838,-23.418104219726754],[-51.921865910209604,-23.41811940924892],[-51.922625371376164,-23.418230013076325],[-51.922863084055116,-23.41826179568992],[-51.92357647271289,-23.41837059687229],[-51.92407628940537,-23.418443480218873],[-51.92473480411731,-23.418526706388285],[-51.925188313507036,-23.4185432693121],[-51.92534437965489,-23.41854171078782],[-51.92558459670299,-23.418519711391372],[-51.92571477252683,-23.418507657000738],[-51.92579070893733,-23.418494407484786],[-51.92588774879668,-23.41847790229776],[-51.92602501563859,-23.418450539470868],[-51.92617807326122,-23.41841710902941],[-51.92638094288017,-23.41836654257903],[-51.926535565972415,-23.418305102831717],[-51.92726538598608,-23.418051150504176],[-51.92878331263855,-23.417519402049663],[-51.929141404206646,-23.417403434866507],[-51.929907186997234,-23.417204476353774],[-51.93033745098691,-23.417120954734497],[-51.9307509734796,-23.417057192874537],[-51.9310791698223,-23.41701145367649],[-51.93151117178466,-23.416968499930253],[-51.931780687429516,-23.416949378277874],[-51.932139461771804,-23.416931475794637],[-51.932420431487756,-23.416921042260007],[-51.933020862913416,-23.416912842577972],[-51.93300591721873,-23.4158049659392],[-51.93417644665448,-23.415792148351173],[-51.93481298037591,-23.415785174769795],[-51.943232630986856,-23.41569268236328],[-51.943249335850815,-23.417154823979313],[-51.94326235817798,-23.418172719068004],[-51.95190420901032,-23.418087396673272],[-51.952621840396866,-23.418077397460742],[-51.95311916354467,-23.418081988584234],[-51.953560593774384,-23.418114922478992],[-51.954073570816035,-23.418201795917984],[-51.95423818518198,-23.418236342543562],[-51.954829099964016,-23.415013281990856],[-51.95350255350467,-23.414947471047675],[-51.95337459310411,-23.414938186637226],[-51.95342759642051,-23.414695809850702],[-51.95351369746518,-23.414244218075027],[-51.95354444260336,-23.414038707976115],[-51.95243335728862,-23.413983489372722],[-51.95139152473777,-23.413932523358415],[-51.95132104359201,-23.413931719683887],[-51.95130437189271,-23.41397627727126],[-51.95128645228812,-23.41404122432465],[-51.9508734309574,-23.414021965059586],[-51.949773022852824,-23.413967003920643],[-51.94979469427416,-23.41230293476252],[-51.94979050926397,-23.411444441908483],[-51.949896193755286,-23.411376885842273],[-51.949937060632635,-23.41129777612947],[-51.94995138536497,-23.411128016147078],[-51.949952865033666,-23.41097267275147],[-51.94984213522495,-23.41069613483397],[-51.94978864314672,-23.410457484558066],[-51.949649892439346,-23.41024564046955],[-51.94958986122931,-23.410179091761016],[-51.94947081893759,-23.40982613176642],[-51.949356666412285,-23.409432516353387],[-51.949315982792214,-23.409371557360753],[-51.949152752587025,-23.409298985083733],[-51.949108534371334,-23.409247251237783],[-51.94901661296159,-23.40921637778589],[-51.94897834319506,-23.409173156675966],[-51.94889466757789,-23.409078655947475],[-51.94888134081022,-23.408908552692765],[-51.9488953469436,-23.408720978797184],[-51.94874617763797,-23.408333117572706],[-51.94860130298646,-23.407811019925834],[-51.94849366912462,-23.407461105782055],[-51.94839085368876,-23.40722929528629],[-51.948362763585095,-23.40713812477466],[-51.94835655028634,-23.407117958518807],[-51.94832494785903,-23.40701538909265],[-51.9483237586937,-23.406834753759128],[-51.948365445225875,-23.40662610790072],[-51.94841582036566,-23.406347457270275],[-51.94846625528957,-23.40608051912054],[-51.94848664150118,-23.405773716689744],[-51.9484962612859,-23.405545012673397],[-51.94848466295671,-23.405336880758693],[-51.94846884434249,-23.405181838211075],[-51.94846024348686,-23.405120913605636],[-51.948567748537926,-23.40490800603932],[-51.94858277398283,-23.404844483995216]],[[-51.923163834778826,-23.4175808127593],[-51.92228887356065,-23.417882424018224],[-51.92162919372194,-23.41628542716788],[-51.92250609718737,-23.415980347182558],[-51.923163834778826,-23.4175808127593]],[[-51.944108231659065,-23.407976738952136],[-51.944144071796956,-23.40805932448413],[-51.94349048950281,-23.40827202751641],[-51.94229285660279,-23.408673937195204],[-51.941174414473686,-23.40905196853715],[-51.94023818266728,-23.409369044180213],[-51.939632131501384,-23.40957056250689],[-51.939623385471776,-23.409525704592923],[-51.939616209331106,-23.40948889932565],[-51.93951991495514,-23.408963651533742],[-51.939345975822,-23.408107933644292],[-51.939275875414396,-23.40791354167039],[-51.93906248045032,-23.40737856244918],[-51.93979870988999,-23.407125433441532],[-51.94054680410668,-23.406879164492675],[-51.94218816495623,-23.406325021331394],[-51.943769401630846,-23.405787885960358],[-51.9440647241812,-23.40649420257343],[-51.94357756073615,-23.40666032954815],[-51.944108231659065,-23.407976738952136]],[[-51.94968594649171,-23.41652835395714],[-51.949686764194794,-23.41676039844973],[-51.949654221581035,-23.417501445479125],[-51.949654663029854,-23.417563284771255],[-51.94965475337137,-23.417575940018974],[-51.94952249446654,-23.41757920167304],[-51.94920452053611,-23.417584653123978],[-51.94842685081272,-23.417589978352915],[-51.94781473111916,-23.417606833665673],[-51.947410693653765,-23.41759846065405],[-51.94721905209521,-23.417599659905996],[-51.947046235567036,-23.417600741178102],[-51.94662191838521,-23.417607025366543],[-51.94649989527063,-23.417608831486465],[-51.94643126286987,-23.41760953455953],[-51.94607135303427,-23.417613220455724],[-51.94612990414223,-23.417471272899515],[-51.946298681441704,-23.41702633992246],[-51.94639873681662,-23.41672947029713],[-51.94652408474056,-23.416386910116643],[-51.946661276238935,-23.41601542766707],[-51.946743452369525,-23.415787940729466],[-51.94681763271988,-23.415607983166183],[-51.94684129104039,-23.41561593435823],[-51.946932883048476,-23.415646716121714],[-51.947047291752575,-23.415319171813405],[-51.94696926652645,-23.415298241397053],[-51.946936527854525,-23.415289204508326],[-51.94697076364693,-23.415184069026832],[-51.947170602784,-23.414628482193795],[-51.94752303720623,-23.413647023720017],[-51.94760164263853,-23.413670256268556],[-51.94763455028335,-23.41367998296131],[-51.94905133244657,-23.41413790053346],[-51.94977457841494,-23.414371654971934],[-51.949756168215906,-23.41457597582614],[-51.9497496159684,-23.41490738593911],[-51.949741357506056,-23.415325126340747],[-51.949736568191604,-23.41549931812722],[-51.94972697771985,-23.415767484838284],[-51.94971917870737,-23.41598553137972],[-51.94971477815199,-23.416088461920296],[-51.949557467682965,-23.41649544430361],[-51.949584822073604,-23.4165024504244],[-51.94968594649171,-23.41652835395714]]]}},{"type":"Feature","properties":{"NOME":"Zona 08","ZONA":8,"COD_BAIRRO_GEO":224,"LT_NOMEFANT":" "},"geometry":{"type":"Polygon","coordinates":[[[-51.913595878906435,-23.445953332197313],[-51.915868657505015,-23.444846136124376],[-51.919090558992956,-23.443315419724016],[-51.92021608751792,-23.44277160316519],[-51.920293103364884,-23.44248571276788],[-51.920390056103656,-23.442273111655567],[-51.920434622418675,-23.44215583750888],[-51.920428665962724,-23.442013566795005],[-51.9204149557389,-23.44155250191882],[-51.920425665319904,-23.441442170811197],[-51.92040030673933,-23.4413001544926],[-51.9204521440791,-23.441152353992756],[-51.920425369080995,-23.440961301512555],[-51.92042730166641,-23.440810257402653],[-51.92055633364116,-23.440640740890895],[-51.92066258206063,-23.44049634246216],[-51.9207393094938,-23.44029543511122],[-51.9207615112311,-23.43995611842573],[-51.92074388263249,-23.439672342273003],[-51.92075081596029,-23.43958514122879],[-51.92095524200512,-23.439294721628418],[-51.92109437386696,-23.43909989395343],[-51.921107483908145,-23.439042372185533],[-51.92109908201232,-23.43892274049391],[-51.921159625104536,-23.43877990122564],[-51.921214632325444,-23.438708076385037],[-51.9213267317257,-23.438500618532792],[-51.921336562528225,-23.438426886247893],[-51.92129923542295,-23.43836586864727],[-51.92133068565722,-23.438129853847766],[-51.921402179090194,-23.437979408922605],[-51.92145214106444,-23.437858082428516],[-51.92151907149937,-23.437753921590094],[-51.92163300868588,-23.437529057678],[-51.92172622221887,-23.43745149477817],[-51.92179681520803,-23.437379511780563],[-51.921900852785775,-23.437264098002554],[-51.92199669257938,-23.437194616751352],[-51.92215570097043,-23.43708727892438],[-51.92228657502221,-23.436989229622917],[-51.922286164690114,-23.43698821593143],[-51.92249478350511,-23.436789552435854],[-51.92259841215139,-23.43668715865111],[-51.92288218286012,-23.43642318979712],[-51.92311733290833,-23.436232233840865],[-51.92317016821884,-23.436193152754612],[-51.92331034744625,-23.436043486729663],[-51.923370587159205,-23.435917661378724],[-51.92337199642767,-23.43582462200938],[-51.92343968063466,-23.435710400446794],[-51.92359442529609,-23.43558323198195],[-51.923653140644845,-23.43554476897573],[-51.92375649715094,-23.435514893301537],[-51.92381271817169,-23.435514442301212],[-51.923842632637076,-23.43551420295694],[-51.923844110143754,-23.4355121475308],[-51.92390390434543,-23.435428938252134],[-51.923993165776764,-23.435324399472826],[-51.92399057015206,-23.435250942902467],[-51.924014736121975,-23.435178813725088],[-51.92407835075282,-23.435148992420235],[-51.92411515814623,-23.435121136202547],[-51.9241362301747,-23.435068625062883],[-51.92418804287601,-23.43501674483624],[-51.92424151217489,-23.43499195120184],[-51.924316524955806,-23.434927843163134],[-51.924340794346456,-23.434911158012277],[-51.924411738213585,-23.43490775734645],[-51.92441338897542,-23.434908237113774],[-51.92446908913152,-23.43490597892727],[-51.92451656176152,-23.434891872311326],[-51.92458408991955,-23.434833666716006],[-51.92459283925479,-23.434782763960797],[-51.924628041743595,-23.434721227255324],[-51.92470356048313,-23.434674599550558],[-51.924892856906865,-23.434581960081644],[-51.92489720765566,-23.434581075350266],[-51.92501287718205,-23.4344631483816],[-51.92508403560939,-23.43437809561918],[-51.92511151157226,-23.43433159794198],[-51.925152074645794,-23.43426594502653],[-51.92517169750531,-23.43423116520409],[-51.92522340923152,-23.434163617195896],[-51.925278397902275,-23.43409125729777],[-51.92533039823081,-23.43402215492082],[-51.92539167122593,-23.43395347807511],[-51.92547546877102,-23.433870066331593],[-51.92557087748974,-23.43379552752533],[-51.92566706624058,-23.433734622565765],[-51.92571391283886,-23.43364447503352],[-51.92577984973081,-23.433540666081925],[-51.925819150027436,-23.433491388529085],[-51.925916797593004,-23.43341512013738],[-51.92601427319229,-23.433342284918943],[-51.92609554169822,-23.43326141685483],[-51.926175397605576,-23.433174504694758],[-51.92625107223094,-23.43309159234547],[-51.926311696679676,-23.43298152652275],[-51.926327911137456,-23.43292981165603],[-51.926416399670394,-23.43284325550884],[-51.9264410082047,-23.432806784941018],[-51.92649440565695,-23.432770888684963],[-51.92653175672629,-23.432733428434243],[-51.926572909640306,-23.43269723630473],[-51.92660608447833,-23.432653956125485],[-51.92663864116333,-23.43260625386106],[-51.92667896878277,-23.432564015071076],[-51.92671350191626,-23.432519010702066],[-51.92675382507823,-23.43247613967043],[-51.92678970239031,-23.432441423942834],[-51.926798146756404,-23.432403077555545],[-51.9267900958838,-23.43234342291913],[-51.926799479429576,-23.43225937376134],[-51.92686680825023,-23.432162943494788],[-51.92663937443498,-23.432079254094518],[-51.92634062478021,-23.431989980215473],[-51.92563689625906,-23.431793173416015],[-51.92532071379366,-23.431702214339236],[-51.925087981823076,-23.431641109992768],[-51.924952301214454,-23.431616920093305],[-51.92471986756035,-23.43159865919231],[-51.92449035034506,-23.431614241272364],[-51.924342231579296,-23.43165168576166],[-51.924266182256744,-23.4316709110827],[-51.92388094633756,-23.43180748730895],[-51.923485963298965,-23.431941528932477],[-51.923065096907756,-23.432033843258875],[-51.92274632538988,-23.432084035957146],[-51.922510001669025,-23.4321067483216],[-51.92210557681223,-23.432132344546996],[-51.92156155726689,-23.432108689521982],[-51.92107131259685,-23.432041958087513],[-51.92044689252658,-23.431888538895702],[-51.92012119570678,-23.431775503750004],[-51.91970377351368,-23.431601223815967],[-51.91932413643639,-23.431406126955135],[-51.9146199707183,-23.428048021351707],[-51.91313667775496,-23.426985800737693],[-51.9131020082131,-23.427023967468667],[-51.91305792877829,-23.427062473725577],[-51.91303344245854,-23.427080220589158],[-51.913001414453184,-23.427100252423536],[-51.91296813781577,-23.427117767060878],[-51.912948369866434,-23.427126754026535],[-51.912923657197105,-23.42713662795337],[-51.91289468994875,-23.42714640300793],[-51.912861984192325,-23.427155258759907],[-51.91283314953473,-23.427161251259683],[-51.91280105869098,-23.42716600551018],[-51.912774587008144,-23.427168453512508],[-51.912741613477586,-23.427169672300728],[-51.91270517539848,-23.427168672257196],[-51.91267324040601,-23.427165759066806],[-51.912637447289875,-23.427160184961046],[-51.91261606547078,-23.42715565474293],[-51.912591809703436,-23.427149388173564],[-51.912570075484744,-23.427142713965406],[-51.91252638861453,-23.427126061042813],[-51.91247023919914,-23.427097513307373],[-51.912430944906426,-23.427071825102562],[-51.912400486791235,-23.427047917886558],[-51.91236288591025,-23.427012250965298],[-51.91233238033527,-23.42697657238737],[-51.912304113347076,-23.42693547858474],[-51.91227540032919,-23.426880017201757],[-51.91225586928719,-23.42682480926695],[-51.912245786858314,-23.426779331584388],[-51.91224012624474,-23.42671495806265],[-51.91224207132451,-23.42666918792597],[-51.91225240627243,-23.426608516278925],[-51.912264243799065,-23.426568692937867],[-51.91227747378937,-23.42653537907441],[-51.9122912913508,-23.426507101727605],[-51.91231081741559,-23.426473993141794],[-51.91232783259102,-23.426449550234324],[-51.912339157193365,-23.426434978409656],[-51.91234729153934,-23.42642520775631],[-51.91169974971917,-23.425963856281232],[-51.91052084837022,-23.425124772010008],[-51.91001138136377,-23.42530092900084],[-51.909782216558426,-23.425380089043607],[-51.90963286473946,-23.425431680134018],[-51.909553052448366,-23.425459248752105],[-51.90940369945974,-23.425510838730858],[-51.909323887076084,-23.425538408137655],[-51.90917453390273,-23.425589997902264],[-51.90909472142035,-23.42561756719461],[-51.908945369041014,-23.42566915673934],[-51.908865556459915,-23.42569672591725],[-51.908716202917084,-23.4257483152535],[-51.90863639121604,-23.425775884311253],[-51.90848703748847,-23.425827473433344],[-51.90825801014357,-23.425906970089645],[-51.90817829481927,-23.425934777709642],[-51.90802957697543,-23.42598665805623],[-51.90847086730164,-23.427092043192943],[-51.90845009028713,-23.427102378551414],[-51.90737332254099,-23.42747979456437],[-51.9072419002023,-23.42753052687318],[-51.90713211958669,-23.427575994949574],[-51.90706843196726,-23.427604221947604],[-51.90694823899123,-23.42765749276195],[-51.906740242060756,-23.427766819442603],[-51.90643564428733,-23.427293139419568],[-51.90609814358458,-23.426739072662908],[-51.90596278963978,-23.426803029946115],[-51.905919603563994,-23.42682426765768],[-51.90574263419839,-23.426913184536616],[-51.90552823738286,-23.427022000281408],[-51.90549081906452,-23.427041912829477],[-51.905316261509064,-23.427134801153343],[-51.90527386629399,-23.42715736183625],[-51.90510558534757,-23.427249647226294],[-51.90506849736227,-23.42727007982117],[-51.90489535603904,-23.42736519855601],[-51.90485817895202,-23.427385492522987],[-51.90468486420609,-23.4274803428765],[-51.90447428791523,-23.427595356443266],[-51.90426374983092,-23.42771042912467],[-51.90405837919401,-23.427823151245253],[-51.903843147401936,-23.427941312458284],[-51.90380600956196,-23.427961668276218],[-51.90363285354272,-23.428056765862284],[-51.90342256029036,-23.428172218987037],[-51.90321226569346,-23.428287672747004],[-51.90300196974586,-23.428403126239022],[-51.90297134451582,-23.4284198511997],[-51.90374486066588,-23.429617092612318],[-51.90463752021398,-23.43101945925068],[-51.90533469544698,-23.432154012589113],[-51.90601187007584,-23.431832650580272],[-51.906025527429655,-23.431866480819046],[-51.906246942748496,-23.432325097813614],[-51.908339366898765,-23.435631336093586],[-51.910443368425,-23.435149423780036],[-51.91061537121655,-23.435110025780258],[-51.911014390853126,-23.43656179983399],[-51.911016245036905,-23.43656854597957],[-51.910096810556034,-23.436730983555762],[-51.90975473270432,-23.436794053837268],[-51.90977768271434,-23.4368973302123],[-51.909782524589254,-23.436919115567946],[-51.909614631172154,-23.436957181808122],[-51.909580235261025,-23.436831023180687],[-51.90915004375954,-23.436912233599397],[-51.90911991911286,-23.436864635219365],[-51.9081829154723,-23.43736380444395],[-51.90807927522342,-23.437420110523846],[-51.907942425818206,-23.43749340680782],[-51.90770802775296,-23.43761777357286],[-51.90784255699075,-23.437838752565643],[-51.90825007243528,-23.438495189830096],[-51.9085975205889,-23.439044610222034],[-51.90886911269892,-23.439482227866502],[-51.90921158456443,-23.44002722733004],[-51.90941835556375,-23.440349682058137],[-51.909648609021794,-23.440722814544],[-51.909830671638694,-23.44100095726473],[-51.91005977078771,-23.441375438865727],[-51.91027291082121,-23.44171773945649],[-51.91041142550805,-23.441944932980853],[-51.9103751268012,-23.442083456799974],[-51.91032893974302,-23.442256669370956],[-51.91053391856847,-23.442580232943484],[-51.910760157878585,-23.442938811740163],[-51.91095500024258,-23.44325097202691],[-51.91122053946541,-23.443674560815662],[-51.91155909388238,-23.444207412694784],[-51.91165139008095,-23.444352422177875],[-51.91202170625613,-23.444922566285282],[-51.91248953334059,-23.445691407421812],[-51.91256804784189,-23.445814862162894],[-51.91289906888804,-23.446293195188666],[-51.91301310471457,-23.446231531287662],[-51.913595878906435,-23.445953332197313]],[[-51.9139816258336,-23.430413268567975],[-51.91419378790021,-23.430564503851883],[-51.913465274024794,-23.43196025516478],[-51.913284593620304,-23.43228984886764],[-51.91301445255883,-23.432782632049964],[-51.912900929681626,-23.4329920309127],[-51.91286228912973,-23.4330767798042],[-51.912852165630284,-23.433098984046477],[-51.91166779552243,-23.432569566418103],[-51.91175952867378,-23.43238652776011],[-51.91114051846817,-23.432110945425926],[-51.911271827940745,-23.43185597875128],[-51.9111908115378,-23.43182490674538],[-51.91117336083791,-23.431858481789284],[-51.91101290250377,-23.43216720359317],[-51.91099276379506,-23.432156925077155],[-51.91063953877411,-23.43200143398181],[-51.91084386083624,-23.431600305082085],[-51.91161879879176,-23.431938434719175],[-51.911801432213394,-23.431598338766964],[-51.91188953332849,-23.431637526026552],[-51.911990417029806,-23.43168239928564],[-51.91209021488387,-23.431726789277498],[-51.91216608442557,-23.43176053549958],[-51.912358723534254,-23.43138060011744],[-51.91243634258545,-23.43121859907466],[-51.91248571790593,-23.431243245619566],[-51.9128308820049,-23.43139571777222],[-51.91290888417921,-23.431253101806334],[-51.912909309522874,-23.431252323456636],[-51.9129240391376,-23.431225392843498],[-51.912932258987674,-23.431210364037337],[-51.91255562575282,-23.43103979131071],[-51.912534489367765,-23.431028755604018],[-51.91277584414267,-23.430573289859243],[-51.913006987788734,-23.43013986865472],[-51.91339245859926,-23.430305853614975],[-51.913323059216744,-23.430444589854435],[-51.91382535920736,-23.43030174272533],[-51.9139816258336,-23.430413268567975]],[[-51.91306476433618,-23.44379900377996],[-51.91292767305671,-23.44327784960474],[-51.91279173031531,-23.44279304564349],[-51.912653938714094,-23.44226523579963],[-51.9126135305462,-23.442113961357393],[-51.91295797085951,-23.442033084608315],[-51.913474103484354,-23.441910577568088],[-51.91374148712114,-23.441848311914562],[-51.914265605239166,-23.44373461981417],[-51.91311894994875,-23.4439951251515],[-51.91306476433618,-23.44379900377996]],[[-51.917630005236774,-23.43533732841995],[-51.91786135457114,-23.435534796719836],[-51.91812155178905,-23.4357091533422],[-51.91832741840572,-23.435816915350816],[-51.91846042713687,-23.435875399122136],[-51.91846827398446,-23.435931384788155],[-51.918548142807964,-23.435988297006546],[-51.91865847052553,-23.436057991980707],[-51.918808355242405,-23.436117444637105],[-51.918958718575695,-23.436146997923096],[-51.918998946958375,-23.436170025211272],[-51.919168932558144,-23.436267333033655],[-51.91920745135304,-23.436373505816018],[-51.91927437665096,-23.436454130080307],[-51.919499456754245,-23.436601936060395],[-51.91959558612245,-23.436725283621357],[-51.919702302147115,-23.436862906372433],[-51.91977757394378,-23.436984554904605],[-51.91979303954822,-23.436999309013338],[-51.919911474016935,-23.437112301450522],[-51.920008487267346,-23.43719791716098],[-51.92007824950722,-23.43725948366813],[-51.920113610258475,-23.43731868055977],[-51.91955324880285,-23.437451797817758],[-51.91858200920269,-23.437676179720604],[-51.91805371209613,-23.43779686351981],[-51.91707239112709,-23.438024879392124],[-51.91642796753836,-23.438182031630724],[-51.91518495683873,-23.438466460246744],[-51.91471639072596,-23.438573877552237],[-51.914650991810895,-23.438329071271678],[-51.91458653637457,-23.43831443120342],[-51.914523748770286,-23.438293778077316],[-51.914463188611066,-23.438267295970434],[-51.91440539565717,-23.43823522091236],[-51.91408057290835,-23.43831377287093],[-51.91387914732781,-23.43753373870221],[-51.91310116509828,-23.4348065922532],[-51.91306547530449,-23.43467699803554],[-51.913057564558144,-23.43464827416696],[-51.91391261215022,-23.4347030152218],[-51.9163426253659,-23.434801090479816],[-51.91689694382387,-23.43481217444644],[-51.917107245996604,-23.434887411697343],[-51.917258080980936,-23.43497733570088],[-51.9172900899966,-23.435020053056753],[-51.91739871034762,-23.435147506956504],[-51.917630005236774,-23.43533732841995]],[[-51.916049834771044,-23.43916531496072],[-51.914478805210024,-23.439531704837105],[-51.91439857130953,-23.439550416197953],[-51.91420100051201,-23.438841814336186],[-51.91575562889011,-23.438482601223978],[-51.91674728196757,-23.43824975391377],[-51.91725414675649,-23.43813804197491],[-51.91743511634737,-23.438840762451047],[-51.91654041646006,-23.43904914860246],[-51.916049834771044,-23.43916531496072]],[[-51.91894368367952,-23.440149368690378],[-51.91868381866043,-23.440211837319705],[-51.917190518722386,-23.440564743817372],[-51.91568426914601,-23.44091890803648],[-51.91484515402616,-23.441115009209337],[-51.91483383972424,-23.44107291255275],[-51.9146390351395,-23.440362575563217],[-51.914626042486866,-23.440314553693522],[-51.914947226335265,-23.44024241207801],[-51.91552285282669,-23.44010999009066],[-51.91622105620124,-23.4399503200474],[-51.91702630303793,-23.43976420873331],[-51.91783232273076,-23.439578088772635],[-51.91859716147591,-23.43939220614808],[-51.91872594030923,-23.43936277119477],[-51.91878886789322,-23.43958608273883],[-51.91893613417355,-23.440116354592348],[-51.91894368367952,-23.440149368690378]]]}},{"type":"Feature","properties":{"NOME":"Zona Armazém","ZONA":9,"COD_BAIRRO_GEO":229,"LT_NOMEFANT":"ZONA 09"},"geometry":{"type":"Polygon","coordinates":[[[-51.933579906760215,-23.41695625103146],[-51.93358458369022,-23.417263715140816],[-51.93395206428334,-23.417260167225983],[-51.93393085659326,-23.41617040710236],[-51.93392282058236,-23.415796935387085],[-51.93300499278377,-23.415806984725563],[-51.933019938471645,-23.41691486136436],[-51.932419507036684,-23.416923061043132],[-51.932138537316334,-23.41693349457624],[-51.93177976296841,-23.416951397057517],[-51.931510247319274,-23.416970518708435],[-51.931078245349994,-23.417013472452332],[-51.930750049001944,-23.41705921164861],[-51.93033652650247,-23.417122973506295],[-51.92990626250564,-23.41720649512324],[-51.92914047970199,-23.417405453631808],[-51.92878238812765,-23.417521420813003],[-51.92726446144841,-23.418053169259252],[-51.92769561777544,-23.41910615335344],[-51.91044567388831,-23.42507126563077],[-51.91052084837022,-23.425124772010008],[-51.91169974971917,-23.425963856281232],[-51.91372035968817,-23.425262379264687],[-51.91532784773813,-23.424704297796126],[-51.916941156045844,-23.424144175219908],[-51.918558808076746,-23.423582523135604],[-51.91966764325963,-23.42319752020065],[-51.92081779316852,-23.422798162239456],[-51.92195061420863,-23.422404811610413],[-51.92303370534662,-23.422028718243208],[-51.92355952731696,-23.421846127324642],[-51.9251851053062,-23.421281635991253],[-51.92645561050508,-23.42084042980701],[-51.92672191258594,-23.420748355057164],[-51.92679333416158,-23.420726115019047],[-51.92712524153067,-23.42062276474645],[-51.92746797032438,-23.420502830624752],[-51.92784250027283,-23.420360600672],[-51.92817539154268,-23.420275215434312],[-51.92831305837102,-23.42023990531825],[-51.928608205838465,-23.420171832316772],[-51.928975105531464,-23.42008122584675],[-51.92937427143733,-23.420034638898507],[-51.929701581672724,-23.41999584708013],[-51.9301168799961,-23.419971268397024],[-51.930803872639274,-23.41995243907087],[-51.93306089032907,-23.419939314857867],[-51.93302053750917,-23.416959107160864],[-51.933193334038826,-23.416960092749537],[-51.933579906760215,-23.41695625103146]]]}},{"type":"Feature","properties":{"NOME":"Zona Central (zona 50)","ZONA":50,"COD_BAIRRO_GEO":330,"LT_NOMEFANT":"ZONA CENTRAL"},"geometry":{"type":"Polygon","coordinates":[[[-51.93646937806799,-23.425769618968904],[-51.936473479815135,-23.425880755473862],[-51.936480012685244,-23.426057740572794],[-51.93650496585915,-23.42616653102811],[-51.93654470461045,-23.42633978180137],[-51.93658975097947,-23.426442920455575],[-51.93666148806954,-23.42660717023746],[-51.93672525884649,-23.426701524787813],[-51.93682681472578,-23.426851783681187],[-51.936907373281855,-23.42693448624833],[-51.937035662991875,-23.42706618886325],[-51.93713056029402,-23.4271347259883],[-51.937281684493584,-23.427243871810926],[-51.93738803794363,-23.427296160764655],[-51.93755740608626,-23.427379431753778],[-51.93767198415709,-23.427413885069015],[-51.93785444934257,-23.427468751439736],[-51.93797377075621,-23.427484320581083],[-51.93816378885115,-23.427509116634084],[-51.938284446822685,-23.427511290997572],[-51.93834201635024,-23.42750478967912],[-51.93859812891435,-23.427475864181517],[-51.93865360002046,-23.42746023575787],[-51.938900378645634,-23.427390710489863],[-51.93895206619764,-23.427366431164703],[-51.93918201128367,-23.4272584187464],[-51.9392283445673,-23.42722622507448],[-51.93943446991992,-23.427083007452282],[-51.939474040483596,-23.427043878887144],[-51.939650084056005,-23.426869807599246],[-51.9396816914861,-23.426824933697844],[-51.93982230140707,-23.426625297769974],[-51.939844983401116,-23.426576040072405],[-51.93994589008689,-23.426356905997054],[-51.93995895841499,-23.426304762580656],[-51.94001709460683,-23.426072788418615],[-51.940020151386456,-23.426019343216876],[-51.94003375249166,-23.425781577466847],[-51.940030813160604,-23.42572799042418],[-51.94002509432755,-23.425629440147997],[-51.93999426506179,-23.42370061545079],[-51.93643131867883,-23.423739813041298],[-51.93646783243509,-23.425657577469334],[-51.93646937806799,-23.425769618968904]]]}},{"type":"Feature","properties":{"NOME":"Zona Industrial","ZONA":10,"COD_BAIRRO_GEO":230,"LT_NOMEFANT":"ZONA 10"},"geometry":{"type":"Polygon","coordinates":[[[-51.91677860084497,-23.417974562339406],[-51.910520486455354,-23.420151369645236],[-51.90939455712564,-23.42051379796445],[-51.90800647616579,-23.420960597460027],[-51.908186565862955,-23.42140314615785],[-51.90854484862432,-23.422283574226448],[-51.90909567699163,-23.423637127739987],[-51.90932915578771,-23.42422075820918],[-51.90946996309965,-23.42437863542785],[-51.91044567388831,-23.42507126563077],[-51.92769561777544,-23.41910615335344],[-51.92726446144841,-23.418053169259252],[-51.92653464142188,-23.418307121582817],[-51.92638001832687,-23.41836856132928],[-51.92617714870447,-23.41841912777857],[-51.926024091079256,-23.418452558219187],[-51.92588682423507,-23.418479921045332],[-51.92578978437412,-23.418496426231826],[-51.92571384796236,-23.418509675747355],[-51.92558367213643,-23.418521730137297],[-51.92534345508451,-23.418543729532438],[-51.92518738893423,-23.418545288055878],[-51.92473387953763,-23.418528725129583],[-51.924075364816076,-23.41844549895661],[-51.92357554811637,-23.418372615607296],[-51.922862159448314,-23.41826381442104],[-51.9226244467659,-23.418232031806152],[-51.92186498558835,-23.41812142797463],[-51.921739657515296,-23.418106238451795],[-51.92166098767487,-23.418093133636983],[-51.9181290816445,-23.41750477315147],[-51.917991300114174,-23.417552703750502],[-51.91677860084497,-23.417974562339406]]]}}]}